symbol,threshold,edge_threshold,tp_atr,sl_atr,max_hold,direction_mode,trend_min,rsi_min,rsi_max,vola_max,spread_atr_max,macd_min,total_r,trades,positive_folds,passed_folds,weighted_win_rate,mean_profit_factor,worst_fold_r,max_drawdown_r,recent_paper_r,gate,cost_multiplier,group,variant
SILVER#,0.56,0.0,5.2,5.2,216,long,0.0,0.0,100.0,1.2,0.75,-999.0,21.7352,71,5,5,0.6338,2.068,1.6995,-2.9309,3.3266,True,1.0,cost_stress,base
XAUEUR#,0.56,0.0,2.6,4.8,216,both,,,,,,,13.8091,41,3,3,0.8293,334.7143,1.7611,-2.3539,6.2837,True,1.0,cost_stress,base
SILVER#,0.56,0.0,5.2,5.2,216,long,0.0,0.0,100.0,1.2,0.75,-999.0,20.755,66,5,5,0.6515,2.3744,1.4058,-3.1878,3.2392,True,2.0,cost_stress,base
XAUEUR#,0.56,0.0,2.6,4.8,216,both,,,,,,,13.5376,41,3,3,0.8293,334.695,1.5789,-2.3818,6.2391,True,2.0,cost_stress,base
SILVER#,0.56,0.0,5.2,5.2,216,long,0.0,0.0,100.0,1.2,0.75,-999.0,16.678,62,5,5,0.6452,2.0522,1.1121,-2.9483,3.1518,True,3.0,cost_stress,base
XAUEUR#,0.56,0.0,2.6,4.8,216,both,,,,,,,13.2662,41,3,3,0.8293,334.6759,1.3968,-2.4097,6.1945,True,3.0,cost_stress,base
SILVER#,0.56,0.0,5.2,5.2,216,long,0.0,0.0,100.0,1.2,0.75,-999.0,9.3704,56,4,3,0.6071,201.1596,-3.1165,-5.9879,3.0643,False,4.0,cost_stress,base
XAUEUR#,0.56,0.0,2.6,4.8,216,both,,,,,,,12.9947,41,3,3,0.8293,334.6571,1.2146,-2.4377,6.1499,True,4.0,cost_stress,base
SILVER#,0.56,0.0,5.2,5.2,216,long,0.0,0.0,100.0,1.2,0.75,-999.0,7.6014,37,4,2,0.6216,201.0508,-2.631,-2.9526,2.9769,False,5.0,cost_stress,base
XAUEUR#,0.56,0.0,2.6,4.8,216,both,,,,,,,12.7233,41,3,3,0.8293,334.6385,1.0325,-2.4656,6.1053,True,5.0,cost_stress,base
SILVER#,0.54,0.0,4.4,5.2,216,long,0.0,0.0,100.0,1.0,0.75,-999.0,11.5878,67,5,5,0.6717,1.4544,0.9437,-4.2805,3.4601,False,3.0,neighborhood_3x,variant_1
SILVER#,0.54,0.0,4.4,5.2,216,long,0.0,0.0,100.0,1.2,0.75,-999.0,12.4665,73,5,5,0.6576,1.8389,1.7066,-4.2805,2.6886,True,3.0,neighborhood_3x,variant_2
SILVER#,0.54,0.0,4.4,5.2,216,long,0.0,0.0,100.0,1.4,0.75,-999.0,15.2684,75,5,5,0.6667,2.1142,2.4726,-4.2805,2.6886,True,3.0,neighborhood_3x,variant_3
SILVER#,0.54,0.0,4.4,5.2,336,long,0.0,0.0,100.0,1.0,0.75,-999.0,12.1203,67,5,5,0.6717,1.4631,0.9437,-4.2805,3.4601,True,3.0,neighborhood_3x,variant_4
SILVER#,0.54,0.0,4.4,5.2,336,long,0.0,0.0,100.0,1.2,0.75,-999.0,12.5329,72,5,5,0.6667,1.9124,0.912,-4.2805,2.6886,True,3.0,neighborhood_3x,variant_5
SILVER#,0.54,0.0,4.4,5.2,336,long,0.0,0.0,100.0,1.4,0.75,-999.0,14.1647,74,5,5,0.6622,1.9866,1.5617,-4.2805,2.6886,True,3.0,neighborhood_3x,variant_6
SILVER#,0.54,0.0,4.4,6.0,216,long,0.0,0.0,100.0,1.0,0.75,-999.0,12.7594,63,5,4,0.7302,1.7649,0.0006,-2.7668,5.2265,False,3.0,neighborhood_3x,variant_7
SILVER#,0.54,0.0,4.4,6.0,216,long,0.0,0.0,100.0,1.2,0.75,-999.0,12.8431,71,5,4,0.7042,1.8648,0.5043,-2.7668,4.5242,False,3.0,neighborhood_3x,variant_8
SILVER#,0.54,0.0,4.4,6.0,216,long,0.0,0.0,100.0,1.4,0.75,-999.0,13.4959,73,5,5,0.6986,1.9408,1.5887,-2.7668,4.5242,True,3.0,neighborhood_3x,variant_9
SILVER#,0.54,0.0,4.4,6.0,336,long,0.0,0.0,100.0,1.0,0.75,-999.0,13.5651,63,5,4,0.7302,1.8261,0.0006,-2.7668,5.2265,False,3.0,neighborhood_3x,variant_10
SILVER#,0.54,0.0,4.4,6.0,336,long,0.0,0.0,100.0,1.2,0.75,-999.0,13.0401,70,5,4,0.7143,1.8714,0.5043,-2.7668,4.5242,False,3.0,neighborhood_3x,variant_11
SILVER#,0.54,0.0,4.4,6.0,336,long,0.0,0.0,100.0,1.4,0.75,-999.0,12.2108,72,5,4,0.6944,1.824,0.6069,-2.8646,4.5242,False,3.0,neighborhood_3x,variant_12
SILVER#,0.54,0.0,4.4,7.0,216,long,0.0,0.0,100.0,1.0,0.75,-999.0,9.6232,62,5,4,0.7419,1.804,0.0005,-2.5701,4.9743,False,3.0,neighborhood_3x,variant_13
SILVER#,0.54,0.0,4.4,7.0,216,long,0.0,0.0,100.0,1.2,0.75,-999.0,8.5665,67,4,3,0.7015,1.8974,-0.6939,-2.4141,4.3405,False,3.0,neighborhood_3x,variant_14
SILVER#,0.54,0.0,4.4,7.0,216,long,0.0,0.0,100.0,1.4,0.75,-999.0,9.998,69,5,4,0.7102,1.9946,0.0186,-2.4107,4.3405,False,3.0,neighborhood_3x,variant_15
SILVER#,0.54,0.0,4.4,7.0,336,long,0.0,0.0,100.0,1.0,0.75,-999.0,10.1632,61,5,4,0.7377,1.8386,0.0005,-2.3347,4.5621,False,3.0,neighborhood_3x,variant_16
SILVER#,0.54,0.0,4.4,7.0,336,long,0.0,0.0,100.0,1.2,0.75,-999.0,9.6506,63,5,3,0.7302,1.8991,0.4323,-2.3758,3.9601,False,3.0,neighborhood_3x,variant_17
SILVER#,0.54,0.0,4.4,7.0,336,long,0.0,0.0,100.0,1.4,0.75,-999.0,10.6894,64,5,5,0.7344,1.9344,0.8306,-2.3078,3.9601,False,3.0,neighborhood_3x,variant_18
SILVER#,0.54,0.0,5.2,5.2,216,long,0.0,0.0,100.0,1.0,0.75,-999.0,11.9316,62,5,4,0.629,1.4824,0.1707,-3.3899,3.8565,False,3.0,neighborhood_3x,variant_19
SILVER#,0.54,0.0,5.2,5.2,216,long,0.0,0.0,100.0,1.2,0.75,-999.0,13.1586,69,5,5,0.6232,1.586,2.1012,-3.1564,2.7374,True,3.0,neighborhood_3x,variant_20
SILVER#,0.54,0.0,5.2,5.2,216,long,0.0,0.0,100.0,1.4,0.75,-999.0,10.3998,69,5,4,0.5797,1.4303,1.207,-3.1567,2.7374,False,3.0,neighborhood_3x,variant_21
SILVER#,0.54,0.0,5.2,5.2,336,long,0.0,0.0,100.0,1.0,0.75,-999.0,12.7119,61,5,4,0.623,1.5015,0.1707,-3.3899,3.8565,False,3.0,neighborhood_3x,variant_22
SILVER#,0.54,0.0,5.2,5.2,336,long,0.0,0.0,100.0,1.2,0.75,-999.0,13.2934,67,5,5,0.6269,1.5727,1.3066,-3.1564,2.7374,True,3.0,neighborhood_3x,variant_23
SILVER#,0.54,0.0,5.2,5.2,336,long,0.0,0.0,100.0,1.4,0.75,-999.0,11.352,67,5,3,0.597,1.5321,0.0536,-4.1071,2.7374,False,3.0,neighborhood_3x,variant_24
SILVER#,0.54,0.0,5.2,6.0,216,long,0.0,0.0,100.0,1.0,0.75,-999.0,12.4233,60,5,5,0.6834,1.7943,1.6815,-3.1361,2.7893,True,3.0,neighborhood_3x,variant_25
SILVER#,0.54,0.0,5.2,6.0,216,long,0.0,0.0,100.0,1.2,0.75,-999.0,12.4031,68,5,5,0.6765,1.9365,1.4104,-3.1361,1.8194,True,3.0,neighborhood_3x,variant_26
SILVER#,0.54,0.0,5.2,6.0,216,long,0.0,0.0,100.0,1.4,0.75,-999.0,8.2178,68,5,4,0.6029,1.5155,0.8951,-3.1361,1.8194,False,3.0,neighborhood_3x,variant_27
SILVER#,0.54,0.0,5.2,6.0,336,long,0.0,0.0,100.0,1.0,0.75,-999.0,13.4438,59,5,5,0.678,1.8687,1.6815,-3.1361,2.7893,False,3.0,neighborhood_3x,variant_28
SILVER#,0.54,0.0,5.2,6.0,336,long,0.0,0.0,100.0,1.2,0.75,-999.0,12.4919,66,5,5,0.6667,1.8617,1.4104,-3.1361,1.8194,True,3.0,neighborhood_3x,variant_29
SILVER#,0.54,0.0,5.2,6.0,336,long,0.0,0.0,100.0,1.4,0.75,-999.0,9.7698,65,5,3,0.6308,1.7605,0.2954,-3.3106,1.8194,False,3.0,neighborhood_3x,variant_30
SILVER#,0.54,0.0,5.2,7.0,216,long,0.0,0.0,100.0,1.0,0.75,-999.0,8.5292,59,5,4,0.6949,1.7021,0.9985,-2.5701,2.351,False,3.0,neighborhood_3x,variant_31
SILVER#,0.54,0.0,5.2,7.0,216,long,0.0,0.0,100.0,1.2,0.75,-999.0,9.9447,64,5,5,0.6875,1.906,1.2089,-2.4141,1.5795,False,3.0,neighborhood_3x,variant_32
SILVER#,0.54,0.0,5.2,7.0,216,long,0.0,0.0,100.0,1.4,0.75,-999.0,7.6568,65,5,4,0.6307,1.5279,0.5721,-2.5187,1.5795,False,3.0,neighborhood_3x,variant_33
SILVER#,0.54,0.0,5.2,7.0,336,long,0.0,0.0,100.0,1.0,0.75,-999.0,9.6038,57,5,5,0.6842,1.7731,0.9985,-1.7993,2.2405,False,3.0,neighborhood_3x,variant_34
SILVER#,0.54,0.0,5.2,7.0,336,long,0.0,0.0,100.0,1.2,0.75,-999.0,10.1201,60,5,5,0.6833,1.8327,1.2089,-2.3758,1.469,False,3.0,neighborhood_3x,variant_35
SILVER#,0.54,0.0,5.2,7.0,336,long,0.0,0.0,100.0,1.4,0.75,-999.0,10.7036,60,5,5,0.6834,1.87,1.1238,-2.3078,1.469,False,3.0,neighborhood_3x,variant_36
SILVER#,0.54,0.0,6.0,6.0,216,long,0.0,0.0,100.0,1.0,0.75,-999.0,14.7055,51,5,4,0.6863,2.1682,1.2962,-2.906,3.2569,False,3.0,neighborhood_3x,variant_37
SILVER#,0.54,0.0,6.0,6.0,216,long,0.0,0.0,100.0,1.2,0.75,-999.0,14.6302,61,5,5,0.6558,1.9786,1.8705,-2.906,2.4788,True,3.0,neighborhood_3x,variant_38
SILVER#,0.54,0.0,6.0,6.0,216,long,0.0,0.0,100.0,1.4,0.75,-999.0,11.0395,63,5,3,0.6032,1.8375,0.8757,-2.906,2.4788,False,3.0,neighborhood_3x,variant_39
SILVER#,0.54,0.0,6.0,6.0,336,long,0.0,0.0,100.0,1.0,0.75,-999.0,15.9304,50,5,4,0.68,2.2798,1.2962,-2.906,3.2569,False,3.0,neighborhood_3x,variant_40
SILVER#,0.54,0.0,6.0,6.0,336,long,0.0,0.0,100.0,1.2,0.75,-999.0,14.3717,59,5,5,0.6441,1.9588,1.5813,-2.906,1.5813,False,3.0,neighborhood_3x,variant_41
SILVER#,0.54,0.0,6.0,6.0,336,long,0.0,0.0,100.0,1.4,0.75,-999.0,9.9723,60,5,3,0.5833,1.7637,0.9479,-3.0123,1.5813,False,3.0,neighborhood_3x,variant_42
SILVER#,0.54,0.0,6.0,7.0,216,long,0.0,0.0,100.0,1.0,0.75,-999.0,10.322,49,5,4,0.6939,2.0964,1.111,-2.5701,1.8433,False,3.0,neighborhood_3x,variant_43
SILVER#,0.54,0.0,6.0,7.0,216,long,0.0,0.0,100.0,1.2,0.75,-999.0,10.3596,58,5,5,0.6552,1.8876,1.1763,-2.4141,1.1763,False,3.0,neighborhood_3x,variant_44
SILVER#,0.54,0.0,6.0,7.0,216,long,0.0,0.0,100.0,1.4,0.75,-999.0,9.2651,59,5,4,0.6271,1.8132,1.143,-2.4107,1.1763,False,3.0,neighborhood_3x,variant_45
SILVER#,0.54,0.0,6.0,7.0,336,long,0.0,0.0,100.0,1.0,0.75,-999.0,12.5661,48,5,4,0.6875,2.2597,1.111,-1.602,2.7271,False,3.0,neighborhood_3x,variant_46
SILVER#,0.54,0.0,6.0,7.0,336,long,0.0,0.0,100.0,1.2,0.75,-999.0,11.1761,55,5,5,0.6545,1.9063,1.2908,-2.3758,1.2908,False,3.0,neighborhood_3x,variant_47
SILVER#,0.54,0.0,6.0,7.0,336,long,0.0,0.0,100.0,1.4,0.75,-999.0,10.8377,55,5,5,0.6364,1.8737,1.2908,-2.3078,1.2908,False,3.0,neighborhood_3x,variant_48
SILVER#,0.54,0.05,4.4,5.2,216,long,0.0,0.0,100.0,1.0,0.75,-999.0,11.5878,67,5,5,0.6717,1.4544,0.9437,-4.2805,3.4601,False,3.0,neighborhood_3x,variant_49
SILVER#,0.54,0.05,4.4,5.2,216,long,0.0,0.0,100.0,1.2,0.75,-999.0,12.4665,73,5,5,0.6576,1.8389,1.7066,-4.2805,2.6886,True,3.0,neighborhood_3x,variant_50
SILVER#,0.54,0.05,4.4,5.2,216,long,0.0,0.0,100.0,1.4,0.75,-999.0,15.2684,75,5,5,0.6667,2.1142,2.4726,-4.2805,2.6886,True,3.0,neighborhood_3x,variant_51
SILVER#,0.54,0.05,4.4,5.2,336,long,0.0,0.0,100.0,1.0,0.75,-999.0,12.1203,67,5,5,0.6717,1.4631,0.9437,-4.2805,3.4601,True,3.0,neighborhood_3x,variant_52
SILVER#,0.54,0.05,4.4,5.2,336,long,0.0,0.0,100.0,1.2,0.75,-999.0,12.5329,72,5,5,0.6667,1.9124,0.912,-4.2805,2.6886,True,3.0,neighborhood_3x,variant_53
SILVER#,0.54,0.05,4.4,5.2,336,long,0.0,0.0,100.0,1.4,0.75,-999.0,14.1647,74,5,5,0.6622,1.9866,1.5617,-4.2805,2.6886,True,3.0,neighborhood_3x,variant_54
SILVER#,0.54,0.05,4.4,6.0,216,long,0.0,0.0,100.0,1.0,0.75,-999.0,12.7594,63,5,4,0.7302,1.7649,0.0006,-2.7668,5.2265,False,3.0,neighborhood_3x,variant_55
SILVER#,0.54,0.05,4.4,6.0,216,long,0.0,0.0,100.0,1.2,0.75,-999.0,12.8431,71,5,4,0.7042,1.8648,0.5043,-2.7668,4.5242,False,3.0,neighborhood_3x,variant_56
SILVER#,0.54,0.05,4.4,6.0,216,long,0.0,0.0,100.0,1.4,0.75,-999.0,13.4959,73,5,5,0.6986,1.9408,1.5887,-2.7668,4.5242,True,3.0,neighborhood_3x,variant_57
SILVER#,0.54,0.05,4.4,6.0,336,long,0.0,0.0,100.0,1.0,0.75,-999.0,13.5651,63,5,4,0.7302,1.8261,0.0006,-2.7668,5.2265,False,3.0,neighborhood_3x,variant_58
SILVER#,0.54,0.05,4.4,6.0,336,long,0.0,0.0,100.0,1.2,0.75,-999.0,13.0401,70,5,4,0.7143,1.8714,0.5043,-2.7668,4.5242,False,3.0,neighborhood_3x,variant_59
SILVER#,0.54,0.05,4.4,6.0,336,long,0.0,0.0,100.0,1.4,0.75,-999.0,12.2108,72,5,4,0.6944,1.824,0.6069,-2.8646,4.5242,False,3.0,neighborhood_3x,variant_60
SILVER#,0.54,0.05,4.4,7.0,216,long,0.0,0.0,100.0,1.0,0.75,-999.0,9.6232,62,5,4,0.7419,1.804,0.0005,-2.5701,4.9743,False,3.0,neighborhood_3x,variant_61
SILVER#,0.54,0.05,4.4,7.0,216,long,0.0,0.0,100.0,1.2,0.75,-999.0,8.5665,67,4,3,0.7015,1.8974,-0.6939,-2.4141,4.3405,False,3.0,neighborhood_3x,variant_62
SILVER#,0.54,0.05,4.4,7.0,216,long,0.0,0.0,100.0,1.4,0.75,-999.0,9.998,69,5,4,0.7102,1.9946,0.0186,-2.4107,4.3405,False,3.0,neighborhood_3x,variant_63
SILVER#,0.54,0.05,4.4,7.0,336,long,0.0,0.0,100.0,1.0,0.75,-999.0,10.1632,61,5,4,0.7377,1.8386,0.0005,-2.3347,4.5621,False,3.0,neighborhood_3x,variant_64
SILVER#,0.54,0.05,4.4,7.0,336,long,0.0,0.0,100.0,1.2,0.75,-999.0,9.6506,63,5,3,0.7302,1.8991,0.4323,-2.3758,3.9601,False,3.0,neighborhood_3x,variant_65
SILVER#,0.54,0.05,4.4,7.0,336,long,0.0,0.0,100.0,1.4,0.75,-999.0,10.6894,64,5,5,0.7344,1.9344,0.8306,-2.3078,3.9601,False,3.0,neighborhood_3x,variant_66
SILVER#,0.54,0.05,5.2,5.2,216,long,0.0,0.0,100.0,1.0,0.75,-999.0,11.9316,62,5,4,0.629,1.4824,0.1707,-3.3899,3.8565,False,3.0,neighborhood_3x,variant_67
SILVER#,0.54,0.05,5.2,5.2,216,long,0.0,0.0,100.0,1.2,0.75,-999.0,13.1586,69,5,5,0.6232,1.586,2.1012,-3.1564,2.7374,True,3.0,neighborhood_3x,variant_68
SILVER#,0.54,0.05,5.2,5.2,216,long,0.0,0.0,100.0,1.4,0.75,-999.0,10.3998,69,5,4,0.5797,1.4303,1.207,-3.1567,2.7374,False,3.0,neighborhood_3x,variant_69
SILVER#,0.54,0.05,5.2,5.2,336,long,0.0,0.0,100.0,1.0,0.75,-999.0,12.7119,61,5,4,0.623,1.5015,0.1707,-3.3899,3.8565,False,3.0,neighborhood_3x,variant_70
SILVER#,0.54,0.05,5.2,5.2,336,long,0.0,0.0,100.0,1.2,0.75,-999.0,13.2934,67,5,5,0.6269,1.5727,1.3066,-3.1564,2.7374,True,3.0,neighborhood_3x,variant_71
SILVER#,0.54,0.05,5.2,5.2,336,long,0.0,0.0,100.0,1.4,0.75,-999.0,11.352,67,5,3,0.597,1.5321,0.0536,-4.1071,2.7374,False,3.0,neighborhood_3x,variant_72
SILVER#,0.54,0.05,5.2,6.0,216,long,0.0,0.0,100.0,1.0,0.75,-999.0,12.4233,60,5,5,0.6834,1.7943,1.6815,-3.1361,2.7893,True,3.0,neighborhood_3x,variant_73
SILVER#,0.54,0.05,5.2,6.0,216,long,0.0,0.0,100.0,1.2,0.75,-999.0,12.4031,68,5,5,0.6765,1.9365,1.4104,-3.1361,1.8194,True,3.0,neighborhood_3x,variant_74
SILVER#,0.54,0.05,5.2,6.0,216,long,0.0,0.0,100.0,1.4,0.75,-999.0,8.2178,68,5,4,0.6029,1.5155,0.8951,-3.1361,1.8194,False,3.0,neighborhood_3x,variant_75
SILVER#,0.54,0.05,5.2,6.0,336,long,0.0,0.0,100.0,1.0,0.75,-999.0,13.4438,59,5,5,0.678,1.8687,1.6815,-3.1361,2.7893,False,3.0,neighborhood_3x,variant_76
SILVER#,0.54,0.05,5.2,6.0,336,long,0.0,0.0,100.0,1.2,0.75,-999.0,12.4919,66,5,5,0.6667,1.8617,1.4104,-3.1361,1.8194,True,3.0,neighborhood_3x,variant_77
SILVER#,0.54,0.05,5.2,6.0,336,long,0.0,0.0,100.0,1.4,0.75,-999.0,9.7698,65,5,3,0.6308,1.7605,0.2954,-3.3106,1.8194,False,3.0,neighborhood_3x,variant_78
SILVER#,0.54,0.05,5.2,7.0,216,long,0.0,0.0,100.0,1.0,0.75,-999.0,8.5292,59,5,4,0.6949,1.7021,0.9985,-2.5701,2.351,False,3.0,neighborhood_3x,variant_79
SILVER#,0.54,0.05,5.2,7.0,216,long,0.0,0.0,100.0,1.2,0.75,-999.0,9.9447,64,5,5,0.6875,1.906,1.2089,-2.4141,1.5795,False,3.0,neighborhood_3x,variant_80
SILVER#,0.54,0.05,5.2,7.0,216,long,0.0,0.0,100.0,1.4,0.75,-999.0,7.6568,65,5,4,0.6307,1.5279,0.5721,-2.5187,1.5795,False,3.0,neighborhood_3x,variant_81
SILVER#,0.54,0.05,5.2,7.0,336,long,0.0,0.0,100.0,1.0,0.75,-999.0,9.6038,57,5,5,0.6842,1.7731,0.9985,-1.7993,2.2405,False,3.0,neighborhood_3x,variant_82
SILVER#,0.54,0.05,5.2,7.0,336,long,0.0,0.0,100.0,1.2,0.75,-999.0,10.1201,60,5,5,0.6833,1.8327,1.2089,-2.3758,1.469,False,3.0,neighborhood_3x,variant_83
SILVER#,0.54,0.05,5.2,7.0,336,long,0.0,0.0,100.0,1.4,0.75,-999.0,10.7036,60,5,5,0.6834,1.87,1.1238,-2.3078,1.469,False,3.0,neighborhood_3x,variant_84
SILVER#,0.54,0.05,6.0,6.0,216,long,0.0,0.0,100.0,1.0,0.75,-999.0,14.7055,51,5,4,0.6863,2.1682,1.2962,-2.906,3.2569,False,3.0,neighborhood_3x,variant_85
SILVER#,0.54,0.05,6.0,6.0,216,long,0.0,0.0,100.0,1.2,0.75,-999.0,14.6302,61,5,5,0.6558,1.9786,1.8705,-2.906,2.4788,True,3.0,neighborhood_3x,variant_86
SILVER#,0.54,0.05,6.0,6.0,216,long,0.0,0.0,100.0,1.4,0.75,-999.0,11.0395,63,5,3,0.6032,1.8375,0.8757,-2.906,2.4788,False,3.0,neighborhood_3x,variant_87
SILVER#,0.54,0.05,6.0,6.0,336,long,0.0,0.0,100.0,1.0,0.75,-999.0,15.9304,50,5,4,0.68,2.2798,1.2962,-2.906,3.2569,False,3.0,neighborhood_3x,variant_88
SILVER#,0.54,0.05,6.0,6.0,336,long,0.0,0.0,100.0,1.2,0.75,-999.0,14.3717,59,5,5,0.6441,1.9588,1.5813,-2.906,1.5813,False,3.0,neighborhood_3x,variant_89
SILVER#,0.54,0.05,6.0,6.0,336,long,0.0,0.0,100.0,1.4,0.75,-999.0,9.9723,60,5,3,0.5833,1.7637,0.9479,-3.0123,1.5813,False,3.0,neighborhood_3x,variant_90
SILVER#,0.54,0.05,6.0,7.0,216,long,0.0,0.0,100.0,1.0,0.75,-999.0,10.322,49,5,4,0.6939,2.0964,1.111,-2.5701,1.8433,False,3.0,neighborhood_3x,variant_91
SILVER#,0.54,0.05,6.0,7.0,216,long,0.0,0.0,100.0,1.2,0.75,-999.0,10.3596,58,5,5,0.6552,1.8876,1.1763,-2.4141,1.1763,False,3.0,neighborhood_3x,variant_92
SILVER#,0.54,0.05,6.0,7.0,216,long,0.0,0.0,100.0,1.4,0.75,-999.0,9.2651,59,5,4,0.6271,1.8132,1.143,-2.4107,1.1763,False,3.0,neighborhood_3x,variant_93
SILVER#,0.54,0.05,6.0,7.0,336,long,0.0,0.0,100.0,1.0,0.75,-999.0,12.5661,48,5,4,0.6875,2.2597,1.111,-1.602,2.7271,False,3.0,neighborhood_3x,variant_94
SILVER#,0.54,0.05,6.0,7.0,336,long,0.0,0.0,100.0,1.2,0.75,-999.0,11.1761,55,5,5,0.6545,1.9063,1.2908,-2.3758,1.2908,False,3.0,neighborhood_3x,variant_95
SILVER#,0.54,0.05,6.0,7.0,336,long,0.0,0.0,100.0,1.4,0.75,-999.0,10.8377,55,5,5,0.6364,1.8737,1.2908,-2.3078,1.2908,False,3.0,neighborhood_3x,variant_96
SILVER#,0.56,0.0,4.4,5.2,216,long,0.0,0.0,100.0,1.0,0.75,-999.0,8.8874,56,3,3,0.6607,1.3505,-0.5788,-4.0042,3.1025,False,3.0,neighborhood_3x,variant_97
SILVER#,0.56,0.0,4.4,5.2,216,long,0.0,0.0,100.0,1.2,0.75,-999.0,13.0637,67,5,4,0.6717,1.7832,0.5269,-4.0042,3.1264,False,3.0,neighborhood_3x,variant_98
SILVER#,0.56,0.0,4.4,5.2,216,long,0.0,0.0,100.0,1.4,0.75,-999.0,12.0699,69,5,5,0.6667,1.537,0.8877,-4.0042,3.1264,True,3.0,neighborhood_3x,variant_99
SILVER#,0.56,0.0,4.4,5.2,336,long,0.0,0.0,100.0,1.0,0.75,-999.0,9.234,56,3,3,0.6607,1.3553,-0.5788,-4.0042,3.1025,False,3.0,neighborhood_3x,variant_100
SILVER#,0.56,0.0,4.4,5.2,336,long,0.0,0.0,100.0,1.2,0.75,-999.0,12.9442,66,4,3,0.6818,1.8347,-0.2677,-4.0042,3.1264,False,3.0,neighborhood_3x,variant_101
SILVER#,0.56,0.0,4.4,5.2,336,long,0.0,0.0,100.0,1.4,0.75,-999.0,11.6274,69,4,4,0.6667,1.4888,-0.2658,-4.0042,3.1264,False,3.0,neighborhood_3x,variant_102
SILVER#,0.56,0.0,4.4,6.0,216,long,0.0,0.0,100.0,1.0,0.75,-999.0,10.1071,51,4,3,0.7255,1.6038,-0.661,-2.6726,4.4623,False,3.0,neighborhood_3x,variant_103
SILVER#,0.56,0.0,4.4,6.0,216,long,0.0,0.0,100.0,1.2,0.75,-999.0,12.4068,63,5,5,0.7143,1.8276,1.3553,-2.6726,4.4493,True,3.0,neighborhood_3x,variant_104
SILVER#,0.56,0.0,4.4,6.0,216,long,0.0,0.0,100.0,1.4,0.75,-999.0,10.1533,65,5,4,0.7077,1.7778,0.2648,-2.957,4.4493,False,3.0,neighborhood_3x,variant_105
SILVER#,0.56,0.0,4.4,6.0,336,long,0.0,0.0,100.0,1.0,0.75,-999.0,10.7518,51,4,3,0.7255,1.6605,-0.661,-2.6726,4.4623,False,3.0,neighborhood_3x,variant_106
SILVER#,0.56,0.0,4.4,6.0,336,long,0.0,0.0,100.0,1.2,0.75,-999.0,12.4427,62,5,4,0.7258,1.8312,1.0616,-2.6726,4.4493,False,3.0,neighborhood_3x,variant_107
SILVER#,0.56,0.0,4.4,6.0,336,long,0.0,0.0,100.0,1.4,0.75,-999.0,9.3505,64,4,4,0.7031,1.7371,-1.0214,-4.2432,4.4493,False,3.0,neighborhood_3x,variant_108
SILVER#,0.56,0.0,4.4,7.0,216,long,0.0,0.0,100.0,1.0,0.75,-999.0,7.6935,50,4,2,0.74,1.8449,-0.5666,-2.5701,4.3192,False,3.0,neighborhood_3x,variant_109
SILVER#,0.56,0.0,4.4,7.0,216,long,0.0,0.0,100.0,1.2,0.75,-999.0,10.0837,60,5,5,0.7333,2.069,1.1617,-2.4141,4.3462,False,3.0,neighborhood_3x,variant_110
SILVER#,0.56,0.0,4.4,7.0,216,long,0.0,0.0,100.0,1.4,0.75,-999.0,8.3669,62,5,3,0.7258,2.0409,0.2371,-2.5245,4.3462,False,3.0,neighborhood_3x,variant_111
SILVER#,0.56,0.0,4.4,7.0,336,long,0.0,0.0,100.0,1.0,0.75,-999.0,8.1444,49,4,3,0.7347,1.8504,-0.5666,-2.4238,3.907,False,3.0,neighborhood_3x,variant_112
SILVER#,0.56,0.0,4.4,7.0,336,long,0.0,0.0,100.0,1.2,0.75,-999.0,9.7421,58,5,3,0.7414,2.0101,0.4824,-2.3758,3.8958,False,3.0,neighborhood_3x,variant_113
SILVER#,0.56,0.0,4.4,7.0,336,long,0.0,0.0,100.0,1.4,0.75,-999.0,7.1478,60,4,4,0.7167,1.9299,-1.2564,-4.018,3.8958,False,3.0,neighborhood_3x,variant_114
SILVER#,0.56,0.0,5.2,5.2,216,long,0.0,0.0,100.0,1.0,0.75,-999.0,10.9495,52,3,3,0.6346,1.4648,-0.4236,-3.3899,3.196,False,3.0,neighborhood_3x,variant_115
SILVER#,0.56,0.0,5.2,5.2,216,long,0.0,0.0,100.0,1.2,0.75,-999.0,16.678,62,5,5,0.6452,2.0522,1.1121,-2.9483,3.1518,True,3.0,neighborhood_3x,variant_116
SILVER#,0.56,0.0,5.2,5.2,216,long,0.0,0.0,100.0,1.4,0.75,-999.0,15.2503,62,5,3,0.629,1.989,1.3649,-3.1567,3.1518,False,3.0,neighborhood_3x,variant_117
SILVER#,0.56,0.0,5.2,5.2,336,long,0.0,0.0,100.0,1.0,0.75,-999.0,11.7297,51,3,3,0.6275,1.4855,-0.4236,-3.3899,3.196,False,3.0,neighborhood_3x,variant_118
SILVER#,0.56,0.0,5.2,5.2,336,long,0.0,0.0,100.0,1.2,0.75,-999.0,16.8129,60,5,3,0.65,2.1048,0.3176,-3.7428,3.1518,False,3.0,neighborhood_3x,variant_119
SILVER#,0.56,0.0,5.2,5.2,336,long,0.0,0.0,100.0,1.4,0.75,-999.0,14.877,61,5,3,0.6229,1.9437,0.2114,-3.8275,3.1518,False,3.0,neighborhood_3x,variant_120
SILVER#,0.56,0.0,5.2,6.0,216,long,0.0,0.0,100.0,1.0,0.75,-999.0,9.688,49,4,3,0.6735,1.4736,-0.5214,-2.6726,2.4939,False,3.0,neighborhood_3x,variant_121
SILVER#,0.56,0.0,5.2,6.0,216,long,0.0,0.0,100.0,1.2,0.75,-999.0,13.4894,60,5,5,0.6667,1.8231,2.1181,-2.6726,2.4556,True,3.0,neighborhood_3x,variant_122
SILVER#,0.56,0.0,5.2,6.0,216,long,0.0,0.0,100.0,1.4,0.75,-999.0,9.929,60,5,3,0.6333,1.6455,0.6784,-2.822,2.4556,False,3.0,neighborhood_3x,variant_123
SILVER#,0.56,0.0,5.2,6.0,336,long,0.0,0.0,100.0,1.0,0.75,-999.0,10.7086,48,4,3,0.6667,1.5488,-0.5214,-2.6726,2.4939,False,3.0,neighborhood_3x,variant_124
SILVER#,0.56,0.0,5.2,6.0,336,long,0.0,0.0,100.0,1.2,0.75,-999.0,13.7457,58,5,4,0.6724,1.8223,1.5689,-2.6726,2.4556,False,3.0,neighborhood_3x,variant_125
SILVER#,0.56,0.0,5.2,6.0,336,long,0.0,0.0,100.0,1.4,0.75,-999.0,9.319,59,4,3,0.6271,1.6019,-0.6078,-4.1082,2.4556,False,3.0,neighborhood_3x,variant_126
SILVER#,0.56,0.0,5.2,7.0,216,long,0.0,0.0,100.0,1.0,0.75,-999.0,5.8589,47,4,3,0.6809,1.3916,-0.4469,-2.5701,1.1229,False,3.0,neighborhood_3x,variant_127
SILVER#,0.56,0.0,5.2,7.0,216,long,0.0,0.0,100.0,1.2,0.75,-999.0,9.5642,56,5,5,0.6786,1.7388,1.1498,-2.4141,1.1498,False,3.0,neighborhood_3x,variant_128
SILVER#,0.56,0.0,5.2,7.0,216,long,0.0,0.0,100.0,1.4,0.75,-999.0,7.1748,57,5,3,0.6491,1.5933,0.5915,-2.4107,1.1498,False,3.0,neighborhood_3x,variant_129
SILVER#,0.56,0.0,5.2,7.0,336,long,0.0,0.0,100.0,1.0,0.75,-999.0,6.9336,45,4,3,0.6667,1.4627,-0.4469,-1.6144,1.0124,False,3.0,neighborhood_3x,variant_130
SILVER#,0.56,0.0,5.2,7.0,336,long,0.0,0.0,100.0,1.2,0.75,-999.0,9.7514,53,5,4,0.6793,1.7328,0.9172,-2.3758,1.0393,False,3.0,neighborhood_3x,variant_131
SILVER#,0.56,0.0,5.2,7.0,336,long,0.0,0.0,100.0,1.4,0.75,-999.0,6.4608,55,4,3,0.6364,1.5364,-0.902,-3.9023,1.0393,False,3.0,neighborhood_3x,variant_132
SILVER#,0.56,0.0,6.0,6.0,216,long,0.0,0.0,100.0,1.0,0.75,-999.0,12.7872,42,4,3,0.6905,1.6862,-0.2728,-2.6726,3.701,False,3.0,neighborhood_3x,variant_133
SILVER#,0.56,0.0,6.0,6.0,216,long,0.0,0.0,100.0,1.2,0.75,-999.0,16.2051,53,5,4,0.6793,1.933,1.7227,-2.6726,2.9229,False,3.0,neighborhood_3x,variant_134
SILVER#,0.56,0.0,6.0,6.0,216,long,0.0,0.0,100.0,1.4,0.75,-999.0,13.1635,54,5,4,0.6481,1.8418,1.2617,-2.6726,2.9229,False,3.0,neighborhood_3x,variant_135
SILVER#,0.56,0.0,6.0,6.0,336,long,0.0,0.0,100.0,1.0,0.75,-999.0,14.0122,41,4,3,0.6829,1.8085,-0.2728,-2.6726,3.701,False,3.0,neighborhood_3x,variant_136
SILVER#,0.56,0.0,6.0,6.0,336,long,0.0,0.0,100.0,1.2,0.75,-999.0,16.8861,52,5,4,0.6731,2.0374,2.0254,-2.6726,2.0254,False,3.0,neighborhood_3x,variant_137
SILVER#,0.56,0.0,6.0,6.0,336,long,0.0,0.0,100.0,1.4,0.75,-999.0,11.6741,53,4,3,0.6227,1.7326,-0.0245,-3.9462,2.0254,False,3.0,neighborhood_3x,variant_138
SILVER#,0.56,0.0,6.0,7.0,216,long,0.0,0.0,100.0,1.0,0.75,-999.0,8.9755,40,4,3,0.7,1.6143,-0.2338,-2.5701,2.1449,False,3.0,neighborhood_3x,variant_139
SILVER#,0.56,0.0,6.0,7.0,216,long,0.0,0.0,100.0,1.2,0.75,-999.0,11.7526,51,5,4,0.6863,1.8278,1.4766,-2.4141,1.478,False,3.0,neighborhood_3x,variant_140
SILVER#,0.56,0.0,6.0,7.0,216,long,0.0,0.0,100.0,1.4,0.75,-999.0,10.1926,51,5,4,0.6667,1.7962,1.0915,-2.4107,1.478,False,3.0,neighborhood_3x,variant_141
SILVER#,0.56,0.0,6.0,7.0,336,long,0.0,0.0,100.0,1.0,0.75,-999.0,11.2197,39,4,3,0.6923,1.8138,-0.2338,-1.5483,3.0287,False,3.0,neighborhood_3x,variant_142
SILVER#,0.56,0.0,6.0,7.0,336,long,0.0,0.0,100.0,1.2,0.75,-999.0,13.2979,50,5,4,0.68,1.9799,1.5925,-2.3758,1.5925,False,3.0,neighborhood_3x,variant_143
SILVER#,0.56,0.0,6.0,7.0,336,long,0.0,0.0,100.0,1.4,0.75,-999.0,9.7191,50,4,3,0.64,1.7332,-0.402,-3.7635,1.5925,False,3.0,neighborhood_3x,variant_144
SILVER#,0.56,0.05,4.4,5.2,216,long,0.0,0.0,100.0,1.0,0.75,-999.0,8.8874,56,3,3,0.6607,1.3505,-0.5788,-4.0042,3.1025,False,3.0,neighborhood_3x,variant_145
SILVER#,0.56,0.05,4.4,5.2,216,long,0.0,0.0,100.0,1.2,0.75,-999.0,13.0637,67,5,4,0.6717,1.7832,0.5269,-4.0042,3.1264,False,3.0,neighborhood_3x,variant_146
SILVER#,0.56,0.05,4.4,5.2,216,long,0.0,0.0,100.0,1.4,0.75,-999.0,12.0699,69,5,5,0.6667,1.537,0.8877,-4.0042,3.1264,True,3.0,neighborhood_3x,variant_147
SILVER#,0.56,0.05,4.4,5.2,336,long,0.0,0.0,100.0,1.0,0.75,-999.0,9.234,56,3,3,0.6607,1.3553,-0.5788,-4.0042,3.1025,False,3.0,neighborhood_3x,variant_148
SILVER#,0.56,0.05,4.4,5.2,336,long,0.0,0.0,100.0,1.2,0.75,-999.0,12.9442,66,4,3,0.6818,1.8347,-0.2677,-4.0042,3.1264,False,3.0,neighborhood_3x,variant_149
SILVER#,0.56,0.05,4.4,5.2,336,long,0.0,0.0,100.0,1.4,0.75,-999.0,11.6274,69,4,4,0.6667,1.4888,-0.2658,-4.0042,3.1264,False,3.0,neighborhood_3x,variant_150
SILVER#,0.56,0.05,4.4,6.0,216,long,0.0,0.0,100.0,1.0,0.75,-999.0,10.1071,51,4,3,0.7255,1.6038,-0.661,-2.6726,4.4623,False,3.0,neighborhood_3x,variant_151
SILVER#,0.56,0.05,4.4,6.0,216,long,0.0,0.0,100.0,1.2,0.75,-999.0,12.4068,63,5,5,0.7143,1.8276,1.3553,-2.6726,4.4493,True,3.0,neighborhood_3x,variant_152
SILVER#,0.56,0.05,4.4,6.0,216,long,0.0,0.0,100.0,1.4,0.75,-999.0,10.1533,65,5,4,0.7077,1.7778,0.2648,-2.957,4.4493,False,3.0,neighborhood_3x,variant_153
SILVER#,0.56,0.05,4.4,6.0,336,long,0.0,0.0,100.0,1.0,0.75,-999.0,10.7518,51,4,3,0.7255,1.6605,-0.661,-2.6726,4.4623,False,3.0,neighborhood_3x,variant_154
SILVER#,0.56,0.05,4.4,6.0,336,long,0.0,0.0,100.0,1.2,0.75,-999.0,12.4427,62,5,4,0.7258,1.8312,1.0616,-2.6726,4.4493,False,3.0,neighborhood_3x,variant_155
SILVER#,0.56,0.05,4.4,6.0,336,long,0.0,0.0,100.0,1.4,0.75,-999.0,9.3505,64,4,4,0.7031,1.7371,-1.0214,-4.2432,4.4493,False,3.0,neighborhood_3x,variant_156
SILVER#,0.56,0.05,4.4,7.0,216,long,0.0,0.0,100.0,1.0,0.75,-999.0,7.6935,50,4,2,0.74,1.8449,-0.5666,-2.5701,4.3192,False,3.0,neighborhood_3x,variant_157
SILVER#,0.56,0.05,4.4,7.0,216,long,0.0,0.0,100.0,1.2,0.75,-999.0,10.0837,60,5,5,0.7333,2.069,1.1617,-2.4141,4.3462,False,3.0,neighborhood_3x,variant_158
SILVER#,0.56,0.05,4.4,7.0,216,long,0.0,0.0,100.0,1.4,0.75,-999.0,8.3669,62,5,3,0.7258,2.0409,0.2371,-2.5245,4.3462,False,3.0,neighborhood_3x,variant_159
SILVER#,0.56,0.05,4.4,7.0,336,long,0.0,0.0,100.0,1.0,0.75,-999.0,8.1444,49,4,3,0.7347,1.8504,-0.5666,-2.4238,3.907,False,3.0,neighborhood_3x,variant_160
SILVER#,0.56,0.05,4.4,7.0,336,long,0.0,0.0,100.0,1.2,0.75,-999.0,9.7421,58,5,3,0.7414,2.0101,0.4824,-2.3758,3.8958,False,3.0,neighborhood_3x,variant_161
SILVER#,0.56,0.05,4.4,7.0,336,long,0.0,0.0,100.0,1.4,0.75,-999.0,7.1478,60,4,4,0.7167,1.9299,-1.2564,-4.018,3.8958,False,3.0,neighborhood_3x,variant_162
SILVER#,0.56,0.05,5.2,5.2,216,long,0.0,0.0,100.0,1.0,0.75,-999.0,10.9495,52,3,3,0.6346,1.4648,-0.4236,-3.3899,3.196,False,3.0,neighborhood_3x,variant_163
SILVER#,0.56,0.05,5.2,5.2,216,long,0.0,0.0,100.0,1.2,0.75,-999.0,16.678,62,5,5,0.6452,2.0522,1.1121,-2.9483,3.1518,True,3.0,neighborhood_3x,variant_164
SILVER#,0.56,0.05,5.2,5.2,216,long,0.0,0.0,100.0,1.4,0.75,-999.0,15.2503,62,5,3,0.629,1.989,1.3649,-3.1567,3.1518,False,3.0,neighborhood_3x,variant_165
SILVER#,0.56,0.05,5.2,5.2,336,long,0.0,0.0,100.0,1.0,0.75,-999.0,11.7297,51,3,3,0.6275,1.4855,-0.4236,-3.3899,3.196,False,3.0,neighborhood_3x,variant_166
SILVER#,0.56,0.05,5.2,5.2,336,long,0.0,0.0,100.0,1.2,0.75,-999.0,16.8129,60,5,3,0.65,2.1048,0.3176,-3.7428,3.1518,False,3.0,neighborhood_3x,variant_167
SILVER#,0.56,0.05,5.2,5.2,336,long,0.0,0.0,100.0,1.4,0.75,-999.0,14.877,61,5,3,0.6229,1.9437,0.2114,-3.8275,3.1518,False,3.0,neighborhood_3x,variant_168
SILVER#,0.56,0.05,5.2,6.0,216,long,0.0,0.0,100.0,1.0,0.75,-999.0,9.688,49,4,3,0.6735,1.4736,-0.5214,-2.6726,2.4939,False,3.0,neighborhood_3x,variant_169
SILVER#,0.56,0.05,5.2,6.0,216,long,0.0,0.0,100.0,1.2,0.75,-999.0,13.4894,60,5,5,0.6667,1.8231,2.1181,-2.6726,2.4556,True,3.0,neighborhood_3x,variant_170
SILVER#,0.56,0.05,5.2,6.0,216,long,0.0,0.0,100.0,1.4,0.75,-999.0,9.929,60,5,3,0.6333,1.6455,0.6784,-2.822,2.4556,False,3.0,neighborhood_3x,variant_171
SILVER#,0.56,0.05,5.2,6.0,336,long,0.0,0.0,100.0,1.0,0.75,-999.0,10.7086,48,4,3,0.6667,1.5488,-0.5214,-2.6726,2.4939,False,3.0,neighborhood_3x,variant_172
SILVER#,0.56,0.05,5.2,6.0,336,long,0.0,0.0,100.0,1.2,0.75,-999.0,13.7457,58,5,4,0.6724,1.8223,1.5689,-2.6726,2.4556,False,3.0,neighborhood_3x,variant_173
SILVER#,0.56,0.05,5.2,6.0,336,long,0.0,0.0,100.0,1.4,0.75,-999.0,9.319,59,4,3,0.6271,1.6019,-0.6078,-4.1082,2.4556,False,3.0,neighborhood_3x,variant_174
SILVER#,0.56,0.05,5.2,7.0,216,long,0.0,0.0,100.0,1.0,0.75,-999.0,5.8589,47,4,3,0.6809,1.3916,-0.4469,-2.5701,1.1229,False,3.0,neighborhood_3x,variant_175
SILVER#,0.56,0.05,5.2,7.0,216,long,0.0,0.0,100.0,1.2,0.75,-999.0,9.5642,56,5,5,0.6786,1.7388,1.1498,-2.4141,1.1498,False,3.0,neighborhood_3x,variant_176
SILVER#,0.56,0.05,5.2,7.0,216,long,0.0,0.0,100.0,1.4,0.75,-999.0,7.1748,57,5,3,0.6491,1.5933,0.5915,-2.4107,1.1498,False,3.0,neighborhood_3x,variant_177
SILVER#,0.56,0.05,5.2,7.0,336,long,0.0,0.0,100.0,1.0,0.75,-999.0,6.9336,45,4,3,0.6667,1.4627,-0.4469,-1.6144,1.0124,False,3.0,neighborhood_3x,variant_178
SILVER#,0.56,0.05,5.2,7.0,336,long,0.0,0.0,100.0,1.2,0.75,-999.0,9.7514,53,5,4,0.6793,1.7328,0.9172,-2.3758,1.0393,False,3.0,neighborhood_3x,variant_179
SILVER#,0.56,0.05,5.2,7.0,336,long,0.0,0.0,100.0,1.4,0.75,-999.0,6.4608,55,4,3,0.6364,1.5364,-0.902,-3.9023,1.0393,False,3.0,neighborhood_3x,variant_180
SILVER#,0.56,0.05,6.0,6.0,216,long,0.0,0.0,100.0,1.0,0.75,-999.0,12.7872,42,4,3,0.6905,1.6862,-0.2728,-2.6726,3.701,False,3.0,neighborhood_3x,variant_181
SILVER#,0.56,0.05,6.0,6.0,216,long,0.0,0.0,100.0,1.2,0.75,-999.0,16.2051,53,5,4,0.6793,1.933,1.7227,-2.6726,2.9229,False,3.0,neighborhood_3x,variant_182
SILVER#,0.56,0.05,6.0,6.0,216,long,0.0,0.0,100.0,1.4,0.75,-999.0,13.1635,54,5,4,0.6481,1.8418,1.2617,-2.6726,2.9229,False,3.0,neighborhood_3x,variant_183
SILVER#,0.56,0.05,6.0,6.0,336,long,0.0,0.0,100.0,1.0,0.75,-999.0,14.0122,41,4,3,0.6829,1.8085,-0.2728,-2.6726,3.701,False,3.0,neighborhood_3x,variant_184
SILVER#,0.56,0.05,6.0,6.0,336,long,0.0,0.0,100.0,1.2,0.75,-999.0,16.8861,52,5,4,0.6731,2.0374,2.0254,-2.6726,2.0254,False,3.0,neighborhood_3x,variant_185
SILVER#,0.56,0.05,6.0,6.0,336,long,0.0,0.0,100.0,1.4,0.75,-999.0,11.6741,53,4,3,0.6227,1.7326,-0.0245,-3.9462,2.0254,False,3.0,neighborhood_3x,variant_186
SILVER#,0.56,0.05,6.0,7.0,216,long,0.0,0.0,100.0,1.0,0.75,-999.0,8.9755,40,4,3,0.7,1.6143,-0.2338,-2.5701,2.1449,False,3.0,neighborhood_3x,variant_187
SILVER#,0.56,0.05,6.0,7.0,216,long,0.0,0.0,100.0,1.2,0.75,-999.0,11.7526,51,5,4,0.6863,1.8278,1.4766,-2.4141,1.478,False,3.0,neighborhood_3x,variant_188
SILVER#,0.56,0.05,6.0,7.0,216,long,0.0,0.0,100.0,1.4,0.75,-999.0,10.1926,51,5,4,0.6667,1.7962,1.0915,-2.4107,1.478,False,3.0,neighborhood_3x,variant_189
SILVER#,0.56,0.05,6.0,7.0,336,long,0.0,0.0,100.0,1.0,0.75,-999.0,11.2197,39,4,3,0.6923,1.8138,-0.2338,-1.5483,3.0287,False,3.0,neighborhood_3x,variant_190
SILVER#,0.56,0.05,6.0,7.0,336,long,0.0,0.0,100.0,1.2,0.75,-999.0,13.2979,50,5,4,0.68,1.9799,1.5925,-2.3758,1.5925,False,3.0,neighborhood_3x,variant_191
SILVER#,0.56,0.05,6.0,7.0,336,long,0.0,0.0,100.0,1.4,0.75,-999.0,9.7191,50,4,3,0.64,1.7332,-0.402,-3.7635,1.5925,False,3.0,neighborhood_3x,variant_192
SILVER#,0.58,0.0,4.4,5.2,216,long,0.0,0.0,100.0,1.0,0.75,-999.0,4.8273,49,2,2,0.6326,1.5321,-1.1571,-4.1515,3.9053,False,3.0,neighborhood_3x,variant_193
SILVER#,0.58,0.0,4.4,5.2,216,long,0.0,0.0,100.0,1.2,0.75,-999.0,8.8532,56,4,3,0.6607,1.7189,-0.7285,-3.1572,3.9242,False,3.0,neighborhood_3x,variant_194
SILVER#,0.58,0.0,4.4,5.2,216,long,0.0,0.0,100.0,1.4,0.75,-999.0,11.0769,57,5,2,0.6667,1.8349,1.093,-3.1572,3.9242,False,3.0,neighborhood_3x,variant_195
SILVER#,0.58,0.0,4.4,5.2,336,long,0.0,0.0,100.0,1.0,0.75,-999.0,5.1739,49,2,2,0.6326,1.5376,-0.8105,-4.3724,3.9053,False,3.0,neighborhood_3x,variant_196
SILVER#,0.58,0.0,4.4,5.2,336,long,0.0,0.0,100.0,1.2,0.75,-999.0,8.4053,56,4,3,0.6607,1.664,-0.7285,-3.5519,3.9242,False,3.0,neighborhood_3x,variant_197
SILVER#,0.58,0.0,4.4,5.2,336,long,0.0,0.0,100.0,1.4,0.75,-999.0,11.1967,57,4,3,0.6667,1.8526,-0.0604,-3.6366,3.9242,False,3.0,neighborhood_3x,variant_198
SILVER#,0.58,0.0,4.4,6.0,216,long,0.0,0.0,100.0,1.0,0.75,-999.0,7.2225,44,4,2,0.7046,1.7187,-0.652,-2.8594,3.4927,False,3.0,neighborhood_3x,variant_199
SILVER#,0.58,0.0,4.4,6.0,216,long,0.0,0.0,100.0,1.2,0.75,-999.0,8.9499,52,5,3,0.7115,1.8722,0.1644,-2.8594,3.4754,False,3.0,neighborhood_3x,variant_200
SILVER#,0.58,0.0,4.4,6.0,216,long,0.0,0.0,100.0,1.4,0.75,-999.0,7.6822,53,5,2,0.6793,1.6398,0.3588,-2.8594,3.4754,False,3.0,neighborhood_3x,variant_201
SILVER#,0.58,0.0,4.4,6.0,336,long,0.0,0.0,100.0,1.0,0.75,-999.0,7.8673,44,4,2,0.7046,1.7875,-0.652,-2.8594,3.4927,False,3.0,neighborhood_3x,variant_202
SILVER#,0.58,0.0,4.4,6.0,336,long,0.0,0.0,100.0,1.2,0.75,-999.0,9.4591,52,5,3,0.7115,1.8059,0.9224,-2.8594,3.4754,False,3.0,neighborhood_3x,variant_203
SILVER#,0.58,0.0,4.4,6.0,336,long,0.0,0.0,100.0,1.4,0.75,-999.0,7.3118,53,4,2,0.6793,1.6252,-0.4474,-3.5467,3.4754,False,3.0,neighborhood_3x,variant_204
SILVER#,0.58,0.0,4.4,7.0,216,long,0.0,0.0,100.0,1.0,0.75,-999.0,4.9798,43,3,2,0.7209,1.8022,-0.6665,-2.5701,3.4882,False,3.0,neighborhood_3x,variant_205
SILVER#,0.58,0.0,4.4,7.0,216,long,0.0,0.0,100.0,1.2,0.75,-999.0,6.9922,49,4,3,0.7347,1.9598,-0.2142,-2.4141,3.5151,False,3.0,neighborhood_3x,variant_206
SILVER#,0.58,0.0,4.4,7.0,216,long,0.0,0.0,100.0,1.4,0.75,-999.0,6.2427,50,4,2,0.7,1.8017,-0.3368,-2.4107,3.5151,False,3.0,neighborhood_3x,variant_207
SILVER#,0.58,0.0,4.4,7.0,336,long,0.0,0.0,100.0,1.0,0.75,-999.0,5.4307,42,3,2,0.7143,1.8106,-0.5589,-2.4238,3.076,False,3.0,neighborhood_3x,variant_208
SILVER#,0.58,0.0,4.4,7.0,336,long,0.0,0.0,100.0,1.2,0.75,-999.0,7.0526,48,5,3,0.7292,1.8679,0.3537,-2.2679,3.0611,False,3.0,neighborhood_3x,variant_209
SILVER#,0.58,0.0,4.4,7.0,336,long,0.0,0.0,100.0,1.4,0.75,-999.0,5.3905,49,4,2,0.6939,1.7224,-0.8291,-3.4857,3.0611,False,3.0,neighborhood_3x,variant_210
SILVER#,0.58,0.0,5.2,5.2,216,long,0.0,0.0,100.0,1.0,0.75,-999.0,5.3087,47,2,2,0.5957,1.7083,-1.4539,-4.1591,2.9905,False,3.0,neighborhood_3x,variant_211
SILVER#,0.58,0.0,5.2,5.2,216,long,0.0,0.0,100.0,1.2,0.75,-999.0,10.5206,53,5,4,0.6226,1.9249,0.1116,-3.1572,2.9462,False,3.0,neighborhood_3x,variant_212
SILVER#,0.58,0.0,5.2,5.2,216,long,0.0,0.0,100.0,1.4,0.75,-999.0,12.7332,54,5,2,0.6296,2.0439,1.3935,-3.1572,2.9462,False,3.0,neighborhood_3x,variant_213
SILVER#,0.58,0.0,5.2,5.2,336,long,0.0,0.0,100.0,1.0,0.75,-999.0,6.0889,46,2,2,0.587,1.7194,-0.6737,-3.3899,2.9905,False,3.0,neighborhood_3x,variant_214
SILVER#,0.58,0.0,5.2,5.2,336,long,0.0,0.0,100.0,1.2,0.75,-999.0,10.5063,52,5,4,0.6154,1.8745,0.1116,-3.5519,2.9462,False,3.0,neighborhood_3x,variant_215
SILVER#,0.58,0.0,5.2,5.2,336,long,0.0,0.0,100.0,1.4,0.75,-999.0,12.9222,53,5,3,0.6226,2.0585,0.2887,-3.6366,2.9462,False,3.0,neighborhood_3x,variant_216
SILVER#,0.58,0.0,5.2,6.0,216,long,0.0,0.0,100.0,1.0,0.75,-999.0,7.2827,44,4,2,0.6591,1.7833,-0.5124,-2.8594,2.3046,False,3.0,neighborhood_3x,variant_217
SILVER#,0.58,0.0,5.2,6.0,216,long,0.0,0.0,100.0,1.2,0.75,-999.0,9.8593,51,5,3,0.6667,1.9948,0.8925,-2.8594,2.2663,False,3.0,neighborhood_3x,variant_218
SILVER#,0.58,0.0,5.2,6.0,216,long,0.0,0.0,100.0,1.4,0.75,-999.0,8.7433,52,5,2,0.6346,1.7088,0.3473,-2.8594,2.2663,False,3.0,neighborhood_3x,variant_219
SILVER#,0.58,0.0,5.2,6.0,336,long,0.0,0.0,100.0,1.0,0.75,-999.0,8.3033,43,4,3,0.6511,1.8634,-0.5124,-2.8594,2.3046,False,3.0,neighborhood_3x,variant_220
SILVER#,0.58,0.0,5.2,6.0,336,long,0.0,0.0,100.0,1.2,0.75,-999.0,10.7454,50,5,4,0.66,1.9173,1.5977,-2.8594,2.2663,False,3.0,neighborhood_3x,variant_221
SILVER#,0.58,0.0,5.2,6.0,336,long,0.0,0.0,100.0,1.4,0.75,-999.0,8.6206,51,4,2,0.6275,1.6931,-0.1447,-3.5467,2.2663,False,3.0,neighborhood_3x,variant_222
SILVER#,0.58,0.0,5.2,7.0,216,long,0.0,0.0,100.0,1.0,0.75,-999.0,3.6093,42,3,2,0.6667,1.6243,-0.822,-2.5701,1.0156,False,3.0,neighborhood_3x,variant_223
SILVER#,0.58,0.0,5.2,7.0,216,long,0.0,0.0,100.0,1.2,0.75,-999.0,6.3677,47,4,3,0.6808,1.8332,-0.1336,-2.4141,1.0426,False,3.0,neighborhood_3x,variant_224
SILVER#,0.58,0.0,5.2,7.0,216,long,0.0,0.0,100.0,1.4,0.75,-999.0,6.3346,49,5,2,0.6531,1.639,0.2719,-2.4107,1.0426,False,3.0,neighborhood_3x,variant_225
SILVER#,0.58,0.0,5.2,7.0,336,long,0.0,0.0,100.0,1.0,0.75,-999.0,4.6841,40,4,2,0.65,1.6865,-0.4392,-1.6144,0.9052,False,3.0,neighborhood_3x,variant_226
SILVER#,0.58,0.0,5.2,7.0,336,long,0.0,0.0,100.0,1.2,0.75,-999.0,7.0946,45,5,3,0.6667,1.7843,0.7564,-1.6825,0.9321,False,3.0,neighborhood_3x,variant_227
SILVER#,0.58,0.0,5.2,7.0,336,long,0.0,0.0,100.0,1.4,0.75,-999.0,6.0383,47,4,3,0.6383,1.6107,-0.5697,-3.4857,0.9321,False,3.0,neighborhood_3x,variant_228
SILVER#,0.58,0.0,6.0,6.0,216,long,0.0,0.0,100.0,1.0,0.75,-999.0,11.3377,38,4,2,0.6842,1.9558,-0.2637,-2.8594,3.3963,False,3.0,neighborhood_3x,variant_229
SILVER#,0.58,0.0,6.0,6.0,216,long,0.0,0.0,100.0,1.2,0.75,-999.0,14.1496,46,5,4,0.6957,2.254,0.9363,-2.8594,2.6182,False,3.0,neighborhood_3x,variant_230
SILVER#,0.58,0.0,6.0,6.0,216,long,0.0,0.0,100.0,1.4,0.75,-999.0,12.7307,48,5,4,0.6667,1.9342,1.7013,-2.8594,2.6182,False,3.0,neighborhood_3x,variant_231
SILVER#,0.58,0.0,6.0,6.0,336,long,0.0,0.0,100.0,1.0,0.75,-999.0,12.5626,37,4,2,0.6757,2.0912,-0.2637,-2.8594,3.3963,False,3.0,neighborhood_3x,variant_232
SILVER#,0.58,0.0,6.0,6.0,336,long,0.0,0.0,100.0,1.2,0.75,-999.0,14.6612,45,5,4,0.6667,2.1723,1.7207,-2.8594,1.7207,False,3.0,neighborhood_3x,variant_233
SILVER#,0.58,0.0,6.0,6.0,336,long,0.0,0.0,100.0,1.4,0.75,-999.0,11.7854,47,5,3,0.6383,1.8595,0.4151,-3.5467,1.7207,False,3.0,neighborhood_3x,variant_234
SILVER#,0.58,0.0,6.0,7.0,216,long,0.0,0.0,100.0,1.0,0.75,-999.0,7.4689,36,4,2,0.6945,1.7872,-0.2261,-2.5701,1.9388,False,3.0,neighborhood_3x,variant_235
SILVER#,0.58,0.0,6.0,7.0,216,long,0.0,0.0,100.0,1.2,0.75,-999.0,9.853,44,5,4,0.7046,2.0627,0.8026,-2.4141,1.2719,False,3.0,neighborhood_3x,variant_236
SILVER#,0.58,0.0,6.0,7.0,216,long,0.0,0.0,100.0,1.4,0.75,-999.0,9.6752,45,5,4,0.6889,1.8575,1.2719,-2.4107,1.2719,False,3.0,neighborhood_3x,variant_237
SILVER#,0.58,0.0,6.0,7.0,336,long,0.0,0.0,100.0,1.0,0.75,-999.0,9.713,35,4,2,0.6857,1.9731,-0.2261,-1.562,2.8226,False,3.0,neighborhood_3x,variant_238
SILVER#,0.58,0.0,6.0,7.0,336,long,0.0,0.0,100.0,1.2,0.75,-999.0,11.2531,43,5,4,0.6744,2.063,1.3864,-1.562,1.3864,False,3.0,neighborhood_3x,variant_239
SILVER#,0.58,0.0,6.0,7.0,336,long,0.0,0.0,100.0,1.4,0.75,-999.0,9.6681,44,4,3,0.6591,1.8284,-0.0898,-3.4857,1.3864,False,3.0,neighborhood_3x,variant_240
SILVER#,0.58,0.05,4.4,5.2,216,long,0.0,0.0,100.0,1.0,0.75,-999.0,4.8273,49,2,2,0.6326,1.5321,-1.1571,-4.1515,3.9053,False,3.0,neighborhood_3x,variant_241
SILVER#,0.58,0.05,4.4,5.2,216,long,0.0,0.0,100.0,1.2,0.75,-999.0,8.8532,56,4,3,0.6607,1.7189,-0.7285,-3.1572,3.9242,False,3.0,neighborhood_3x,variant_242
SILVER#,0.58,0.05,4.4,5.2,216,long,0.0,0.0,100.0,1.4,0.75,-999.0,11.0769,57,5,2,0.6667,1.8349,1.093,-3.1572,3.9242,False,3.0,neighborhood_3x,variant_243
SILVER#,0.58,0.05,4.4,5.2,336,long,0.0,0.0,100.0,1.0,0.75,-999.0,5.1739,49,2,2,0.6326,1.5376,-0.8105,-4.3724,3.9053,False,3.0,neighborhood_3x,variant_244
SILVER#,0.58,0.05,4.4,5.2,336,long,0.0,0.0,100.0,1.2,0.75,-999.0,8.4053,56,4,3,0.6607,1.664,-0.7285,-3.5519,3.9242,False,3.0,neighborhood_3x,variant_245
SILVER#,0.58,0.05,4.4,5.2,336,long,0.0,0.0,100.0,1.4,0.75,-999.0,11.1967,57,4,3,0.6667,1.8526,-0.0604,-3.6366,3.9242,False,3.0,neighborhood_3x,variant_246
SILVER#,0.58,0.05,4.4,6.0,216,long,0.0,0.0,100.0,1.0,0.75,-999.0,7.2225,44,4,2,0.7046,1.7187,-0.652,-2.8594,3.4927,False,3.0,neighborhood_3x,variant_247
SILVER#,0.58,0.05,4.4,6.0,216,long,0.0,0.0,100.0,1.2,0.75,-999.0,8.9499,52,5,3,0.7115,1.8722,0.1644,-2.8594,3.4754,False,3.0,neighborhood_3x,variant_248
SILVER#,0.58,0.05,4.4,6.0,216,long,0.0,0.0,100.0,1.4,0.75,-999.0,7.6822,53,5,2,0.6793,1.6398,0.3588,-2.8594,3.4754,False,3.0,neighborhood_3x,variant_249
SILVER#,0.58,0.05,4.4,6.0,336,long,0.0,0.0,100.0,1.0,0.75,-999.0,7.8673,44,4,2,0.7046,1.7875,-0.652,-2.8594,3.4927,False,3.0,neighborhood_3x,variant_250
SILVER#,0.58,0.05,4.4,6.0,336,long,0.0,0.0,100.0,1.2,0.75,-999.0,9.4591,52,5,3,0.7115,1.8059,0.9224,-2.8594,3.4754,False,3.0,neighborhood_3x,variant_251
SILVER#,0.58,0.05,4.4,6.0,336,long,0.0,0.0,100.0,1.4,0.75,-999.0,7.3118,53,4,2,0.6793,1.6252,-0.4474,-3.5467,3.4754,False,3.0,neighborhood_3x,variant_252
SILVER#,0.58,0.05,4.4,7.0,216,long,0.0,0.0,100.0,1.0,0.75,-999.0,4.9798,43,3,2,0.7209,1.8022,-0.6665,-2.5701,3.4882,False,3.0,neighborhood_3x,variant_253
SILVER#,0.58,0.05,4.4,7.0,216,long,0.0,0.0,100.0,1.2,0.75,-999.0,6.9922,49,4,3,0.7347,1.9598,-0.2142,-2.4141,3.5151,False,3.0,neighborhood_3x,variant_254
SILVER#,0.58,0.05,4.4,7.0,216,long,0.0,0.0,100.0,1.4,0.75,-999.0,6.2427,50,4,2,0.7,1.8017,-0.3368,-2.4107,3.5151,False,3.0,neighborhood_3x,variant_255
SILVER#,0.58,0.05,4.4,7.0,336,long,0.0,0.0,100.0,1.0,0.75,-999.0,5.4307,42,3,2,0.7143,1.8106,-0.5589,-2.4238,3.076,False,3.0,neighborhood_3x,variant_256
SILVER#,0.58,0.05,4.4,7.0,336,long,0.0,0.0,100.0,1.2,0.75,-999.0,7.0526,48,5,3,0.7292,1.8679,0.3537,-2.2679,3.0611,False,3.0,neighborhood_3x,variant_257
SILVER#,0.58,0.05,4.4,7.0,336,long,0.0,0.0,100.0,1.4,0.75,-999.0,5.3905,49,4,2,0.6939,1.7224,-0.8291,-3.4857,3.0611,False,3.0,neighborhood_3x,variant_258
SILVER#,0.58,0.05,5.2,5.2,216,long,0.0,0.0,100.0,1.0,0.75,-999.0,5.3087,47,2,2,0.5957,1.7083,-1.4539,-4.1591,2.9905,False,3.0,neighborhood_3x,variant_259
SILVER#,0.58,0.05,5.2,5.2,216,long,0.0,0.0,100.0,1.2,0.75,-999.0,10.5206,53,5,4,0.6226,1.9249,0.1116,-3.1572,2.9462,False,3.0,neighborhood_3x,variant_260
SILVER#,0.58,0.05,5.2,5.2,216,long,0.0,0.0,100.0,1.4,0.75,-999.0,12.7332,54,5,2,0.6296,2.0439,1.3935,-3.1572,2.9462,False,3.0,neighborhood_3x,variant_261
SILVER#,0.58,0.05,5.2,5.2,336,long,0.0,0.0,100.0,1.0,0.75,-999.0,6.0889,46,2,2,0.587,1.7194,-0.6737,-3.3899,2.9905,False,3.0,neighborhood_3x,variant_262
SILVER#,0.58,0.05,5.2,5.2,336,long,0.0,0.0,100.0,1.2,0.75,-999.0,10.5063,52,5,4,0.6154,1.8745,0.1116,-3.5519,2.9462,False,3.0,neighborhood_3x,variant_263
SILVER#,0.58,0.05,5.2,5.2,336,long,0.0,0.0,100.0,1.4,0.75,-999.0,12.9222,53,5,3,0.6226,2.0585,0.2887,-3.6366,2.9462,False,3.0,neighborhood_3x,variant_264
SILVER#,0.58,0.05,5.2,6.0,216,long,0.0,0.0,100.0,1.0,0.75,-999.0,7.2827,44,4,2,0.6591,1.7833,-0.5124,-2.8594,2.3046,False,3.0,neighborhood_3x,variant_265
SILVER#,0.58,0.05,5.2,6.0,216,long,0.0,0.0,100.0,1.2,0.75,-999.0,9.8593,51,5,3,0.6667,1.9948,0.8925,-2.8594,2.2663,False,3.0,neighborhood_3x,variant_266
SILVER#,0.58,0.05,5.2,6.0,216,long,0.0,0.0,100.0,1.4,0.75,-999.0,8.7433,52,5,2,0.6346,1.7088,0.3473,-2.8594,2.2663,False,3.0,neighborhood_3x,variant_267
SILVER#,0.58,0.05,5.2,6.0,336,long,0.0,0.0,100.0,1.0,0.75,-999.0,8.3033,43,4,3,0.6511,1.8634,-0.5124,-2.8594,2.3046,False,3.0,neighborhood_3x,variant_268
SILVER#,0.58,0.05,5.2,6.0,336,long,0.0,0.0,100.0,1.2,0.75,-999.0,10.7454,50,5,4,0.66,1.9173,1.5977,-2.8594,2.2663,False,3.0,neighborhood_3x,variant_269
SILVER#,0.58,0.05,5.2,6.0,336,long,0.0,0.0,100.0,1.4,0.75,-999.0,8.6206,51,4,2,0.6275,1.6931,-0.1447,-3.5467,2.2663,False,3.0,neighborhood_3x,variant_270
SILVER#,0.58,0.05,5.2,7.0,216,long,0.0,0.0,100.0,1.0,0.75,-999.0,3.6093,42,3,2,0.6667,1.6243,-0.822,-2.5701,1.0156,False,3.0,neighborhood_3x,variant_271
SILVER#,0.58,0.05,5.2,7.0,216,long,0.0,0.0,100.0,1.2,0.75,-999.0,6.3677,47,4,3,0.6808,1.8332,-0.1336,-2.4141,1.0426,False,3.0,neighborhood_3x,variant_272
SILVER#,0.58,0.05,5.2,7.0,216,long,0.0,0.0,100.0,1.4,0.75,-999.0,6.3346,49,5,2,0.6531,1.639,0.2719,-2.4107,1.0426,False,3.0,neighborhood_3x,variant_273
SILVER#,0.58,0.05,5.2,7.0,336,long,0.0,0.0,100.0,1.0,0.75,-999.0,4.6841,40,4,2,0.65,1.6865,-0.4392,-1.6144,0.9052,False,3.0,neighborhood_3x,variant_274
SILVER#,0.58,0.05,5.2,7.0,336,long,0.0,0.0,100.0,1.2,0.75,-999.0,7.0946,45,5,3,0.6667,1.7843,0.7564,-1.6825,0.9321,False,3.0,neighborhood_3x,variant_275
SILVER#,0.58,0.05,5.2,7.0,336,long,0.0,0.0,100.0,1.4,0.75,-999.0,6.0383,47,4,3,0.6383,1.6107,-0.5697,-3.4857,0.9321,False,3.0,neighborhood_3x,variant_276
SILVER#,0.58,0.05,6.0,6.0,216,long,0.0,0.0,100.0,1.0,0.75,-999.0,11.3377,38,4,2,0.6842,1.9558,-0.2637,-2.8594,3.3963,False,3.0,neighborhood_3x,variant_277
SILVER#,0.58,0.05,6.0,6.0,216,long,0.0,0.0,100.0,1.2,0.75,-999.0,14.1496,46,5,4,0.6957,2.254,0.9363,-2.8594,2.6182,False,3.0,neighborhood_3x,variant_278
SILVER#,0.58,0.05,6.0,6.0,216,long,0.0,0.0,100.0,1.4,0.75,-999.0,12.7307,48,5,4,0.6667,1.9342,1.7013,-2.8594,2.6182,False,3.0,neighborhood_3x,variant_279
SILVER#,0.58,0.05,6.0,6.0,336,long,0.0,0.0,100.0,1.0,0.75,-999.0,12.5626,37,4,2,0.6757,2.0912,-0.2637,-2.8594,3.3963,False,3.0,neighborhood_3x,variant_280
SILVER#,0.58,0.05,6.0,6.0,336,long,0.0,0.0,100.0,1.2,0.75,-999.0,14.6612,45,5,4,0.6667,2.1723,1.7207,-2.8594,1.7207,False,3.0,neighborhood_3x,variant_281
SILVER#,0.58,0.05,6.0,6.0,336,long,0.0,0.0,100.0,1.4,0.75,-999.0,11.7854,47,5,3,0.6383,1.8595,0.4151,-3.5467,1.7207,False,3.0,neighborhood_3x,variant_282
SILVER#,0.58,0.05,6.0,7.0,216,long,0.0,0.0,100.0,1.0,0.75,-999.0,7.4689,36,4,2,0.6945,1.7872,-0.2261,-2.5701,1.9388,False,3.0,neighborhood_3x,variant_283
SILVER#,0.58,0.05,6.0,7.0,216,long,0.0,0.0,100.0,1.2,0.75,-999.0,9.853,44,5,4,0.7046,2.0627,0.8026,-2.4141,1.2719,False,3.0,neighborhood_3x,variant_284
SILVER#,0.58,0.05,6.0,7.0,216,long,0.0,0.0,100.0,1.4,0.75,-999.0,9.6752,45,5,4,0.6889,1.8575,1.2719,-2.4107,1.2719,False,3.0,neighborhood_3x,variant_285
SILVER#,0.58,0.05,6.0,7.0,336,long,0.0,0.0,100.0,1.0,0.75,-999.0,9.713,35,4,2,0.6857,1.9731,-0.2261,-1.562,2.8226,False,3.0,neighborhood_3x,variant_286
SILVER#,0.58,0.05,6.0,7.0,336,long,0.0,0.0,100.0,1.2,0.75,-999.0,11.2531,43,5,4,0.6744,2.063,1.3864,-1.562,1.3864,False,3.0,neighborhood_3x,variant_287
SILVER#,0.58,0.05,6.0,7.0,336,long,0.0,0.0,100.0,1.4,0.75,-999.0,9.6681,44,4,3,0.6591,1.8284,-0.0898,-3.4857,1.3864,False,3.0,neighborhood_3x,variant_288
XAUEUR#,0.54,0.0,2.2,4.2,168,both,,,,,,,2.5439,53,2,2,0.6604,1.5581,-4.3363,-4.3363,3.7397,False,3.0,neighborhood_3x,variant_289
XAUEUR#,0.54,0.0,2.2,4.2,216,both,,,,,,,2.7673,53,2,2,0.6792,1.5765,-4.3363,-4.3363,3.9631,False,3.0,neighborhood_3x,variant_290
XAUEUR#,0.54,0.0,2.2,4.2,288,both,,,,,,,3.3051,53,2,2,0.6792,1.6079,-4.3363,-4.3363,4.5009,False,3.0,neighborhood_3x,variant_291
XAUEUR#,0.54,0.0,2.2,4.8,168,both,,,,,,,3.3807,51,2,2,0.7059,1.7643,-4.1455,-4.4185,4.9388,False,3.0,neighborhood_3x,variant_292
XAUEUR#,0.54,0.0,2.2,4.8,216,both,,,,,,,3.5762,51,2,2,0.7255,1.8027,-4.1455,-4.4185,5.1343,False,3.0,neighborhood_3x,variant_293
XAUEUR#,0.54,0.0,2.2,4.8,288,both,,,,,,,4.0468,51,2,2,0.7255,1.8504,-4.1455,-4.4185,5.6049,False,3.0,neighborhood_3x,variant_294
XAUEUR#,0.54,0.0,2.2,5.4,168,both,,,,,,,2.8667,47,2,2,0.7234,1.7182,-3.2326,-3.5685,3.618,False,3.0,neighborhood_3x,variant_295
XAUEUR#,0.54,0.0,2.2,5.4,216,both,,,,,,,2.5098,47,2,2,0.7447,1.5489,-3.2326,-3.5685,3.7918,False,3.0,neighborhood_3x,variant_296
XAUEUR#,0.54,0.0,2.2,5.4,288,both,,,,,,,2.9281,47,2,2,0.7447,1.5914,-3.2326,-3.5685,4.2101,False,3.0,neighborhood_3x,variant_297
XAUEUR#,0.54,0.0,2.6,4.2,168,both,,,,,,,3.2782,51,2,2,0.6275,1.7794,-5.83,-5.83,4.6565,False,3.0,neighborhood_3x,variant_298
XAUEUR#,0.54,0.0,2.6,4.2,216,both,,,,,,,3.5016,51,2,2,0.6471,1.7991,-5.83,-5.83,4.8799,False,3.0,neighborhood_3x,variant_299
XAUEUR#,0.54,0.0,2.6,4.2,288,both,,,,,,,4.0394,51,2,2,0.6471,1.8305,-5.83,-5.83,5.4177,False,3.0,neighborhood_3x,variant_300
XAUEUR#,0.54,0.0,2.6,4.8,168,both,,,,,,,3.837,49,2,2,0.6735,1.9897,-5.5182,-5.5182,5.6205,False,3.0,neighborhood_3x,variant_301
XAUEUR#,0.54,0.0,2.6,4.8,216,both,,,,,,,4.0325,49,2,2,0.6939,2.0305,-5.5182,-5.5182,5.816,False,3.0,neighborhood_3x,variant_302
XAUEUR#,0.54,0.0,2.6,4.8,288,both,,,,,,,4.503,49,2,2,0.6939,2.0783,-5.5182,-5.5182,6.2865,False,3.0,neighborhood_3x,variant_303
XAUEUR#,0.54,0.0,2.6,5.4,168,both,,,,,,,2.9617,45,2,2,0.6889,1.9361,-4.6667,-4.9203,4.1273,False,3.0,neighborhood_3x,variant_304
XAUEUR#,0.54,0.0,2.6,5.4,216,both,,,,,,,2.6047,45,2,2,0.7111,1.7197,-4.6667,-4.9203,4.301,False,3.0,neighborhood_3x,variant_305
XAUEUR#,0.54,0.0,2.6,5.4,288,both,,,,,,,3.023,45,2,2,0.7111,1.7623,-4.6667,-4.9203,4.7193,False,3.0,neighborhood_3x,variant_306
XAUEUR#,0.54,0.0,3.0,4.2,168,both,,,,,,,2.5537,45,2,2,0.6,1.7377,-5.3809,-5.3809,3.8709,False,3.0,neighborhood_3x,variant_307
XAUEUR#,0.54,0.0,3.0,4.2,216,both,,,,,,,2.7771,45,2,2,0.6222,1.7621,-5.3809,-5.3809,4.0943,False,3.0,neighborhood_3x,variant_308
XAUEUR#,0.54,0.0,3.0,4.2,288,both,,,,,,,3.4463,45,2,2,0.6222,1.8102,-5.3809,-5.3809,4.7635,False,3.0,neighborhood_3x,variant_309
XAUEUR#,0.54,0.0,3.0,4.8,168,both,,,,,,,3.1357,45,2,2,0.6445,1.8728,-5.1253,-5.1253,4.8658,False,3.0,neighborhood_3x,variant_310
XAUEUR#,0.54,0.0,3.0,4.8,216,both,,,,,,,3.3311,45,2,2,0.6667,1.9109,-5.1253,-5.1253,5.0612,False,3.0,neighborhood_3x,variant_311
XAUEUR#,0.54,0.0,3.0,4.8,288,both,,,,,,,3.9167,45,2,2,0.6667,1.9703,-5.1253,-5.1253,5.6468,False,3.0,neighborhood_3x,variant_312
XAUEUR#,0.54,0.0,3.0,5.4,168,both,,,,,,,2.4399,41,2,2,0.6585,1.8136,-4.0154,-4.7175,3.2559,False,3.0,neighborhood_3x,variant_313
XAUEUR#,0.54,0.0,3.0,5.4,216,both,,,,,,,2.083,41,2,2,0.6829,1.6088,-4.0154,-4.7175,3.4297,False,3.0,neighborhood_3x,variant_314
XAUEUR#,0.54,0.0,3.0,5.4,288,both,,,,,,,2.6034,41,2,2,0.6829,1.6617,-4.0154,-4.7175,3.9501,False,3.0,neighborhood_3x,variant_315
XAUEUR#,0.54,0.02,2.2,4.2,168,both,,,,,,,2.5439,53,2,2,0.6604,1.5581,-4.3363,-4.3363,3.7397,False,3.0,neighborhood_3x,variant_316
XAUEUR#,0.54,0.02,2.2,4.2,216,both,,,,,,,2.7673,53,2,2,0.6792,1.5765,-4.3363,-4.3363,3.9631,False,3.0,neighborhood_3x,variant_317
XAUEUR#,0.54,0.02,2.2,4.2,288,both,,,,,,,3.3051,53,2,2,0.6792,1.6079,-4.3363,-4.3363,4.5009,False,3.0,neighborhood_3x,variant_318
XAUEUR#,0.54,0.02,2.2,4.8,168,both,,,,,,,3.3807,51,2,2,0.7059,1.7643,-4.1455,-4.4185,4.9388,False,3.0,neighborhood_3x,variant_319
XAUEUR#,0.54,0.02,2.2,4.8,216,both,,,,,,,3.5762,51,2,2,0.7255,1.8027,-4.1455,-4.4185,5.1343,False,3.0,neighborhood_3x,variant_320
XAUEUR#,0.54,0.02,2.2,4.8,288,both,,,,,,,4.0468,51,2,2,0.7255,1.8504,-4.1455,-4.4185,5.6049,False,3.0,neighborhood_3x,variant_321
XAUEUR#,0.54,0.02,2.2,5.4,168,both,,,,,,,2.8667,47,2,2,0.7234,1.7182,-3.2326,-3.5685,3.618,False,3.0,neighborhood_3x,variant_322
XAUEUR#,0.54,0.02,2.2,5.4,216,both,,,,,,,2.5098,47,2,2,0.7447,1.5489,-3.2326,-3.5685,3.7918,False,3.0,neighborhood_3x,variant_323
XAUEUR#,0.54,0.02,2.2,5.4,288,both,,,,,,,2.9281,47,2,2,0.7447,1.5914,-3.2326,-3.5685,4.2101,False,3.0,neighborhood_3x,variant_324
XAUEUR#,0.54,0.02,2.6,4.2,168,both,,,,,,,3.2782,51,2,2,0.6275,1.7794,-5.83,-5.83,4.6565,False,3.0,neighborhood_3x,variant_325
XAUEUR#,0.54,0.02,2.6,4.2,216,both,,,,,,,3.5016,51,2,2,0.6471,1.7991,-5.83,-5.83,4.8799,False,3.0,neighborhood_3x,variant_326
XAUEUR#,0.54,0.02,2.6,4.2,288,both,,,,,,,4.0394,51,2,2,0.6471,1.8305,-5.83,-5.83,5.4177,False,3.0,neighborhood_3x,variant_327
XAUEUR#,0.54,0.02,2.6,4.8,168,both,,,,,,,3.837,49,2,2,0.6735,1.9897,-5.5182,-5.5182,5.6205,False,3.0,neighborhood_3x,variant_328
XAUEUR#,0.54,0.02,2.6,4.8,216,both,,,,,,,4.0325,49,2,2,0.6939,2.0305,-5.5182,-5.5182,5.816,False,3.0,neighborhood_3x,variant_329
XAUEUR#,0.54,0.02,2.6,4.8,288,both,,,,,,,4.503,49,2,2,0.6939,2.0783,-5.5182,-5.5182,6.2865,False,3.0,neighborhood_3x,variant_330
XAUEUR#,0.54,0.02,2.6,5.4,168,both,,,,,,,2.9617,45,2,2,0.6889,1.9361,-4.6667,-4.9203,4.1273,False,3.0,neighborhood_3x,variant_331
XAUEUR#,0.54,0.02,2.6,5.4,216,both,,,,,,,2.6047,45,2,2,0.7111,1.7197,-4.6667,-4.9203,4.301,False,3.0,neighborhood_3x,variant_332
XAUEUR#,0.54,0.02,2.6,5.4,288,both,,,,,,,3.023,45,2,2,0.7111,1.7623,-4.6667,-4.9203,4.7193,False,3.0,neighborhood_3x,variant_333
XAUEUR#,0.54,0.02,3.0,4.2,168,both,,,,,,,2.5537,45,2,2,0.6,1.7377,-5.3809,-5.3809,3.8709,False,3.0,neighborhood_3x,variant_334
XAUEUR#,0.54,0.02,3.0,4.2,216,both,,,,,,,2.7771,45,2,2,0.6222,1.7621,-5.3809,-5.3809,4.0943,False,3.0,neighborhood_3x,variant_335
XAUEUR#,0.54,0.02,3.0,4.2,288,both,,,,,,,3.4463,45,2,2,0.6222,1.8102,-5.3809,-5.3809,4.7635,False,3.0,neighborhood_3x,variant_336
XAUEUR#,0.54,0.02,3.0,4.8,168,both,,,,,,,3.1357,45,2,2,0.6445,1.8728,-5.1253,-5.1253,4.8658,False,3.0,neighborhood_3x,variant_337
XAUEUR#,0.54,0.02,3.0,4.8,216,both,,,,,,,3.3311,45,2,2,0.6667,1.9109,-5.1253,-5.1253,5.0612,False,3.0,neighborhood_3x,variant_338
XAUEUR#,0.54,0.02,3.0,4.8,288,both,,,,,,,3.9167,45,2,2,0.6667,1.9703,-5.1253,-5.1253,5.6468,False,3.0,neighborhood_3x,variant_339
XAUEUR#,0.54,0.02,3.0,5.4,168,both,,,,,,,2.4399,41,2,2,0.6585,1.8136,-4.0154,-4.7175,3.2559,False,3.0,neighborhood_3x,variant_340
XAUEUR#,0.54,0.02,3.0,5.4,216,both,,,,,,,2.083,41,2,2,0.6829,1.6088,-4.0154,-4.7175,3.4297,False,3.0,neighborhood_3x,variant_341
XAUEUR#,0.54,0.02,3.0,5.4,288,both,,,,,,,2.6034,41,2,2,0.6829,1.6617,-4.0154,-4.7175,3.9501,False,3.0,neighborhood_3x,variant_342
XAUEUR#,0.56,0.0,2.2,4.2,168,both,,,,,,,10.564,43,2,2,0.7907,334.4744,-1.1957,-3.2999,6.1918,False,3.0,neighborhood_3x,variant_343
XAUEUR#,0.56,0.0,2.2,4.2,216,both,,,,,,,10.9354,43,2,2,0.7907,334.5259,-1.1957,-3.2999,6.5632,False,3.0,neighborhood_3x,variant_344
XAUEUR#,0.56,0.0,2.2,4.2,288,both,,,,,,,10.9354,43,2,2,0.7907,334.5259,-1.1957,-3.2999,6.5632,False,3.0,neighborhood_3x,variant_345
XAUEUR#,0.56,0.0,2.2,4.8,168,both,,,,,,,10.6073,42,3,2,0.8334,334.4851,0.4711,-2.4097,5.2643,False,3.0,neighborhood_3x,variant_346
XAUEUR#,0.56,0.0,2.2,4.8,216,both,,,,,,,10.9323,42,3,2,0.8334,334.534,0.4711,-2.4097,5.5893,False,3.0,neighborhood_3x,variant_347
XAUEUR#,0.56,0.0,2.2,4.8,288,both,,,,,,,10.9323,42,3,2,0.8334,334.534,0.4711,-2.4097,5.5893,False,3.0,neighborhood_3x,variant_348
XAUEUR#,0.56,0.0,2.2,5.4,168,both,,,,,,,10.0343,41,3,2,0.8537,335.4241,0.091,-2.3696,5.6127,False,3.0,neighborhood_3x,variant_349
XAUEUR#,0.56,0.0,2.2,5.4,216,both,,,,,,,10.3232,41,3,2,0.8537,335.5142,0.091,-2.3696,5.9016,False,3.0,neighborhood_3x,variant_350
XAUEUR#,0.56,0.0,2.2,5.4,288,both,,,,,,,10.3232,41,3,2,0.8537,335.5142,0.091,-2.3696,5.9016,False,3.0,neighborhood_3x,variant_351
XAUEUR#,0.56,0.0,2.6,4.2,168,both,,,,,,,12.8489,42,2,2,0.7857,334.5751,-0.2677,-3.2999,6.631,False,3.0,neighborhood_3x,variant_352
XAUEUR#,0.56,0.0,2.6,4.2,216,both,,,,,,,13.1783,42,2,2,0.7857,334.6208,-0.2677,-3.2999,6.9604,False,3.0,neighborhood_3x,variant_353
XAUEUR#,0.56,0.0,2.6,4.2,288,both,,,,,,,13.3232,42,2,2,0.7857,334.6409,-0.2677,-3.2999,7.1053,False,3.0,neighborhood_3x,variant_354
XAUEUR#,0.56,0.0,2.6,4.8,168,both,,,,,,,12.978,41,3,3,0.8293,334.6325,1.3968,-2.4097,5.9063,True,3.0,neighborhood_3x,variant_355
XAUEUR#,0.56,0.0,2.6,4.8,216,both,,,,,,,13.2662,41,3,3,0.8293,334.6759,1.3968,-2.4097,6.1945,True,3.0,neighborhood_3x,variant_356
XAUEUR#,0.56,0.0,2.6,4.8,288,both,,,,,,,13.393,41,3,3,0.8293,334.695,1.3968,-2.4097,6.3213,True,3.0,neighborhood_3x,variant_357
XAUEUR#,0.56,0.0,2.6,5.4,168,both,,,,,,,11.9563,40,3,3,0.85,335.5922,0.9139,-2.2877,5.998,True,3.0,neighborhood_3x,variant_358
XAUEUR#,0.56,0.0,2.6,5.4,216,both,,,,,,,12.2125,40,3,3,0.85,335.6722,0.9139,-2.2877,6.2542,True,3.0,neighborhood_3x,variant_359
XAUEUR#,0.56,0.0,2.6,5.4,288,both,,,,,,,12.3252,40,3,3,0.85,335.7073,0.9139,-2.2877,6.3669,True,3.0,neighborhood_3x,variant_360
XAUEUR#,0.56,0.0,3.0,4.2,168,both,,,,,,,8.9416,37,2,2,0.7297,335.3139,-3.7668,-6.2934,7.2802,False,3.0,neighborhood_3x,variant_361
XAUEUR#,0.56,0.0,3.0,4.2,216,both,,,,,,,9.271,37,2,2,0.7297,335.3939,-3.7668,-6.2934,7.6096,False,3.0,neighborhood_3x,variant_362
XAUEUR#,0.56,0.0,3.0,4.2,288,both,,,,,,,9.4977,37,2,2,0.7297,335.4489,-3.7668,-6.2934,7.8363,False,3.0,neighborhood_3x,variant_363
XAUEUR#,0.56,0.0,3.0,4.8,168,both,,,,,,,9.1151,36,2,2,0.7778,335.3548,-2.0048,-3.6354,6.3702,False,3.0,neighborhood_3x,variant_364
XAUEUR#,0.56,0.0,3.0,4.8,216,both,,,,,,,9.4033,36,2,2,0.7778,335.4348,-2.0048,-3.6354,6.6584,False,3.0,neighborhood_3x,variant_365
XAUEUR#,0.56,0.0,3.0,4.8,288,both,,,,,,,9.6016,36,2,2,0.7778,335.4898,-2.0048,-3.6354,6.8567,False,3.0,neighborhood_3x,variant_366
XAUEUR#,0.56,0.0,3.0,5.4,168,both,,,,,,,8.787,35,2,2,0.8,335.3804,-1.0974,-2.2877,5.6624,False,3.0,neighborhood_3x,variant_367
XAUEUR#,0.56,0.0,3.0,5.4,216,both,,,,,,,9.0432,35,2,2,0.8,335.4604,-1.0974,-2.2877,5.9186,False,3.0,neighborhood_3x,variant_368
XAUEUR#,0.56,0.0,3.0,5.4,288,both,,,,,,,9.2195,35,2,2,0.8,335.5154,-1.0974,-2.2877,6.0949,False,3.0,neighborhood_3x,variant_369
XAUEUR#,0.56,0.02,2.2,4.2,168,both,,,,,,,10.564,43,2,2,0.7907,334.4744,-1.1957,-3.2999,6.1918,False,3.0,neighborhood_3x,variant_370
XAUEUR#,0.56,0.02,2.2,4.2,216,both,,,,,,,10.9354,43,2,2,0.7907,334.5259,-1.1957,-3.2999,6.5632,False,3.0,neighborhood_3x,variant_371
XAUEUR#,0.56,0.02,2.2,4.2,288,both,,,,,,,10.9354,43,2,2,0.7907,334.5259,-1.1957,-3.2999,6.5632,False,3.0,neighborhood_3x,variant_372
XAUEUR#,0.56,0.02,2.2,4.8,168,both,,,,,,,10.6073,42,3,2,0.8334,334.4851,0.4711,-2.4097,5.2643,False,3.0,neighborhood_3x,variant_373
XAUEUR#,0.56,0.02,2.2,4.8,216,both,,,,,,,10.9323,42,3,2,0.8334,334.534,0.4711,-2.4097,5.5893,False,3.0,neighborhood_3x,variant_374
XAUEUR#,0.56,0.02,2.2,4.8,288,both,,,,,,,10.9323,42,3,2,0.8334,334.534,0.4711,-2.4097,5.5893,False,3.0,neighborhood_3x,variant_375
XAUEUR#,0.56,0.02,2.2,5.4,168,both,,,,,,,10.0343,41,3,2,0.8537,335.4241,0.091,-2.3696,5.6127,False,3.0,neighborhood_3x,variant_376
XAUEUR#,0.56,0.02,2.2,5.4,216,both,,,,,,,10.3232,41,3,2,0.8537,335.5142,0.091,-2.3696,5.9016,False,3.0,neighborhood_3x,variant_377
XAUEUR#,0.56,0.02,2.2,5.4,288,both,,,,,,,10.3232,41,3,2,0.8537,335.5142,0.091,-2.3696,5.9016,False,3.0,neighborhood_3x,variant_378
XAUEUR#,0.56,0.02,2.6,4.2,168,both,,,,,,,12.8489,42,2,2,0.7857,334.5751,-0.2677,-3.2999,6.631,False,3.0,neighborhood_3x,variant_379
XAUEUR#,0.56,0.02,2.6,4.2,216,both,,,,,,,13.1783,42,2,2,0.7857,334.6208,-0.2677,-3.2999,6.9604,False,3.0,neighborhood_3x,variant_380
XAUEUR#,0.56,0.02,2.6,4.2,288,both,,,,,,,13.3232,42,2,2,0.7857,334.6409,-0.2677,-3.2999,7.1053,False,3.0,neighborhood_3x,variant_381
XAUEUR#,0.56,0.02,2.6,4.8,168,both,,,,,,,12.978,41,3,3,0.8293,334.6325,1.3968,-2.4097,5.9063,True,3.0,neighborhood_3x,variant_382
XAUEUR#,0.56,0.02,2.6,4.8,216,both,,,,,,,13.2662,41,3,3,0.8293,334.6759,1.3968,-2.4097,6.1945,True,3.0,neighborhood_3x,variant_383
XAUEUR#,0.56,0.02,2.6,4.8,288,both,,,,,,,13.393,41,3,3,0.8293,334.695,1.3968,-2.4097,6.3213,True,3.0,neighborhood_3x,variant_384
XAUEUR#,0.56,0.02,2.6,5.4,168,both,,,,,,,11.9563,40,3,3,0.85,335.5922,0.9139,-2.2877,5.998,True,3.0,neighborhood_3x,variant_385
XAUEUR#,0.56,0.02,2.6,5.4,216,both,,,,,,,12.2125,40,3,3,0.85,335.6722,0.9139,-2.2877,6.2542,True,3.0,neighborhood_3x,variant_386
XAUEUR#,0.56,0.02,2.6,5.4,288,both,,,,,,,12.3252,40,3,3,0.85,335.7073,0.9139,-2.2877,6.3669,True,3.0,neighborhood_3x,variant_387
XAUEUR#,0.56,0.02,3.0,4.2,168,both,,,,,,,8.9416,37,2,2,0.7297,335.3139,-3.7668,-6.2934,7.2802,False,3.0,neighborhood_3x,variant_388
XAUEUR#,0.56,0.02,3.0,4.2,216,both,,,,,,,9.271,37,2,2,0.7297,335.3939,-3.7668,-6.2934,7.6096,False,3.0,neighborhood_3x,variant_389
XAUEUR#,0.56,0.02,3.0,4.2,288,both,,,,,,,9.4977,37,2,2,0.7297,335.4489,-3.7668,-6.2934,7.8363,False,3.0,neighborhood_3x,variant_390
XAUEUR#,0.56,0.02,3.0,4.8,168,both,,,,,,,9.1151,36,2,2,0.7778,335.3548,-2.0048,-3.6354,6.3702,False,3.0,neighborhood_3x,variant_391
XAUEUR#,0.56,0.02,3.0,4.8,216,both,,,,,,,9.4033,36,2,2,0.7778,335.4348,-2.0048,-3.6354,6.6584,False,3.0,neighborhood_3x,variant_392
XAUEUR#,0.56,0.02,3.0,4.8,288,both,,,,,,,9.6016,36,2,2,0.7778,335.4898,-2.0048,-3.6354,6.8567,False,3.0,neighborhood_3x,variant_393
XAUEUR#,0.56,0.02,3.0,5.4,168,both,,,,,,,8.787,35,2,2,0.8,335.3804,-1.0974,-2.2877,5.6624,False,3.0,neighborhood_3x,variant_394
XAUEUR#,0.56,0.02,3.0,5.4,216,both,,,,,,,9.0432,35,2,2,0.8,335.4604,-1.0974,-2.2877,5.9186,False,3.0,neighborhood_3x,variant_395
XAUEUR#,0.56,0.02,3.0,5.4,288,both,,,,,,,9.2195,35,2,2,0.8,335.5154,-1.0974,-2.2877,6.0949,False,3.0,neighborhood_3x,variant_396
XAUEUR#,0.58,0.0,2.2,4.2,168,both,,,,,,,4.9182,33,2,2,0.7273,333.8804,-0.632,-2.2387,1.9508,False,3.0,neighborhood_3x,variant_397
XAUEUR#,0.58,0.0,2.2,4.2,216,both,,,,,,,5.1926,33,2,2,0.7576,333.9408,-0.632,-2.2387,2.2252,False,3.0,neighborhood_3x,variant_398
XAUEUR#,0.58,0.0,2.2,4.2,288,both,,,,,,,5.7008,33,2,2,0.7576,334.0108,-0.632,-2.2387,2.7334,False,3.0,neighborhood_3x,variant_399
XAUEUR#,0.58,0.0,2.2,4.8,168,both,,,,,,,6.1197,30,3,2,0.8,334.3283,0.2764,-1.512,2.6939,False,3.0,neighborhood_3x,variant_400
XAUEUR#,0.58,0.0,2.2,4.8,216,both,,,,,,,6.3597,30,3,2,0.8333,334.4995,0.2764,-1.512,2.9339,False,3.0,neighborhood_3x,variant_401
XAUEUR#,0.58,0.0,2.2,4.8,288,both,,,,,,,6.8044,30,3,2,0.8333,334.6229,0.2764,-1.512,3.3786,False,3.0,neighborhood_3x,variant_402
XAUEUR#,0.58,0.0,2.2,5.4,168,both,,,,,,,5.4685,30,3,2,0.8,334.3298,0.2744,-1.2549,2.3946,False,3.0,neighborhood_3x,variant_403
XAUEUR#,0.58,0.0,2.2,5.4,216,both,,,,,,,5.6818,30,3,2,0.8333,334.501,0.2744,-1.2549,2.6079,False,3.0,neighborhood_3x,variant_404
XAUEUR#,0.58,0.0,2.2,5.4,288,both,,,,,,,6.0771,30,3,2,0.8333,334.6244,0.2744,-1.2549,3.0032,False,3.0,neighborhood_3x,variant_405
XAUEUR#,0.58,0.0,2.6,4.2,168,both,,,,,,,5.6764,33,2,2,0.697,333.934,-1.6535,-2.6105,2.6683,False,3.0,neighborhood_3x,variant_406
XAUEUR#,0.58,0.0,2.6,4.2,216,both,,,,,,,5.9507,33,2,2,0.7273,334.0027,-1.6535,-2.6105,2.9426,False,3.0,neighborhood_3x,variant_407
XAUEUR#,0.58,0.0,2.6,4.2,288,both,,,,,,,6.531,33,2,2,0.7273,334.0826,-1.6535,-2.6105,3.5229,False,3.0,neighborhood_3x,variant_408
XAUEUR#,0.58,0.0,2.6,4.8,168,both,,,,,,,6.7832,30,2,2,0.7667,334.426,-0.6174,-2.5647,3.3217,False,3.0,neighborhood_3x,variant_409
XAUEUR#,0.58,0.0,2.6,4.8,216,both,,,,,,,7.0232,30,2,2,0.8,334.6216,-0.6174,-2.5647,3.5617,False,3.0,neighborhood_3x,variant_410
XAUEUR#,0.58,0.0,2.6,4.8,288,both,,,,,,,7.531,30,2,2,0.8,334.7625,-0.6174,-2.5647,4.0695,False,3.0,neighborhood_3x,variant_411
XAUEUR#,0.58,0.0,2.6,5.4,168,both,,,,,,,6.0264,30,2,2,0.7667,334.4267,-0.5519,-2.2797,2.9526,False,3.0,neighborhood_3x,variant_412
XAUEUR#,0.58,0.0,2.6,5.4,216,both,,,,,,,6.2398,30,2,2,0.8,334.6223,-0.5519,-2.2797,3.166,False,3.0,neighborhood_3x,variant_413
XAUEUR#,0.58,0.0,2.6,5.4,288,both,,,,,,,6.6911,30,2,2,0.8,334.7632,-0.5519,-2.2797,3.6173,False,3.0,neighborhood_3x,variant_414
XAUEUR#,0.58,0.0,3.0,4.2,168,both,,,,,,,3.9324,28,2,1,0.6429,334.2971,-3.8971,-5.2649,3.6889,False,3.0,neighborhood_3x,variant_415
XAUEUR#,0.58,0.0,3.0,4.2,216,both,,,,,,,4.2067,28,2,1,0.6786,334.4891,-3.8971,-5.2649,3.9632,False,3.0,neighborhood_3x,variant_416
XAUEUR#,0.58,0.0,3.0,4.2,288,both,,,,,,,5.0528,28,2,1,0.6786,334.6945,-3.8971,-5.2649,4.8093,False,3.0,neighborhood_3x,variant_417
XAUEUR#,0.58,0.0,3.0,4.8,168,both,,,,,,,4.2703,26,2,1,0.6923,334.3191,-2.5806,-4.2242,3.2278,False,3.0,neighborhood_3x,variant_418
XAUEUR#,0.58,0.0,3.0,4.8,216,both,,,,,,,4.5103,26,2,1,0.7308,334.511,-2.5806,-4.2242,3.4678,False,3.0,neighborhood_3x,variant_419
XAUEUR#,0.58,0.0,3.0,4.8,288,both,,,,,,,5.2506,26,2,1,0.7308,334.7165,-2.5806,-4.2242,4.2081,False,3.0,neighborhood_3x,variant_420
XAUEUR#,0.58,0.0,3.0,5.4,168,both,,,,,,,5.0826,26,2,1,0.7308,334.3774,-1.007,-2.2797,2.8691,False,3.0,neighborhood_3x,variant_421
XAUEUR#,0.58,0.0,3.0,5.4,216,both,,,,,,,5.296,26,2,1,0.7692,334.5693,-1.007,-2.2797,3.0825,False,3.0,neighborhood_3x,variant_422
XAUEUR#,0.58,0.0,3.0,5.4,288,both,,,,,,,5.954,26,2,1,0.7692,334.7748,-1.007,-2.2797,3.7405,False,3.0,neighborhood_3x,variant_423
XAUEUR#,0.58,0.02,2.2,4.2,168,both,,,,,,,4.9182,33,2,2,0.7273,333.8804,-0.632,-2.2387,1.9508,False,3.0,neighborhood_3x,variant_424
XAUEUR#,0.58,0.02,2.2,4.2,216,both,,,,,,,5.1926,33,2,2,0.7576,333.9408,-0.632,-2.2387,2.2252,False,3.0,neighborhood_3x,variant_425
XAUEUR#,0.58,0.02,2.2,4.2,288,both,,,,,,,5.7008,33,2,2,0.7576,334.0108,-0.632,-2.2387,2.7334,False,3.0,neighborhood_3x,variant_426
XAUEUR#,0.58,0.02,2.2,4.8,168,both,,,,,,,6.1197,30,3,2,0.8,334.3283,0.2764,-1.512,2.6939,False,3.0,neighborhood_3x,variant_427
XAUEUR#,0.58,0.02,2.2,4.8,216,both,,,,,,,6.3597,30,3,2,0.8333,334.4995,0.2764,-1.512,2.9339,False,3.0,neighborhood_3x,variant_428
XAUEUR#,0.58,0.02,2.2,4.8,288,both,,,,,,,6.8044,30,3,2,0.8333,334.6229,0.2764,-1.512,3.3786,False,3.0,neighborhood_3x,variant_429
XAUEUR#,0.58,0.02,2.2,5.4,168,both,,,,,,,5.4685,30,3,2,0.8,334.3298,0.2744,-1.2549,2.3946,False,3.0,neighborhood_3x,variant_430
XAUEUR#,0.58,0.02,2.2,5.4,216,both,,,,,,,5.6818,30,3,2,0.8333,334.501,0.2744,-1.2549,2.6079,False,3.0,neighborhood_3x,variant_431
XAUEUR#,0.58,0.02,2.2,5.4,288,both,,,,,,,6.0771,30,3,2,0.8333,334.6244,0.2744,-1.2549,3.0032,False,3.0,neighborhood_3x,variant_432
XAUEUR#,0.58,0.02,2.6,4.2,168,both,,,,,,,5.6764,33,2,2,0.697,333.934,-1.6535,-2.6105,2.6683,False,3.0,neighborhood_3x,variant_433
XAUEUR#,0.58,0.02,2.6,4.2,216,both,,,,,,,5.9507,33,2,2,0.7273,334.0027,-1.6535,-2.6105,2.9426,False,3.0,neighborhood_3x,variant_434
XAUEUR#,0.58,0.02,2.6,4.2,288,both,,,,,,,6.531,33,2,2,0.7273,334.0826,-1.6535,-2.6105,3.5229,False,3.0,neighborhood_3x,variant_435
XAUEUR#,0.58,0.02,2.6,4.8,168,both,,,,,,,6.7832,30,2,2,0.7667,334.426,-0.6174,-2.5647,3.3217,False,3.0,neighborhood_3x,variant_436
XAUEUR#,0.58,0.02,2.6,4.8,216,both,,,,,,,7.0232,30,2,2,0.8,334.6216,-0.6174,-2.5647,3.5617,False,3.0,neighborhood_3x,variant_437
XAUEUR#,0.58,0.02,2.6,4.8,288,both,,,,,,,7.531,30,2,2,0.8,334.7625,-0.6174,-2.5647,4.0695,False,3.0,neighborhood_3x,variant_438
XAUEUR#,0.58,0.02,2.6,5.4,168,both,,,,,,,6.0264,30,2,2,0.7667,334.4267,-0.5519,-2.2797,2.9526,False,3.0,neighborhood_3x,variant_439
XAUEUR#,0.58,0.02,2.6,5.4,216,both,,,,,,,6.2398,30,2,2,0.8,334.6223,-0.5519,-2.2797,3.166,False,3.0,neighborhood_3x,variant_440
XAUEUR#,0.58,0.02,2.6,5.4,288,both,,,,,,,6.6911,30,2,2,0.8,334.7632,-0.5519,-2.2797,3.6173,False,3.0,neighborhood_3x,variant_441
XAUEUR#,0.58,0.02,3.0,4.2,168,both,,,,,,,3.9324,28,2,1,0.6429,334.2971,-3.8971,-5.2649,3.6889,False,3.0,neighborhood_3x,variant_442
XAUEUR#,0.58,0.02,3.0,4.2,216,both,,,,,,,4.2067,28,2,1,0.6786,334.4891,-3.8971,-5.2649,3.9632,False,3.0,neighborhood_3x,variant_443
XAUEUR#,0.58,0.02,3.0,4.2,288,both,,,,,,,5.0528,28,2,1,0.6786,334.6945,-3.8971,-5.2649,4.8093,False,3.0,neighborhood_3x,variant_444
XAUEUR#,0.58,0.02,3.0,4.8,168,both,,,,,,,4.2703,26,2,1,0.6923,334.3191,-2.5806,-4.2242,3.2278,False,3.0,neighborhood_3x,variant_445
XAUEUR#,0.58,0.02,3.0,4.8,216,both,,,,,,,4.5103,26,2,1,0.7308,334.511,-2.5806,-4.2242,3.4678,False,3.0,neighborhood_3x,variant_446
XAUEUR#,0.58,0.02,3.0,4.8,288,both,,,,,,,5.2506,26,2,1,0.7308,334.7165,-2.5806,-4.2242,4.2081,False,3.0,neighborhood_3x,variant_447
XAUEUR#,0.58,0.02,3.0,5.4,168,both,,,,,,,5.0826,26,2,1,0.7308,334.3774,-1.007,-2.2797,2.8691,False,3.0,neighborhood_3x,variant_448
XAUEUR#,0.58,0.02,3.0,5.4,216,both,,,,,,,5.296,26,2,1,0.7692,334.5693,-1.007,-2.2797,3.0825,False,3.0,neighborhood_3x,variant_449
XAUEUR#,0.58,0.02,3.0,5.4,288,both,,,,,,,5.954,26,2,1,0.7692,334.7748,-1.007,-2.2797,3.7405,False,3.0,neighborhood_3x,variant_450
XAUEUR#,0.6,0.0,2.2,4.2,168,both,,,,,,,8.0753,24,3,2,0.8333,334.7808,2.494,-2.1158,3.0752,False,3.0,neighborhood_3x,variant_451
XAUEUR#,0.6,0.0,2.2,4.2,216,both,,,,,,,8.0753,24,3,2,0.8333,334.7808,2.494,-2.1158,3.0752,False,3.0,neighborhood_3x,variant_452
XAUEUR#,0.6,0.0,2.2,4.2,288,both,,,,,,,8.0753,24,3,2,0.8333,334.7808,2.494,-2.1158,3.0752,False,3.0,neighborhood_3x,variant_453
XAUEUR#,0.6,0.0,2.2,4.8,168,both,,,,,,,7.4254,23,3,2,0.8696,334.8678,2.1928,-1.3548,2.6908,False,3.0,neighborhood_3x,variant_454
XAUEUR#,0.6,0.0,2.2,4.8,216,both,,,,,,,7.4254,23,3,2,0.8696,334.8678,2.1928,-1.3548,2.6908,False,3.0,neighborhood_3x,variant_455
XAUEUR#,0.6,0.0,2.2,4.8,288,both,,,,,,,7.4254,23,3,2,0.8696,334.8678,2.1928,-1.3548,2.6908,False,3.0,neighborhood_3x,variant_456
XAUEUR#,0.6,0.0,2.2,5.4,168,both,,,,,,,6.3247,23,3,2,0.8696,334.6704,1.9492,-1.2042,2.2072,False,3.0,neighborhood_3x,variant_457
XAUEUR#,0.6,0.0,2.2,5.4,216,both,,,,,,,6.3247,23,3,2,0.8696,334.6704,1.9492,-1.2042,2.2072,False,3.0,neighborhood_3x,variant_458
XAUEUR#,0.6,0.0,2.2,5.4,288,both,,,,,,,6.3247,23,3,2,0.8696,334.6704,1.9492,-1.2042,2.2072,False,3.0,neighborhood_3x,variant_459
XAUEUR#,0.6,0.0,2.6,4.2,168,both,,,,,,,7.6898,23,3,1,0.7826,334.7329,0.6455,-2.1158,3.6684,False,3.0,neighborhood_3x,variant_460
XAUEUR#,0.6,0.0,2.6,4.2,216,both,,,,,,,7.6898,23,3,1,0.7826,334.7329,0.6455,-2.1158,3.6684,False,3.0,neighborhood_3x,variant_461
XAUEUR#,0.6,0.0,2.6,4.2,288,both,,,,,,,7.6898,23,3,1,0.7826,334.7329,0.6455,-2.1158,3.6684,False,3.0,neighborhood_3x,variant_462
XAUEUR#,0.6,0.0,2.6,4.8,168,both,,,,,,,7.088,22,3,2,0.8182,334.7697,0.9243,-1.3548,3.2098,False,3.0,neighborhood_3x,variant_463
XAUEUR#,0.6,0.0,2.6,4.8,216,both,,,,,,,7.088,22,3,2,0.8182,334.7697,0.9243,-1.3548,3.2098,False,3.0,neighborhood_3x,variant_464
XAUEUR#,0.6,0.0,2.6,4.8,288,both,,,,,,,7.088,22,3,2,0.8182,334.7697,0.9243,-1.3548,3.2098,False,3.0,neighborhood_3x,variant_465
XAUEUR#,0.6,0.0,2.6,5.4,168,both,,,,,,,5.992,22,3,2,0.8182,334.5564,0.7306,-1.2042,2.6357,False,3.0,neighborhood_3x,variant_466
XAUEUR#,0.6,0.0,2.6,5.4,216,both,,,,,,,5.992,22,3,2,0.8182,334.5564,0.7306,-1.2042,2.6357,False,3.0,neighborhood_3x,variant_467
XAUEUR#,0.6,0.0,2.6,5.4,288,both,,,,,,,5.992,22,3,2,0.8182,334.5564,0.7306,-1.2042,2.6357,False,3.0,neighborhood_3x,variant_468
XAUEUR#,0.6,0.0,3.0,4.2,168,both,,,,,,,5.7767,22,2,1,0.7273,334.499,-0.8123,-2.7264,3.158,False,3.0,neighborhood_3x,variant_469
XAUEUR#,0.6,0.0,3.0,4.2,216,both,,,,,,,5.7767,22,2,1,0.7273,334.499,-0.8123,-2.7264,3.158,False,3.0,neighborhood_3x,variant_470
XAUEUR#,0.6,0.0,3.0,4.2,288,both,,,,,,,5.7767,22,2,1,0.7273,334.499,-0.8123,-2.7264,3.158,False,3.0,neighborhood_3x,variant_471
XAUEUR#,0.6,0.0,3.0,4.8,168,both,,,,,,,5.4141,21,2,1,0.7619,334.5204,-0.3512,-2.3856,2.7632,False,3.0,neighborhood_3x,variant_472
XAUEUR#,0.6,0.0,3.0,4.8,216,both,,,,,,,5.4141,21,2,1,0.7619,334.5204,-0.3512,-2.3856,2.7632,False,3.0,neighborhood_3x,variant_473
XAUEUR#,0.6,0.0,3.0,4.8,288,both,,,,,,,5.4141,21,2,1,0.7619,334.5204,-0.3512,-2.3856,2.7632,False,3.0,neighborhood_3x,variant_474
XAUEUR#,0.6,0.0,3.0,5.4,168,both,,,,,,,6.7497,22,3,2,0.8182,334.6812,1.1888,-1.2042,2.8924,False,3.0,neighborhood_3x,variant_475
XAUEUR#,0.6,0.0,3.0,5.4,216,both,,,,,,,6.7497,22,3,2,0.8182,334.6812,1.1888,-1.2042,2.8924,False,3.0,neighborhood_3x,variant_476
XAUEUR#,0.6,0.0,3.0,5.4,288,both,,,,,,,6.7497,22,3,2,0.8182,334.6812,1.1888,-1.2042,2.8924,False,3.0,neighborhood_3x,variant_477
XAUEUR#,0.6,0.02,2.2,4.2,168,both,,,,,,,8.0753,24,3,2,0.8333,334.7808,2.494,-2.1158,3.0752,False,3.0,neighborhood_3x,variant_478
XAUEUR#,0.6,0.02,2.2,4.2,216,both,,,,,,,8.0753,24,3,2,0.8333,334.7808,2.494,-2.1158,3.0752,False,3.0,neighborhood_3x,variant_479
XAUEUR#,0.6,0.02,2.2,4.2,288,both,,,,,,,8.0753,24,3,2,0.8333,334.7808,2.494,-2.1158,3.0752,False,3.0,neighborhood_3x,variant_480
XAUEUR#,0.6,0.02,2.2,4.8,168,both,,,,,,,7.4254,23,3,2,0.8696,334.8678,2.1928,-1.3548,2.6908,False,3.0,neighborhood_3x,variant_481
XAUEUR#,0.6,0.02,2.2,4.8,216,both,,,,,,,7.4254,23,3,2,0.8696,334.8678,2.1928,-1.3548,2.6908,False,3.0,neighborhood_3x,variant_482
XAUEUR#,0.6,0.02,2.2,4.8,288,both,,,,,,,7.4254,23,3,2,0.8696,334.8678,2.1928,-1.3548,2.6908,False,3.0,neighborhood_3x,variant_483
XAUEUR#,0.6,0.02,2.2,5.4,168,both,,,,,,,6.3247,23,3,2,0.8696,334.6704,1.9492,-1.2042,2.2072,False,3.0,neighborhood_3x,variant_484
XAUEUR#,0.6,0.02,2.2,5.4,216,both,,,,,,,6.3247,23,3,2,0.8696,334.6704,1.9492,-1.2042,2.2072,False,3.0,neighborhood_3x,variant_485
XAUEUR#,0.6,0.02,2.2,5.4,288,both,,,,,,,6.3247,23,3,2,0.8696,334.6704,1.9492,-1.2042,2.2072,False,3.0,neighborhood_3x,variant_486
XAUEUR#,0.6,0.02,2.6,4.2,168,both,,,,,,,7.6898,23,3,1,0.7826,334.7329,0.6455,-2.1158,3.6684,False,3.0,neighborhood_3x,variant_487
XAUEUR#,0.6,0.02,2.6,4.2,216,both,,,,,,,7.6898,23,3,1,0.7826,334.7329,0.6455,-2.1158,3.6684,False,3.0,neighborhood_3x,variant_488
XAUEUR#,0.6,0.02,2.6,4.2,288,both,,,,,,,7.6898,23,3,1,0.7826,334.7329,0.6455,-2.1158,3.6684,False,3.0,neighborhood_3x,variant_489
XAUEUR#,0.6,0.02,2.6,4.8,168,both,,,,,,,7.088,22,3,2,0.8182,334.7697,0.9243,-1.3548,3.2098,False,3.0,neighborhood_3x,variant_490
XAUEUR#,0.6,0.02,2.6,4.8,216,both,,,,,,,7.088,22,3,2,0.8182,334.7697,0.9243,-1.3548,3.2098,False,3.0,neighborhood_3x,variant_491
XAUEUR#,0.6,0.02,2.6,4.8,288,both,,,,,,,7.088,22,3,2,0.8182,334.7697,0.9243,-1.3548,3.2098,False,3.0,neighborhood_3x,variant_492
XAUEUR#,0.6,0.02,2.6,5.4,168,both,,,,,,,5.992,22,3,2,0.8182,334.5564,0.7306,-1.2042,2.6357,False,3.0,neighborhood_3x,variant_493
XAUEUR#,0.6,0.02,2.6,5.4,216,both,,,,,,,5.992,22,3,2,0.8182,334.5564,0.7306,-1.2042,2.6357,False,3.0,neighborhood_3x,variant_494
XAUEUR#,0.6,0.02,2.6,5.4,288,both,,,,,,,5.992,22,3,2,0.8182,334.5564,0.7306,-1.2042,2.6357,False,3.0,neighborhood_3x,variant_495
XAUEUR#,0.6,0.02,3.0,4.2,168,both,,,,,,,5.7767,22,2,1,0.7273,334.499,-0.8123,-2.7264,3.158,False,3.0,neighborhood_3x,variant_496
XAUEUR#,0.6,0.02,3.0,4.2,216,both,,,,,,,5.7767,22,2,1,0.7273,334.499,-0.8123,-2.7264,3.158,False,3.0,neighborhood_3x,variant_497
XAUEUR#,0.6,0.02,3.0,4.2,288,both,,,,,,,5.7767,22,2,1,0.7273,334.499,-0.8123,-2.7264,3.158,False,3.0,neighborhood_3x,variant_498
XAUEUR#,0.6,0.02,3.0,4.8,168,both,,,,,,,5.4141,21,2,1,0.7619,334.5204,-0.3512,-2.3856,2.7632,False,3.0,neighborhood_3x,variant_499
XAUEUR#,0.6,0.02,3.0,4.8,216,both,,,,,,,5.4141,21,2,1,0.7619,334.5204,-0.3512,-2.3856,2.7632,False,3.0,neighborhood_3x,variant_500
XAUEUR#,0.6,0.02,3.0,4.8,288,both,,,,,,,5.4141,21,2,1,0.7619,334.5204,-0.3512,-2.3856,2.7632,False,3.0,neighborhood_3x,variant_501
XAUEUR#,0.6,0.02,3.0,5.4,168,both,,,,,,,6.7497,22,3,2,0.8182,334.6812,1.1888,-1.2042,2.8924,False,3.0,neighborhood_3x,variant_502
XAUEUR#,0.6,0.02,3.0,5.4,216,both,,,,,,,6.7497,22,3,2,0.8182,334.6812,1.1888,-1.2042,2.8924,False,3.0,neighborhood_3x,variant_503
XAUEUR#,0.6,0.02,3.0,5.4,288,both,,,,,,,6.7497,22,3,2,0.8182,334.6812,1.1888,-1.2042,2.8924,False,3.0,neighborhood_3x,variant_504
