scheme,fold,bucket_low,bucket_high,observations,predicted_mean,observed_positive_label_rate,absolute_calibration_error
W0_expanding,2018_2020,0.0,0.1,0,,,
W0_expanding,2018_2020,0.1,0.2,21960,0.17647333546034408,0.0977231329690346,0.07875020249130947
W0_expanding,2018_2020,0.2,0.30000000000000004,133096,0.25815755745368363,0.134151289294945,0.12400626815873864
W0_expanding,2018_2020,0.30000000000000004,0.4,229026,0.35261553275028024,0.1593006907512684,0.19331484199901183
W0_expanding,2018_2020,0.4,0.5,263175,0.4493376494629426,0.17652892561983471,0.27280872384310784
W0_expanding,2018_2020,0.5,0.6000000000000001,225361,0.5471784196189585,0.2237299266510177,0.3234484929679408
W0_expanding,2018_2020,0.6000000000000001,0.7000000000000001,146060,0.6464117532631445,0.272025195125291,0.3743865581378535
W0_expanding,2018_2020,0.7000000000000001,0.8,39361,0.7271946235487596,0.2975788216762785,0.4296158018724811
W0_expanding,2018_2020,0.8,0.9,41,0.8074543970387157,0.0975609756097561,0.7098934214289596
W0_expanding,2018_2020,0.9,1.0,0,,,
W0_expanding,2021_2022,0.0,0.1,2,0.09880111366510391,0.0,0.09880111366510391
W0_expanding,2021_2022,0.1,0.2,1318,0.18174126446925454,0.06904400606980274,0.1126972583994518
W0_expanding,2021_2022,0.2,0.30000000000000004,66337,0.2705963754668936,0.0811764173839637,0.18941995808292988
W0_expanding,2021_2022,0.30000000000000004,0.4,250273,0.3548157085943614,0.12082006448957738,0.23399564410478402
W0_expanding,2021_2022,0.4,0.5,251232,0.44524804227195997,0.15067746146987646,0.29457058080208354
W0_expanding,2021_2022,0.5,0.6000000000000001,107414,0.5427605594214648,0.16460610348744112,0.37815445593402375
W0_expanding,2021_2022,0.6000000000000001,0.7000000000000001,31310,0.6327276564032762,0.18786330245927818,0.44486435394399804
W0_expanding,2021_2022,0.7000000000000001,0.8,311,0.7090380107474864,0.13183279742765272,0.5772052133198337
W0_expanding,2021_2022,0.8,0.9,0,,,
W0_expanding,2021_2022,0.9,1.0,0,,,
W0_expanding,2023_2024,0.0,0.1,0,,,
W0_expanding,2023_2024,0.1,0.2,2530,0.1894814035107967,0.05059288537549407,0.13888851813530262
W0_expanding,2023_2024,0.2,0.30000000000000004,72588,0.2630647563941552,0.0766242354108117,0.18644052098334352
W0_expanding,2023_2024,0.30000000000000004,0.4,241464,0.35620619825838856,0.11718931186429447,0.23901688639409407
W0_expanding,2023_2024,0.4,0.5,272218,0.4453916738666332,0.16180781579469397,0.2835838580719392
W0_expanding,2023_2024,0.5,0.6000000000000001,95538,0.5391371557577747,0.1898092905440767,0.34932786521369796
W0_expanding,2023_2024,0.6000000000000001,0.7000000000000001,23050,0.63468856475617,0.2563123644251627,0.3783762003310073
W0_expanding,2023_2024,0.7000000000000001,0.8,632,0.7105388188663917,0.2800632911392405,0.4304755277271512
W0_expanding,2023_2024,0.8,0.9,0,,,
W0_expanding,2023_2024,0.9,1.0,0,,,
W0_expanding,pooled,0.0,0.1,2,0.09880111366510391,0.0,0.09880111366510391
W0_expanding,pooled,0.1,0.2,25808,0.1780175675822206,0.0916382517048977,0.0863793158773229
W0_expanding,pooled,0.2,0.30000000000000004,272021,0.2625004487276414,0.10588153120531135,0.15661891752233004
W0_expanding,pooled,0.30000000000000004,0.4,720763,0.3545824220957039,0.1318311289563976,0.2227512931393063
W0_expanding,pooled,0.4,0.5,786625,0.44666597518526124,0.1631781344350866,0.28348784075017464
W0_expanding,pooled,0.5,0.6000000000000001,428313,0.5442768352588682,0.2013364058527292,0.342940429406139
W0_expanding,pooled,0.6000000000000001,0.7000000000000001,200420,0.642925731070907,0.25707015267937333,0.38585557839153367
W0_expanding,pooled,0.7000000000000001,0.8,40304,0.7267933438956122,0.29602520841603813,0.4307681354795741
W0_expanding,pooled,0.8,0.9,41,0.8074543970387157,0.0975609756097561,0.7098934214289596
W0_expanding,pooled,0.9,1.0,0,,,
W1_trailing_24m,2018_2020,0.0,0.1,3356,0.08533969163757009,0.11501787842669844,0.029678186789128355
W1_trailing_24m,2018_2020,0.1,0.2,68046,0.16295993427601987,0.1443582282573553,0.018601706018664566
W1_trailing_24m,2018_2020,0.2,0.30000000000000004,146644,0.25073109519538644,0.16234554431139359,0.08838555088399286
W1_trailing_24m,2018_2020,0.30000000000000004,0.4,178494,0.35335383799796916,0.14950082355709435,0.2038530144408748
W1_trailing_24m,2018_2020,0.4,0.5,237310,0.4510753499373268,0.16775947073448233,0.28331587920284446
W1_trailing_24m,2018_2020,0.5,0.6000000000000001,220435,0.5477334747095541,0.21988341234377481,0.3278500623657793
W1_trailing_24m,2018_2020,0.6000000000000001,0.7000000000000001,145320,0.644489355335674,0.2630952380952381,0.38139411724043587
W1_trailing_24m,2018_2020,0.7000000000000001,0.8,54869,0.7377015972368183,0.2975632871020066,0.4401383101348117
W1_trailing_24m,2018_2020,0.8,0.9,3606,0.8182034317116835,0.3521907931225735,0.46601263858911
W1_trailing_24m,2018_2020,0.9,1.0,0,,,
W1_trailing_24m,2021_2022,0.0,0.1,0,,,
W1_trailing_24m,2021_2022,0.1,0.2,2973,0.17676864738591463,0.08005381769256643,0.0967148296933482
W1_trailing_24m,2021_2022,0.2,0.30000000000000004,52806,0.26722369312030037,0.09031170700299208,0.1769119861173083
W1_trailing_24m,2021_2022,0.30000000000000004,0.4,210950,0.3565066600160933,0.10866556055937426,0.24784109945671906
W1_trailing_24m,2021_2022,0.4,0.5,262440,0.4477591413030799,0.14397576588934613,0.3037833754137338
W1_trailing_24m,2021_2022,0.5,0.6000000000000001,135683,0.5412618247881562,0.17225444602492573,0.3690073787632305
W1_trailing_24m,2021_2022,0.6000000000000001,0.7000000000000001,38338,0.6373022732286177,0.18973342375710783,0.4475688494715098
W1_trailing_24m,2021_2022,0.7000000000000001,0.8,4860,0.7299709292473616,0.16707818930041152,0.5628927399469501
W1_trailing_24m,2021_2022,0.8,0.9,147,0.8100962273928584,0.0,0.8100962273928584
W1_trailing_24m,2021_2022,0.9,1.0,0,,,
W1_trailing_24m,2023_2024,0.0,0.1,0,,,
W1_trailing_24m,2023_2024,0.1,0.2,76,0.19281850186617752,0.013157894736842105,0.1796606071293354
W1_trailing_24m,2023_2024,0.2,0.30000000000000004,35733,0.27078583956113395,0.07147454733719531,0.19931129222393862
W1_trailing_24m,2023_2024,0.30000000000000004,0.4,147233,0.359016325726595,0.09946818987591097,0.25954813585068404
W1_trailing_24m,2023_2024,0.4,0.5,238631,0.45048798920365096,0.14162451651294258,0.30886347269070835
W1_trailing_24m,2023_2024,0.5,0.6000000000000001,230900,0.5443158000761836,0.17313555651797316,0.37118024355821044
W1_trailing_24m,2023_2024,0.6000000000000001,0.7000000000000001,51313,0.6336189592153869,0.2018591779860854,0.4317597812293015
W1_trailing_24m,2023_2024,0.7000000000000001,0.8,4129,0.7259157673300366,0.22257205134415112,0.5033437159858855
W1_trailing_24m,2023_2024,0.8,0.9,5,0.8045348763465882,0.6,0.20453487634658818
W1_trailing_24m,2023_2024,0.9,1.0,0,,,
W1_trailing_24m,pooled,0.0,0.1,3356,0.08533969163757009,0.11501787842669844,0.029678186789128355
W1_trailing_24m,pooled,0.1,0.2,71095,0.16356929576715945,0.14152894015050285,0.0220403556166566
W1_trailing_24m,pooled,0.2,0.30000000000000004,235183,0.2574812612637003,0.13236500937567766,0.12511625188802264
W1_trailing_24m,pooled,0.30000000000000004,0.4,536677,0.35614656595253413,0.11972378171600423,0.2364227842365299
W1_trailing_24m,pooled,0.4,0.5,738381,0.4497068582328957,0.15085978647879617,0.2988470717540995
W1_trailing_24m,pooled,0.5,0.6000000000000001,587018,0.5448932995375316,0.1904864927480929,0.3544068067894387
W1_trailing_24m,pooled,0.6000000000000001,0.7000000000000001,234971,0.6409428283602574,0.23775274395563709,0.40319008440462034
W1_trailing_24m,pooled,0.7000000000000001,0.8,63858,0.7363511832226954,0.2827836762817501,0.45356750694094533
W1_trailing_24m,pooled,0.8,0.9,3758,0.817868119893777,0.33874401277275146,0.4791241071210255
W1_trailing_24m,pooled,0.9,1.0,0,,,
W2_trailing_18m,2018_2020,0.0,0.1,5490,0.08622608328194023,0.1453551912568306,0.05912910797489038
W2_trailing_18m,2018_2020,0.1,0.2,88494,0.16146387091560638,0.16597735439690828,0.0045134834813019
W2_trailing_18m,2018_2020,0.2,0.30000000000000004,150352,0.24935041760467408,0.16015084601468554,0.08919957158998854
W2_trailing_18m,2018_2020,0.30000000000000004,0.4,192505,0.35294652320075937,0.14852601231136853,0.20442051088939084
W2_trailing_18m,2018_2020,0.4,0.5,232786,0.45051560196690593,0.17601144398718135,0.2745041579797246
W2_trailing_18m,2018_2020,0.5,0.6000000000000001,202997,0.5476033195015012,0.22316585959398413,0.32443745990751705
W2_trailing_18m,2018_2020,0.6000000000000001,0.7000000000000001,132412,0.6452028665003905,0.2560795094100233,0.3891233570903672
W2_trailing_18m,2018_2020,0.7000000000000001,0.8,49885,0.7369863309386595,0.3071263906986068,0.4298599402400527
W2_trailing_18m,2018_2020,0.8,0.9,3159,0.8219158568877365,0.36435580880025326,0.45756004808748324
W2_trailing_18m,2018_2020,0.9,1.0,0,,,
W2_trailing_18m,2021_2022,0.0,0.1,13,0.09483105116165601,0.0,0.09483105116165601
W2_trailing_18m,2021_2022,0.1,0.2,2044,0.17619979846311293,0.12915851272015655,0.04704128574295638
W2_trailing_18m,2021_2022,0.2,0.30000000000000004,26784,0.26569386418595053,0.09330197132616487,0.17239189285978568
W2_trailing_18m,2021_2022,0.30000000000000004,0.4,137326,0.3605838208362405,0.10229672458238061,0.2582870962538599
W2_trailing_18m,2021_2022,0.4,0.5,281610,0.4514288458256579,0.13285039593764425,0.31857844988801365
W2_trailing_18m,2021_2022,0.5,0.6000000000000001,193848,0.5426351774222099,0.16129132103503777,0.38134385638717216
W2_trailing_18m,2021_2022,0.6000000000000001,0.7000000000000001,56398,0.6383662474724439,0.17502393701904323,0.46334231045340063
W2_trailing_18m,2021_2022,0.7000000000000001,0.8,9552,0.7328589639721603,0.18059045226130654,0.5522685117108538
W2_trailing_18m,2021_2022,0.8,0.9,620,0.8224139475053357,0.14193548387096774,0.6804784636343679
W2_trailing_18m,2021_2022,0.9,1.0,2,0.9056329429149628,0.0,0.9056329429149628
W2_trailing_18m,2023_2024,0.0,0.1,0,,,
W2_trailing_18m,2023_2024,0.1,0.2,960,0.1901235425689568,0.040625,0.1494985425689568
W2_trailing_18m,2023_2024,0.2,0.30000000000000004,58604,0.2663304099028558,0.07286192068800765,0.19346848921484813
W2_trailing_18m,2023_2024,0.30000000000000004,0.4,149546,0.35443396489333523,0.1036804728979712,0.250753491995364
W2_trailing_18m,2023_2024,0.4,0.5,244345,0.45097537931883375,0.14452106652479077,0.306454312794043
W2_trailing_18m,2023_2024,0.5,0.6000000000000001,204370,0.5440227599735333,0.17837745265939228,0.365645307314141
W2_trailing_18m,2023_2024,0.6000000000000001,0.7000000000000001,46306,0.6320874395869605,0.20727335550468623,0.4248140840822742
W2_trailing_18m,2023_2024,0.7000000000000001,0.8,3821,0.7287580007441036,0.2797696937974352,0.44898830694666836
W2_trailing_18m,2023_2024,0.8,0.9,68,0.8158085758195204,0.058823529411764705,0.7569850464077557
W2_trailing_18m,2023_2024,0.9,1.0,0,,,
W2_trailing_18m,pooled,0.0,0.1,5503,0.08624641120896845,0.14501181173905142,0.05876540053008297
W2_trailing_18m,pooled,0.1,0.2,91498,0.16209375922676422,0.16383964676823537,0.0017458875414711472
W2_trailing_18m,pooled,0.2,0.30000000000000004,235740,0.25542846266226105,0.13085602782726732,0.12457243483499372
W2_trailing_18m,pooled,0.30000000000000004,0.4,479377,0.35559838278194084,0.12129284467131297,0.23430553811062788
W2_trailing_18m,pooled,0.4,0.5,758741,0.45100262309812195,0.1498508713777165,0.3011517517204054
W2_trailing_18m,pooled,0.5,0.6000000000000001,601215,0.5447843223764839,0.1879909849221992,0.35679333745428465
W2_trailing_18m,pooled,0.6000000000000001,0.7000000000000001,235116,0.6409798676462443,0.22702410724918765,0.4139557603970566
W2_trailing_18m,pooled,0.7000000000000001,0.8,63258,0.7358660764421943,0.2863669417306902,0.44949913471150404
W2_trailing_18m,pooled,0.8,0.9,3847,0.8218881784552625,0.3231089160384715,0.498779262416791
W2_trailing_18m,pooled,0.9,1.0,2,0.9056329429149628,0.0,0.9056329429149628
W3_trailing_12m,2018_2020,0.0,0.1,3322,0.08902121511103517,0.11348585189644793,0.02446463678541276
W3_trailing_12m,2018_2020,0.1,0.2,79371,0.16246361660807293,0.17299769437199986,0.010534077763926925
W3_trailing_12m,2018_2020,0.2,0.30000000000000004,138933,0.250668981277088,0.17247882072653725,0.07819016055055072
W3_trailing_12m,2018_2020,0.30000000000000004,0.4,185087,0.3527741016132537,0.1575259202429128,0.1952481813703409
W3_trailing_12m,2018_2020,0.4,0.5,246315,0.4515280522545999,0.17741915839473846,0.2741088938598615
W3_trailing_12m,2018_2020,0.5,0.6000000000000001,240941,0.5476949457036421,0.2159034784449305,0.33179146725871156
W3_trailing_12m,2018_2020,0.6000000000000001,0.7000000000000001,125390,0.64141292141731,0.24397479862827975,0.39743812278903023
W3_trailing_12m,2018_2020,0.7000000000000001,0.8,35939,0.7364290345855831,0.2974484543253847,0.43898058026019837
W3_trailing_12m,2018_2020,0.8,0.9,2782,0.8231299794422989,0.2092020129403307,0.6139279665019682
W3_trailing_12m,2018_2020,0.9,1.0,0,,,
W3_trailing_12m,2021_2022,0.0,0.1,59,0.08903487999055346,0.2033898305084746,0.11435495051792113
W3_trailing_12m,2021_2022,0.1,0.2,2990,0.16971488466430268,0.14749163879598662,0.02222324586831606
W3_trailing_12m,2021_2022,0.2,0.30000000000000004,24748,0.2659393063828732,0.11604978180054953,0.14988952458232369
W3_trailing_12m,2021_2022,0.30000000000000004,0.4,110578,0.3604171540167766,0.1114869142144007,0.24893023980237589
W3_trailing_12m,2021_2022,0.4,0.5,263715,0.45315920180695624,0.12604895436361224,0.327110247443344
W3_trailing_12m,2021_2022,0.5,0.6000000000000001,221309,0.5438028146480618,0.1511822835944313,0.3926205310536305
W3_trailing_12m,2021_2022,0.6000000000000001,0.7000000000000001,72549,0.6381127679970255,0.17654275041695958,0.461570017580066
W3_trailing_12m,2021_2022,0.7000000000000001,0.8,11826,0.7302605147523443,0.1617622188398444,0.5684982959124999
W3_trailing_12m,2021_2022,0.8,0.9,423,0.8250862519228148,0.2364066193853428,0.588679632537472
W3_trailing_12m,2021_2022,0.9,1.0,0,,,
W3_trailing_12m,2023_2024,0.0,0.1,92,0.09419376791819283,0.03260869565217391,0.06158507226601891
W3_trailing_12m,2023_2024,0.1,0.2,16974,0.16590292857881075,0.08000471309060916,0.08589821548820159
W3_trailing_12m,2023_2024,0.2,0.30000000000000004,56797,0.2603576697071629,0.08542704720319735,0.17493062250396554
W3_trailing_12m,2023_2024,0.30000000000000004,0.4,169237,0.3560132870324078,0.11740931356618234,0.23860397346622547
W3_trailing_12m,2023_2024,0.4,0.5,233468,0.45129600077561655,0.14840577723713744,0.3028902235384791
W3_trailing_12m,2023_2024,0.5,0.6000000000000001,182442,0.5418649147329602,0.17339757292728647,0.3684673418056737
W3_trailing_12m,2023_2024,0.6000000000000001,0.7000000000000001,42635,0.6364070462903734,0.19920253313005745,0.43720451316031594
W3_trailing_12m,2023_2024,0.7000000000000001,0.8,6148,0.7319505479266757,0.2192582953806116,0.5126922525460641
W3_trailing_12m,2023_2024,0.8,0.9,227,0.817559055032184,0.2026431718061674,0.6149158832260165
W3_trailing_12m,2023_2024,0.9,1.0,0,,,
W3_trailing_12m,pooled,0.0,0.1,3473,0.08915846851908299,0.1128707169594011,0.023712248440318107
W3_trailing_12m,pooled,0.1,0.2,99335,0.1632695779799905,0.15633965873055822,0.006929919249432287
W3_trailing_12m,pooled,0.2,0.30000000000000004,220478,0.2548789180620776,0.1437195547855115,0.11115936327656609
W3_trailing_12m,pooled,0.30000000000000004,0.4,464902,0.3557711708266753,0.1319718994540785,0.2237992713725968
W3_trailing_12m,pooled,0.4,0.5,743498,0.45203374562499815,0.15008782807754695,0.3019459175474512
W3_trailing_12m,pooled,0.5,0.6000000000000001,644692,0.5447090142167731,0.18165728751093546,0.36305172670583763
W3_trailing_12m,pooled,0.6000000000000001,0.7000000000000001,240574,0.6395305554237897,0.2157049390208418,0.42382561640294786
W3_trailing_12m,pooled,0.7000000000000001,0.8,53913,0.7345652419654943,0.25876875707157826,0.47579648489391607
W3_trailing_12m,pooled,0.8,0.9,3432,0.8230026202984068,0.21212121212121213,0.6108814081771946
W3_trailing_12m,pooled,0.9,1.0,0,,,
