scheme,fold,bucket_low,bucket_high,observations,independent_episodes,executable_trades,realized_wr,mean_r,pf,average_realized_r
W0_expanding,2018_2020,0.5,0.55,122818,22072,4894,0.34940743767879034,-0.27631260231604465,0.5855317102095063,-0.27631260231604465
W0_expanding,2021_2022,0.5,0.55,65224,12697,2962,0.3193787981093856,-0.3363055971484365,0.5252285591365161,-0.3363055971484365
W0_expanding,2023_2024,0.5,0.55,63438,11112,2780,0.38273381294964026,-0.2144600991911339,0.667658026311819,-0.2144600991911339
W0_expanding,pooled,0.5,0.55,251480,45881,10636,0.3497555471981948,-0.2768531525234809,0.5884395131665505,-0.2768531525234809
W0_expanding,2018_2020,0.55,0.6,102543,17716,3733,0.331904634342352,-0.3009307713881547,0.556887456655962,-0.3009307713881547
W0_expanding,2021_2022,0.55,0.6,42190,7926,1886,0.3022269353128314,-0.3398359749234535,0.529701977214602,-0.3398359749234535
W0_expanding,2023_2024,0.55,0.6,32100,5860,1488,0.37163978494623656,-0.22632254199449767,0.653634467113614,-0.22632254199449767
W0_expanding,pooled,0.55,0.6,176833,31502,7107,0.3323483889123399,-0.2956343268306497,0.5685946116488958,-0.2956343268306497
W0_expanding,2018_2020,0.6,0.65,80716,13349,2444,0.33469721767594107,-0.2854744749142786,0.5706446050172752,-0.2854744749142786
W0_expanding,2021_2022,0.6,0.65,23875,4244,1032,0.29844961240310075,-0.3408988140050065,0.530990175151916,-0.3408988140050065
W0_expanding,2023_2024,0.6,0.65,16961,2723,723,0.37621023513139695,-0.19072207532267743,0.704689589940536,-0.19072207532267743
W0_expanding,pooled,0.6,0.65,121552,20316,4199,0.3329364134317695,-0.28278143681875667,0.5822017325696834,-0.28278143681875667
W0_expanding,2018_2020,0.65,0.7,65344,9338,1630,0.3147239263803681,-0.33045318426597814,0.5115360225873037,-0.33045318426597814
W0_expanding,2021_2022,0.65,0.7,7435,1349,368,0.28532608695652173,-0.37512826747399947,0.49925479705579917,-0.37512826747399947
W0_expanding,2023_2024,0.65,0.7,6089,888,267,0.41198501872659177,-0.09791454526269383,0.8401372825727321,-0.09791454526269383
W0_expanding,pooled,0.65,0.7,78868,11575,2265,0.32141280353200885,-0.3102998129664969,0.5441911241581325,-0.3102998129664969
W0_expanding,2018_2020,0.7,0.75,32939,4327,884,0.3042986425339366,-0.3541295205783269,0.47862947895032354,-0.3541295205783269
W0_expanding,2021_2022,0.7,0.75,311,112,36,0.19444444444444445,-0.5541369533582021,0.3388417017589253,-0.5541369533582021
W0_expanding,2023_2024,0.7,0.75,632,117,40,0.4,-0.03567720920337358,0.9431461785646484,-0.03567720920337358
W0_expanding,pooled,0.7,0.75,33882,4556,960,0.30416666666666664,-0.3483609530002826,0.48997908238734467,-0.3483609530002826
W0_expanding,2018_2020,0.75,0.8,6422,801,191,0.2513089005235602,-0.45238136498999393,0.36669828931289283,-0.45238136498999393
W0_expanding,2021_2022,0.75,0.8,0,0,0,0.0,0.0,0.0,0.0
W0_expanding,2023_2024,0.75,0.8,0,0,0,0.0,0.0,0.0,0.0
W0_expanding,pooled,0.75,0.8,6422,801,191,0.2513089005235602,-0.45238136498999393,0.36669828931289283,-0.45238136498999393
W0_expanding,2018_2020,0.8,0.85,41,15,6,0.16666666666666666,-0.8063530302541192,0.08608088033913369,-0.8063530302541192
W0_expanding,2021_2022,0.8,0.85,0,0,0,0.0,0.0,0.0,0.0
W0_expanding,2023_2024,0.8,0.85,0,0,0,0.0,0.0,0.0,0.0
W0_expanding,pooled,0.8,0.85,41,15,6,0.16666666666666666,-0.8063530302541192,0.08608088033913369,-0.8063530302541192
W0_expanding,2018_2020,0.85,0.9,0,0,0,0.0,0.0,0.0,0.0
W0_expanding,2021_2022,0.85,0.9,0,0,0,0.0,0.0,0.0,0.0
W0_expanding,2023_2024,0.85,0.9,0,0,0,0.0,0.0,0.0,0.0
W0_expanding,pooled,0.85,0.9,0,0,0,0.0,0.0,0.0,0.0
W0_expanding,2018_2020,0.9,1.0,0,0,0,0.0,0.0,0.0,0.0
W0_expanding,2021_2022,0.9,1.0,0,0,0,0.0,0.0,0.0,0.0
W0_expanding,2023_2024,0.9,1.0,0,0,0,0.0,0.0,0.0,0.0
W0_expanding,pooled,0.9,1.0,0,0,0,0.0,0.0,0.0,0.0
W1_trailing_24m,2018_2020,0.5,0.55,118049,24583,5043,0.3428514772952608,-0.30116336057178544,0.5551488621064194,-0.30116336057178544
W1_trailing_24m,2021_2022,0.5,0.55,85774,20622,4126,0.35336888027144936,-0.2743366819377457,0.5915959357326942,-0.2743366819377457
W1_trailing_24m,2023_2024,0.5,0.55,135609,25791,6361,0.4115705077817953,-0.17670481069930852,0.7117066067604343,-0.17670481069930852
W1_trailing_24m,pooled,0.5,0.55,339432,70996,15530,0.3737926593689633,-0.2430585497679945,0.6256939421297919,-0.2430585497679945
W1_trailing_24m,2018_2020,0.55,0.6,102386,21003,4156,0.32940327237728584,-0.3083500917130535,0.5495537181507889,-0.3083500917130535
W1_trailing_24m,2021_2022,0.55,0.6,49909,12556,2591,0.3492859899652644,-0.273094641644492,0.5966842373508218,-0.273094641644492
W1_trailing_24m,2023_2024,0.55,0.6,95291,19379,5211,0.42794089426213777,-0.14670268789956978,0.7534245268100431,-0.14670268789956978
W1_trailing_24m,pooled,0.55,0.6,247586,52938,11958,0.37665161398227126,-0.23026918417001063,0.6423824047136297,-0.23026918417001063
W1_trailing_24m,2018_2020,0.6,0.65,84844,16295,2976,0.3289650537634409,-0.2905298656190388,0.5684544415515269,-0.2905298656190388
W1_trailing_24m,2021_2022,0.6,0.65,26401,6651,1378,0.32365747460087085,-0.3089272840634969,0.5598778352054421,-0.3089272840634969
W1_trailing_24m,2023_2024,0.6,0.65,38052,9175,2508,0.4222488038277512,-0.15787946911885162,0.7370641156506429,-0.15787946911885162
W1_trailing_24m,pooled,0.6,0.65,149297,32121,6862,0.36199358787525504,-0.24574182251119764,0.6233203321917381,-0.24574182251119764
W1_trailing_24m,2018_2020,0.65,0.7,60476,11074,1934,0.32419855222337124,-0.3164872227804347,0.5276233043463333,-0.3164872227804347
W1_trailing_24m,2021_2022,0.65,0.7,11937,2903,662,0.3202416918429003,-0.3057417958245883,0.5555542319165611,-0.3057417958245883
W1_trailing_24m,2023_2024,0.65,0.7,13261,3267,803,0.46201743462017436,-0.060312987899647626,0.8918678551252417,-0.060312987899647626
W1_trailing_24m,pooled,0.65,0.7,85674,17244,3399,0.3559870550161812,-0.2538742827233466,0.6075948070722694,-0.2538742827233466
W1_trailing_24m,2018_2020,0.7,0.75,37434,6651,1154,0.3050259965337955,-0.36147597253042796,0.4670197571393262,-0.36147597253042796
W1_trailing_24m,2021_2022,0.7,0.75,3866,940,260,0.3153846153846154,-0.32840484291494526,0.5272914852270676,-0.32840484291494526
W1_trailing_24m,2023_2024,0.7,0.75,3545,904,209,0.45454545454545453,-0.11513810225871872,0.7921670927803365,-0.11513810225871872
W1_trailing_24m,pooled,0.7,0.75,44845,8495,1623,0.325939617991374,-0.3244561890511841,0.51199706567667,-0.3244561890511841
W1_trailing_24m,2018_2020,0.75,0.8,17435,3023,558,0.3010752688172043,-0.3633468835835014,0.4576100487874503,-0.3633468835835014
W1_trailing_24m,2021_2022,0.75,0.8,994,207,64,0.1875,-0.6348237380352091,0.23236278431558371,-0.6348237380352091
W1_trailing_24m,2023_2024,0.75,0.8,584,178,38,0.5263157894736842,-0.022691608927300894,0.9538999132952757,-0.022691608927300894
W1_trailing_24m,pooled,0.75,0.8,19013,3408,660,0.30303030303030304,-0.37005842638346154,0.4516860016689301,-0.37005842638346154
W1_trailing_24m,2018_2020,0.8,0.85,3394,816,165,0.3090909090909091,-0.35902893024872057,0.45094427066171616,-0.35902893024872057
W1_trailing_24m,2021_2022,0.8,0.85,147,34,11,0.18181818181818182,-0.6739767515168622,0.2248829182291706,-0.6739767515168622
W1_trailing_24m,2023_2024,0.8,0.85,5,3,1,1.0,0.7181196581196571,,0.7181196581196571
W1_trailing_24m,pooled,0.8,0.85,3546,853,177,0.3050847457627119,-0.3725163734440945,0.43864986090130426,-0.3725163734440945
W1_trailing_24m,2018_2020,0.85,0.9,212,56,14,0.2857142857142857,-0.5593759577429425,0.2534701531581668,-0.5593759577429425
W1_trailing_24m,2021_2022,0.85,0.9,0,0,0,0.0,0.0,0.0,0.0
W1_trailing_24m,2023_2024,0.85,0.9,0,0,0,0.0,0.0,0.0,0.0
W1_trailing_24m,pooled,0.85,0.9,212,56,14,0.2857142857142857,-0.5593759577429425,0.2534701531581668,-0.5593759577429425
W1_trailing_24m,2018_2020,0.9,1.0,0,0,0,0.0,0.0,0.0,0.0
W1_trailing_24m,2021_2022,0.9,1.0,0,0,0,0.0,0.0,0.0,0.0
W1_trailing_24m,2023_2024,0.9,1.0,0,0,0,0.0,0.0,0.0,0.0
W1_trailing_24m,pooled,0.9,1.0,0,0,0,0.0,0.0,0.0,0.0
W2_trailing_18m,2018_2020,0.5,0.55,108728,23625,4655,0.33404940923737914,-0.3028475171287629,0.558368072472495,-0.3028475171287629
W2_trailing_18m,2021_2022,0.5,0.55,118474,28689,5696,0.3693820224719101,-0.24374062417531678,0.6293787537202705,-0.24374062417531678
W2_trailing_18m,2023_2024,0.5,0.55,121185,24856,6226,0.4233858014776743,-0.1600852207433853,0.7332962799259306,-0.1600852207433853
W2_trailing_18m,pooled,0.5,0.55,348387,77170,16577,0.3797430174337938,-0.22891912721754915,0.644523211413496,-0.22891912721754915
W2_trailing_18m,2018_2020,0.55,0.6,94269,19473,3738,0.3172819689673622,-0.32111989665694385,0.5379065332815903,-0.32111989665694385
W2_trailing_18m,2021_2022,0.55,0.6,75374,18829,3923,0.36171297476421105,-0.25636590438150625,0.6140258898969371,-0.25636590438150625
W2_trailing_18m,2023_2024,0.55,0.6,83185,17573,4713,0.41183959261616804,-0.1776993608056434,0.7095115787988735,-0.1776993608056434
W2_trailing_18m,pooled,0.55,0.6,252828,55875,12374,0.3673832228866979,-0.2459646600993456,0.6236175672128612,-0.2459646600993456
W2_trailing_18m,2018_2020,0.6,0.65,75920,15143,2747,0.32872224244630505,-0.290649180204465,0.5681232527532529,-0.290649180204465
W2_trailing_18m,2021_2022,0.6,0.65,37997,10204,2182,0.3290559120073327,-0.3267628569679655,0.5337683646535557,-0.3267628569679655
W2_trailing_18m,2023_2024,0.6,0.65,35273,8221,2300,0.4117391304347826,-0.16918171042738886,0.7238111720776645,-0.16918171042738886
W2_trailing_18m,pooled,0.6,0.65,149190,33568,7229,0.35523585558168486,-0.2629032765124859,0.6029702916140427,-0.2629032765124859
W2_trailing_18m,2018_2020,0.65,0.7,56492,10662,1846,0.31581798483206935,-0.3230494920800199,0.5232320259777055,-0.3230494920800199
W2_trailing_18m,2021_2022,0.65,0.7,18401,4924,1055,0.3042654028436019,-0.34134204547012836,0.5216787837894122,-0.34134204547012836
W2_trailing_18m,2023_2024,0.65,0.7,11033,2648,718,0.41643454038997213,-0.1598817936156712,0.734453439061644,-0.1598817936156712
W2_trailing_18m,pooled,0.65,0.7,85926,18234,3619,0.33241226858248135,-0.29601004370454653,0.5602359327749062,-0.29601004370454653
W2_trailing_18m,2018_2020,0.7,0.75,34595,6363,1092,0.3086080586080586,-0.348512587059595,0.487553991932471,-0.348512587059595
W2_trailing_18m,2021_2022,0.7,0.75,7178,2022,488,0.3073770491803279,-0.3428304995463871,0.5180238042787374,-0.3428304995463871
W2_trailing_18m,2023_2024,0.7,0.75,3131,798,204,0.45588235294117646,-0.03797022026178506,0.9321530090192027,-0.03797022026178506
W2_trailing_18m,pooled,0.7,0.75,44904,9183,1784,0.3251121076233184,-0.31144784404771225,0.5384991536146981,-0.31144784404771225
W2_trailing_18m,2018_2020,0.75,0.8,15290,2761,469,0.2921108742004264,-0.3899108877708983,0.42630118884815454,-0.3899108877708983
W2_trailing_18m,2021_2022,0.75,0.8,2374,647,166,0.29518072289156627,-0.3858548925546884,0.47083485564829064,-0.3858548925546884
W2_trailing_18m,2023_2024,0.75,0.8,690,185,58,0.43103448275862066,-0.047687214015815924,0.9179805683756154,-0.047687214015815924
W2_trailing_18m,pooled,0.75,0.8,18354,3593,693,0.30447330447330445,-0.36029722502387723,0.4727004730349825,-0.36029722502387723
W2_trailing_18m,2018_2020,0.8,0.85,2817,685,138,0.3188405797101449,-0.30995676940951133,0.5009664848988098,-0.30995676940951133
W2_trailing_18m,2021_2022,0.8,0.85,556,148,29,0.3793103448275862,-0.07334542126066496,0.8885262523492105,-0.07334542126066496
W2_trailing_18m,2023_2024,0.8,0.85,68,15,5,0.4,0.15292864823502877,1.2861923273428992,0.15292864823502877
W2_trailing_18m,pooled,0.8,0.85,3441,848,172,0.3313953488372093,-0.2566070241505622,0.589300438349557,-0.2566070241505622
W2_trailing_18m,2018_2020,0.85,0.9,342,87,14,0.35714285714285715,-0.3018229449351845,0.5367250958258594,-0.3018229449351845
W2_trailing_18m,2021_2022,0.85,0.9,64,23,7,0.14285714285714285,-0.7058823529411764,0.22222222222222224,-0.7058823529411764
W2_trailing_18m,2023_2024,0.85,0.9,0,0,0,0.0,0.0,0.0,0.0
W2_trailing_18m,pooled,0.85,0.9,406,110,21,0.2857142857142857,-0.4365094142705151,0.40760344611885446,-0.4365094142705151
W2_trailing_18m,2018_2020,0.9,1.0,0,0,0,0.0,0.0,0.0,0.0
W2_trailing_18m,2021_2022,0.9,1.0,2,2,1,0.0,-1.0588235294117647,0.0,-1.0588235294117647
W2_trailing_18m,2023_2024,0.9,1.0,0,0,0,0.0,0.0,0.0,0.0
W2_trailing_18m,pooled,0.9,1.0,2,2,1,0.0,-1.0588235294117647,0.0,-1.0588235294117647
W3_trailing_12m,2018_2020,0.5,0.55,128794,28262,5806,0.3615225628660007,-0.2743344457829256,0.5810676807033749,-0.2743344457829256
W3_trailing_12m,2021_2022,0.5,0.55,131468,35359,6751,0.3691304991853059,-0.2472277218025926,0.6238117207797793,-0.2472277218025926
W3_trailing_12m,2023_2024,0.5,0.55,113511,28666,6501,0.4099369327795724,-0.18495926235245888,0.6989234672522368,-0.18495926235245888
W3_trailing_12m,pooled,0.5,0.55,373773,92287,19058,0.38073250078707105,-0.23424495260039369,0.6350493015270676,-0.23424495260039369
W3_trailing_12m,2018_2020,0.55,0.6,112147,23437,4702,0.35048915355168014,-0.28126186499748523,0.5759173317047032,-0.28126186499748523
W3_trailing_12m,2021_2022,0.55,0.6,89841,24576,5236,0.37261268143621085,-0.24960041403271324,0.6186672533635366,-0.24960041403271324
W3_trailing_12m,2023_2024,0.55,0.6,68931,18745,4473,0.4182875027945451,-0.17213813979872394,0.7160078068590429,-0.17213813979872394
W3_trailing_12m,pooled,0.55,0.6,270919,66758,14411,0.3795711609187426,-0.23588751345591247,0.6327755666669881,-0.23588751345591247
W3_trailing_12m,2018_2020,0.6,0.65,79021,15826,3192,0.3543233082706767,-0.2736497657892467,0.5816909781416089,-0.2736497657892467
W3_trailing_12m,2021_2022,0.6,0.65,49372,13757,3146,0.36904005085823266,-0.253932168982264,0.6142628997353689,-0.253932168982264
W3_trailing_12m,2023_2024,0.6,0.65,29765,9124,2166,0.4455216989843029,-0.11791046557076254,0.7956959664486404,-0.11791046557076254
W3_trailing_12m,pooled,0.6,0.65,158158,38707,8504,0.38299623706491065,-0.22668799675961307,0.6436180316906853,-0.22668799675961307
W3_trailing_12m,2018_2020,0.65,0.7,46369,8868,1770,0.3310734463276836,-0.31461066706882385,0.5297652048711068,-0.31461066706882385
W3_trailing_12m,2021_2022,0.65,0.7,23177,6603,1496,0.3669786096256685,-0.2554584870047487,0.6105558323792195,-0.2554584870047487
W3_trailing_12m,2023_2024,0.65,0.7,12870,4018,929,0.4155005382131324,-0.17723303803609244,0.7060464809256606,-0.17723303803609244
W3_trailing_12m,pooled,0.65,0.7,82416,19489,4195,0.3625744934445769,-0.26309327046637715,0.5950778858106099,-0.26309327046637715
W3_trailing_12m,2018_2020,0.7,0.75,25278,4551,892,0.336322869955157,-0.2963686425394876,0.5432608184074289,-0.2963686425394876
W3_trailing_12m,2021_2022,0.7,0.75,9367,2451,577,0.34488734835355284,-0.29995465039108116,0.557375482302785,-0.29995465039108116
W3_trailing_12m,2023_2024,0.7,0.75,4726,1500,328,0.4420731707317073,-0.13853982066348905,0.7568740218883744,-0.13853982066348905
W3_trailing_12m,pooled,0.7,0.75,39371,8502,1797,0.3583750695603784,-0.2687121444621598,0.5825478202323845,-0.2687121444621598
W3_trailing_12m,2018_2020,0.75,0.8,10661,1902,363,0.2865013774104683,-0.395183130925381,0.41910868883885727,-0.395183130925381
W3_trailing_12m,2021_2022,0.75,0.8,2459,630,161,0.30434782608695654,-0.4175134796794349,0.428294878430174,-0.4175134796794349
W3_trailing_12m,2023_2024,0.75,0.8,1422,454,104,0.4230769230769231,-0.16636243099873477,0.7247607892021337,-0.16636243099873477
W3_trailing_12m,pooled,0.75,0.8,14542,2986,628,0.31369426751592355,-0.36301407576141836,0.4665913499295033,-0.36301407576141836
W3_trailing_12m,2018_2020,0.8,0.85,2547,451,93,0.2903225806451613,-0.39785091892666463,0.40758655729098336,-0.39785091892666463
W3_trailing_12m,2021_2022,0.8,0.85,370,92,26,0.3076923076923077,-0.33982074656199057,0.5334403586614445,-0.33982074656199057
W3_trailing_12m,2023_2024,0.8,0.85,203,77,18,0.2222222222222222,-0.506353126628106,0.3368243794968434,-0.506353126628106
W3_trailing_12m,pooled,0.8,0.85,3120,620,137,0.2846715328467153,-0.40109365802990854,0.4224156480691939,-0.40109365802990854
W3_trailing_12m,2018_2020,0.85,0.9,235,49,12,0.4166666666666667,-0.2988085235348547,0.48038953844133125,-0.2988085235348547
W3_trailing_12m,2021_2022,0.85,0.9,53,17,5,0.4,-0.037644667419614294,0.9410867698872715,-0.037644667419614294
W3_trailing_12m,2023_2024,0.85,0.9,24,5,2,0.0,-1.0595998297147722,0.0,-1.0595998297147722
W3_trailing_12m,pooled,0.85,0.9,312,71,19,0.3684210526315789,-0.31016448836557226,0.517545189693842,-0.31016448836557226
W3_trailing_12m,2018_2020,0.9,1.0,0,0,0,0.0,0.0,0.0,0.0
W3_trailing_12m,2021_2022,0.9,1.0,0,0,0,0.0,0.0,0.0,0.0
W3_trailing_12m,2023_2024,0.9,1.0,0,0,0,0.0,0.0,0.0,0.0
W3_trailing_12m,pooled,0.9,1.0,0,0,0,0.0,0.0,0.0,0.0
