scheme,fold,decile,probability_min,probability_max,observations,realized_wr,mean_r,pf
W0_expanding,2018_2020,1,0.10200191289186478,0.2728632986545563,105807,0.36290604591378645,-0.30398373422844965,0.5321896822814514
W0_expanding,2018_2020,2,0.2728634178638458,0.32792145013809204,105808,0.34353735067291696,-0.3090800903822546,0.537784704090177
W0_expanding,2018_2020,3,0.3279218077659607,0.3738618791103363,105808,0.3552661424466959,-0.2986451916460619,0.5435450756106455
W0_expanding,2018_2020,4,0.3738618791103363,0.41473034024238586,105808,0.3593017541206714,-0.30043757658532827,0.5380305988710783
W0_expanding,2018_2020,5,0.41473034024238586,0.4538484513759613,105808,0.351060411311054,-0.3015920411283009,0.5446900900481388
W0_expanding,2018_2020,6,0.4538491368293762,0.49503594636917114,105808,0.33622221382126116,-0.31402287803567797,0.5389410496129744
W0_expanding,2018_2020,7,0.49503594636917114,0.5378120541572571,105808,0.32481475880840766,-0.3169557273253291,0.5419792781390006
W0_expanding,2018_2020,8,0.5378122925758362,0.5858920812606812,105808,0.3147871616512929,-0.33209159572752445,0.5206626336341339
W0_expanding,2018_2020,9,0.5858927369117737,0.6492419838905334,105808,0.3051565099047331,-0.3444578785640991,0.5002032527679678
W0_expanding,2018_2020,10,0.649242103099823,0.8158532381057739,105809,0.301354327136633,-0.35823532439056505,0.46657779089545953
W0_expanding,2021_2022,1,0.09789866209030151,0.30195143818855286,70819,0.37101625270054645,-0.24428633596810412,0.6285571818628405
W0_expanding,2021_2022,2,0.30195152759552,0.3366844356060028,70820,0.3693448178480655,-0.24614880800109026,0.626904926148816
W0_expanding,2021_2022,3,0.3366844654083252,0.3640693724155426,70820,0.37153346512284663,-0.24681809837761853,0.623828726869495
W0_expanding,2021_2022,4,0.3640694320201874,0.3885190188884735,70819,0.3702678659681724,-0.25093389500360946,0.6184424800219044
W0_expanding,2021_2022,5,0.38851919770240784,0.4120699167251587,70820,0.3759813611974019,-0.23620225348820337,0.6375674855679755
W0_expanding,2021_2022,6,0.4120711386203766,0.4366958737373352,70820,0.3644027110985597,-0.25870180539487014,0.6102338076995117
W0_expanding,2021_2022,7,0.43669599294662476,0.4634002149105072,70819,0.35518716728561545,-0.26633153225353384,0.6043821236949922
W0_expanding,2021_2022,8,0.46340063214302063,0.49842190742492676,70820,0.34497317142050266,-0.2768083816245299,0.5953108533551534
W0_expanding,2021_2022,9,0.4984220266342163,0.55291348695755,70820,0.32434340581756566,-0.30630485400228635,0.5656248917886502
W0_expanding,2021_2022,10,0.5529147386550903,0.7495428323745728,70820,0.2980937588251906,-0.3345555359997973,0.5411748279231348
W0_expanding,2023_2024,1,0.159415140748024,0.2967371344566345,70801,0.39294642731034873,-0.19228268210799643,0.6972832963243526
W0_expanding,2023_2024,2,0.2967371940612793,0.3365168869495392,70802,0.39435326685686845,-0.18514284185326182,0.7078171859381442
W0_expanding,2023_2024,3,0.3365175426006317,0.364756315946579,70802,0.39596339086466487,-0.18897124286592368,0.700708878917546
W0_expanding,2023_2024,4,0.36475685238838196,0.38928619027137756,70802,0.3866698680828225,-0.20382509512321204,0.682144155850644
W0_expanding,2023_2024,5,0.38928624987602234,0.41190990805625916,70802,0.39004547894127284,-0.18837194462527668,0.7045126835460208
W0_expanding,2023_2024,6,0.4119108021259308,0.4344366192817688,70802,0.38857659388152876,-0.18185459766640594,0.7153982507965071
W0_expanding,2023_2024,7,0.4344366788864136,0.4582872986793518,70802,0.37796954888279993,-0.19978895811318192,0.6929218018318546
W0_expanding,2023_2024,8,0.45828840136528015,0.4880015552043915,70802,0.3833083811191774,-0.18584354916001175,0.7114364122766212
W0_expanding,2023_2024,9,0.4880015552043915,0.5351753234863281,70802,0.3671788932516031,-0.20559086576681448,0.6888183770078992
W0_expanding,2023_2024,10,0.5351756811141968,0.7482444047927856,70803,0.351383415956951,-0.2219057656014711,0.670399279862454
W0_expanding,pooled,1,0.09789866209030151,0.28921860456466675,247429,0.3704497047637908,-0.26405339214481366,0.5932617417827403
W0_expanding,pooled,2,0.2892190217971802,0.33381351828575134,247430,0.36628541405650084,-0.2526128907363515,0.6152820266019027
W0_expanding,pooled,3,0.3338135778903961,0.36730310320854187,247430,0.37537485349391747,-0.24195827635241685,0.6257276556690757
W0_expanding,pooled,4,0.36730360984802246,0.3967002034187317,247429,0.3733151732416168,-0.24722158113198783,0.6188040426325221
W0_expanding,pooled,5,0.39670035243034363,0.424878865480423,247430,0.37411793234450147,-0.2393603409655495,0.6309197413643779
W0_expanding,pooled,6,0.4248790144920349,0.45395779609680176,247430,0.3639049428121085,-0.2514420438803387,0.6190965035583975
W0_expanding,pooled,7,0.45395779609680176,0.4880295991897583,247429,0.35552421098577774,-0.259106980103365,0.6124465129572837
W0_expanding,pooled,8,0.4880296587944031,0.5330966114997864,247430,0.33978094814695065,-0.2788029116682192,0.5923435224829012
W0_expanding,pooled,9,0.5330969095230103,0.5977311730384827,247430,0.3200743644667179,-0.3095697771963323,0.555090986112168
W0_expanding,pooled,10,0.5977316498756409,0.8158532381057739,247430,0.30580366164167644,-0.33791303595559546,0.5072965669591518
W1_trailing_24m,2018_2020,1,0.04470069706439972,0.22516827285289764,105807,0.35903106599752377,-0.30364340386578453,0.530166704901862
W1_trailing_24m,2018_2020,2,0.22516858577728271,0.29567036032676697,105808,0.35009640102827766,-0.3133042020315237,0.5221667859914139
W1_trailing_24m,2018_2020,3,0.2956705391407013,0.3607017695903778,105808,0.37047293210343263,-0.284127624012526,0.5562921349031805
W1_trailing_24m,2018_2020,4,0.3607023358345032,0.4120755195617676,105808,0.362968773627703,-0.28626233961613945,0.5607679075475424
W1_trailing_24m,2018_2020,5,0.41207584738731384,0.4575086534023285,105808,0.34110842280356873,-0.3115649079907078,0.5404048264515112
W1_trailing_24m,2018_2020,6,0.45751115679740906,0.5004234910011292,105808,0.32859519128988357,-0.32146483504741946,0.5349404299070687
W1_trailing_24m,2018_2020,7,0.5004236698150635,0.5448225736618042,105808,0.3158078784212914,-0.3361428299051624,0.5197645548642164
W1_trailing_24m,2018_2020,8,0.5448230504989624,0.5959956049919128,105808,0.31732005141388175,-0.322479604991292,0.5321273673290577
W1_trailing_24m,2018_2020,9,0.5959957242012024,0.6593809127807617,105808,0.30518486314834414,-0.3421262109827098,0.5046267694656263
W1_trailing_24m,2018_2020,10,0.6593812108039856,0.8860716819763184,105809,0.3038210360177301,-0.3583860749290804,0.46442271853811545
W1_trailing_24m,2021_2022,1,0.1071251854300499,0.3115067183971405,70819,0.3745181377878818,-0.23946926493322726,0.6341509812248176
W1_trailing_24m,2021_2022,2,0.31150752305984497,0.3505419194698334,70820,0.366619598983338,-0.25702537882033216,0.6120927946394962
W1_trailing_24m,2021_2022,3,0.3505420684814453,0.3798348307609558,70820,0.3733832250776617,-0.24350530494492498,0.6285119298896649
W1_trailing_24m,2021_2022,4,0.3798355162143707,0.40593814849853516,70819,0.36922294864372557,-0.2522169271539054,0.6179112396500481
W1_trailing_24m,2021_2022,5,0.4059385061264038,0.43098369240760803,70820,0.36813047161818696,-0.24668186965177424,0.6267793270501909
W1_trailing_24m,2021_2022,6,0.43098387122154236,0.45663392543792725,70820,0.36436035018356394,-0.24624628121895029,0.629531615472746
W1_trailing_24m,2021_2022,7,0.4566347002983093,0.48498907685279846,70819,0.35280080204464903,-0.26717946184543556,0.6052966303006692
W1_trailing_24m,2021_2022,8,0.48498913645744324,0.5188616514205933,70820,0.34199378706580064,-0.27896059725299915,0.5941253631356833
W1_trailing_24m,2021_2022,9,0.5188619494438171,0.5692167282104492,70820,0.3316012425868399,-0.28942502749040067,0.5845674967642529
W1_trailing_24m,2021_2022,10,0.5692172646522522,0.8423702716827393,70820,0.30251341428974865,-0.34638134887301114,0.5181756118747755
W1_trailing_24m,2023_2024,1,0.16905349493026733,0.3352004289627075,70801,0.3875086510077541,-0.18848019341912006,0.7063454342970655
W1_trailing_24m,2023_2024,2,0.3352004289627075,0.38114774227142334,70802,0.37662777887630294,-0.21422011737185287,0.6716288777786577
W1_trailing_24m,2023_2024,3,0.38114774227142334,0.41247549653053284,70802,0.37600632750487273,-0.20117547572996458,0.6922478481762815
W1_trailing_24m,2023_2024,4,0.4124760925769806,0.44228196144104004,70802,0.3671647693567978,-0.20671160248453127,0.6884465354066436
W1_trailing_24m,2023_2024,5,0.44228312373161316,0.47264108061790466,70802,0.3745939380243496,-0.19324182952276167,0.7043648852309421
W1_trailing_24m,2023_2024,6,0.4726417362689972,0.5012450218200684,70802,0.38505974407502613,-0.190226902675546,0.7035720870953089
W1_trailing_24m,2023_2024,7,0.5012452602386475,0.5273175835609436,70802,0.3895370187282845,-0.1902696958559942,0.7009964142758032
W1_trailing_24m,2023_2024,8,0.5273181796073914,0.5536069273948669,70802,0.38371797406852914,-0.1993374047220668,0.6901548493773156
W1_trailing_24m,2023_2024,9,0.5536074638366699,0.5884615778923035,70802,0.3921640631620576,-0.19152172166063916,0.6975888665924739
W1_trailing_24m,2023_2024,10,0.5884616374969482,0.8106805086135864,70803,0.3960142931796675,-0.17839316030258895,0.715372750928195
W1_trailing_24m,pooled,1,0.04470069706439972,0.28097596764564514,247429,0.3614814754939801,-0.2862418201981565,0.5589489196976459
W1_trailing_24m,pooled,2,0.28097599744796753,0.34353187680244446,247430,0.3715636745746272,-0.2534893176772108,0.610287294346387
W1_trailing_24m,pooled,3,0.34353187680244446,0.38527238368988037,247430,0.3726710584811866,-0.24708282913602592,0.6204792808205419
W1_trailing_24m,pooled,4,0.38527265191078186,0.41942113637924194,247429,0.36579786524619184,-0.25096431484137316,0.6196775478225688
W1_trailing_24m,pooled,5,0.41942116618156433,0.45227351784706116,247430,0.3600331406862547,-0.25005507236090163,0.624743992699075
W1_trailing_24m,pooled,6,0.45227351784706116,0.4861699640750885,247430,0.35315038596774845,-0.2613983948023711,0.6112295163112252
W1_trailing_24m,pooled,7,0.4861699640750885,0.5208353400230408,247429,0.35144223191299323,-0.2652908760718372,0.6057574183523048
W1_trailing_24m,pooled,8,0.5208355784416199,0.559384822845459,247430,0.3489390938851392,-0.2647528214500186,0.606858887608073
W1_trailing_24m,pooled,9,0.559385359287262,0.6155221462249756,247430,0.34475609263225965,-0.27270101366579064,0.5935952415823095
W1_trailing_24m,pooled,10,0.6155228614807129,0.8860716819763184,247430,0.31479610394859153,-0.33006489972580294,0.5125810486241754
W2_trailing_18m,2018_2020,1,0.04557822644710541,0.2080468088388443,105807,0.3586908238585349,-0.3023544460132218,0.5323970696673571
W2_trailing_18m,2018_2020,2,0.20804700255393982,0.27800270915031433,105808,0.35365000756086495,-0.303389329155839,0.5370014314960204
W2_trailing_18m,2018_2020,3,0.2780033051967621,0.34254541993141174,105808,0.3673729774686224,-0.2933561105488033,0.5442220632076541
W2_trailing_18m,2018_2020,4,0.34254562854766846,0.3938719630241394,105808,0.36017125359141083,-0.2927721729217396,0.5520762098651651
W2_trailing_18m,2018_2020,5,0.3938719630241394,0.4404676556587219,105808,0.3476674731589294,-0.30480129001724693,0.5448646469675119
W2_trailing_18m,2018_2020,6,0.44046878814697266,0.4854041635990143,105808,0.3337649327083018,-0.31653620340869604,0.5373667320647139
W2_trailing_18m,2018_2020,7,0.48540449142456055,0.5315818190574646,105808,0.3195694087403599,-0.32493609940671964,0.5325467094287131
W2_trailing_18m,2018_2020,8,0.5315821170806885,0.585409939289093,105808,0.31272682594888856,-0.328483232777201,0.5276196438104203
W2_trailing_18m,2018_2020,9,0.5854107141494751,0.6528917551040649,105808,0.30072395282020264,-0.34921812671470914,0.49835046610133515
W2_trailing_18m,2018_2020,10,0.6528934240341187,0.8914554119110107,105809,0.3000689922407357,-0.363654960429459,0.45926037513946694
W2_trailing_18m,2021_2022,1,0.08905576914548874,0.34608209133148193,70819,0.369406515200723,-0.245866921240797,0.6273596562468001
W2_trailing_18m,2021_2022,2,0.3460821509361267,0.3889021873474121,70820,0.3630330415136967,-0.26387605333237896,0.6038887004493846
W2_trailing_18m,2021_2022,3,0.3889022767543793,0.4187031686306,70820,0.360350183563965,-0.2688375925111566,0.5980084688221637
W2_trailing_18m,2021_2022,4,0.4187043309211731,0.4439891278743744,70819,0.3627698781400472,-0.262179362905332,0.6062650179370589
W2_trailing_18m,2021_2022,5,0.4439891278743744,0.46786144375801086,70820,0.37013555492798644,-0.24269327415615996,0.6314096820936528
W2_trailing_18m,2021_2022,6,0.46786198019981384,0.49180057644844055,70820,0.3666619598983338,-0.24395696418181645,0.6314668173723744
W2_trailing_18m,2021_2022,7,0.4918006360530853,0.5184451937675476,70819,0.35610500007060253,-0.2596502002231927,0.6140014182084461
W2_trailing_18m,2021_2022,8,0.5184457898139954,0.5501528382301331,70820,0.34781135272521885,-0.2671886729396665,0.6077194369673431
W2_trailing_18m,2021_2022,9,0.5501535534858704,0.5959843993186951,70820,0.34233267438576676,-0.27224339358801447,0.602850309363172
W2_trailing_18m,2021_2022,10,0.5959843993186951,0.9060209393501282,70820,0.3065377012143462,-0.3405991518004655,0.5255560598741829
W2_trailing_18m,2023_2024,1,0.150170236825943,0.30963650345802307,70801,0.39396336209940536,-0.1862961099906561,0.7063863962852777
W2_trailing_18m,2023_2024,2,0.30963706970214844,0.36127784848213196,70802,0.37888760204514,-0.21188802394279205,0.6743040803778075
W2_trailing_18m,2023_2024,3,0.36127814650535583,0.4015703499317169,70802,0.38039885878929974,-0.2077042947488634,0.6795587183776746
W2_trailing_18m,2023_2024,4,0.4015704095363617,0.4321582317352295,70802,0.3732521680178526,-0.19792477417714172,0.6985958401318442
W2_trailing_18m,2023_2024,5,0.432158499956131,0.4601845145225525,70802,0.3735063981243468,-0.1976760298167831,0.6988061916851496
W2_trailing_18m,2023_2024,6,0.46018531918525696,0.48839306831359863,70802,0.3802152481568317,-0.196763804127714,0.6963475239984767
W2_trailing_18m,2023_2024,7,0.48839306831359863,0.5166957378387451,70802,0.3921358153724471,-0.18534897491348676,0.707656981499943
W2_trailing_18m,2023_2024,8,0.5166959166526794,0.5462524890899658,70802,0.38960763820231065,-0.18856065291704502,0.7036393140283351
W2_trailing_18m,2023_2024,9,0.5462527275085449,0.5845249891281128,70802,0.37981977910228526,-0.20478853690853102,0.6827433959677124
W2_trailing_18m,2023_2024,10,0.5845263600349426,0.8425257802009583,70803,0.3866079120941203,-0.17662689630081488,0.722528361012342
W2_trailing_18m,pooled,1,0.04557822644710541,0.2711339294910431,247429,0.36271011077925386,-0.2844458139392344,0.5610907836325947
W2_trailing_18m,pooled,2,0.27113404870033264,0.3417338728904724,247430,0.37276805561168813,-0.2520726066090923,0.6111019266961123
W2_trailing_18m,pooled,3,0.3417339622974396,0.38906916975975037,247430,0.36738875641595603,-0.2597095151785696,0.6037881137270892
W2_trailing_18m,pooled,4,0.38906922936439514,0.42514848709106445,247429,0.36107731915014,-0.2600556384699873,0.6085091177309792
W2_trailing_18m,pooled,5,0.4251486361026764,0.4572352468967438,247430,0.3614436406256315,-0.25028530968452467,0.623223290380904
W2_trailing_18m,pooled,6,0.4572354555130005,0.4887399971485138,247430,0.36078082690053753,-0.25082663733850036,0.6225173248436866
W2_trailing_18m,pooled,7,0.4887399971485138,0.5218686461448669,247429,0.3572742079546052,-0.25400668024080975,0.6188062345928963
W2_trailing_18m,pooled,8,0.5218686461448669,0.5601963400840759,247430,0.3517196782928505,-0.2583839232203463,0.6144347179611892
W2_trailing_18m,pooled,9,0.5601963996887207,0.6152303218841553,247430,0.33788950410217033,-0.27930393403983345,0.5889448058033648
W2_trailing_18m,pooled,10,0.6152307391166687,0.9060209393501282,247430,0.31157903245362323,-0.33295128508735006,0.5124412112273142
W3_trailing_12m,2018_2020,1,0.052473004907369614,0.21695131063461304,105807,0.3222187567930288,-0.34551661756930163,0.49652307599873324
W3_trailing_12m,2018_2020,2,0.21695131063461304,0.29340165853500366,105808,0.334521019204597,-0.3208522821196812,0.5229337187740749
W3_trailing_12m,2018_2020,3,0.2934018075466156,0.35571005940437317,105808,0.33742250113412975,-0.32658777206554973,0.5172105102187539
W3_trailing_12m,2018_2020,4,0.35571038722991943,0.40748223662376404,105808,0.3464766369272645,-0.30736927828728694,0.540367092129201
W3_trailing_12m,2018_2020,5,0.40748369693756104,0.452005535364151,105808,0.34728942991078177,-0.3106269582611142,0.5327902342860081
W3_trailing_12m,2018_2020,6,0.45200562477111816,0.4929538667201996,105808,0.34264894903977017,-0.3147413776309223,0.5298870560343946
W3_trailing_12m,2018_2020,7,0.4929548501968384,0.533733069896698,105808,0.34613639800393164,-0.2911653319918244,0.561382203769998
W3_trailing_12m,2018_2020,8,0.5337340235710144,0.5772206783294678,105808,0.3366286103130198,-0.3004982774682958,0.5518352247144005
W3_trailing_12m,2018_2020,9,0.5772207379341125,0.6342437863349915,105808,0.32887872372599425,-0.31620309100957117,0.5290021441226265
W3_trailing_12m,2018_2020,10,0.6342447996139526,0.8874486088752747,105809,0.31218516383294426,-0.3459415603300592,0.4822374716047092
W3_trailing_12m,2021_2022,1,0.0625963881611824,0.35457006096839905,70819,0.3433118230983211,-0.26970676859717524,0.6072351899283777
W3_trailing_12m,2021_2022,2,0.35457006096839905,0.40168100595474243,70820,0.35237221123976276,-0.26700250631890854,0.6058149060209146
W3_trailing_12m,2021_2022,3,0.4016813337802887,0.432912141084671,70820,0.3595876870940412,-0.26158320060936086,0.6093842209403837
W3_trailing_12m,2021_2022,4,0.43291231989860535,0.4590757191181183,70819,0.35703695335997404,-0.2686634580836573,0.6002387013392106
W3_trailing_12m,2021_2022,5,0.4590757191181183,0.4836066961288452,70820,0.3635413724936459,-0.2551463293271959,0.6159548449662708
W3_trailing_12m,2021_2022,6,0.48360708355903625,0.5078672766685486,70820,0.3651369669584863,-0.25300859898855477,0.6184180758357326
W3_trailing_12m,2021_2022,7,0.5078673362731934,0.5344057679176331,70819,0.35863257035541307,-0.2658552287090915,0.6028372210844631
W3_trailing_12m,2021_2022,8,0.5344058871269226,0.5655166506767273,70820,0.3561140920643886,-0.265838997192504,0.6039856065714315
W3_trailing_12m,2021_2022,9,0.5655169486999512,0.611315131187439,70820,0.3510590228748941,-0.2705539824338017,0.5999242883587296
W3_trailing_12m,2021_2022,10,0.611315906047821,0.8721631169319153,70820,0.3383507483761649,-0.28973303241894244,0.5789166669583269
W3_trailing_12m,2023_2024,1,0.08073746412992477,0.2968369424343109,70801,0.36887897063600794,-0.20955529851801388,0.6829622050262667
W3_trailing_12m,2023_2024,2,0.29683759808540344,0.3493523895740509,70802,0.38083669952826193,-0.19546541224817648,0.6983283177633968
W3_trailing_12m,2023_2024,3,0.3493523895740509,0.38549908995628357,70802,0.3693680969464139,-0.20906345094376524,0.6836255920370514
W3_trailing_12m,2023_2024,4,0.38549914956092834,0.4183153510093689,70802,0.36188243269964127,-0.22397302782519807,0.6652810433632609
W3_trailing_12m,2023_2024,5,0.4183158278465271,0.44941475987434387,70802,0.38179712437501767,-0.1865474177574988,0.7114731948542893
W3_trailing_12m,2023_2024,6,0.4494151473045349,0.4791933298110962,70802,0.39013022231010425,-0.18515355136488118,0.7092679631169354
W3_trailing_12m,2023_2024,7,0.4791935086250305,0.50754714012146,70802,0.38816700093217704,-0.19776776692563539,0.6899026782368712
W3_trailing_12m,2023_2024,8,0.5075472593307495,0.5379709005355835,70802,0.3884494788282817,-0.19939140852116774,0.6873693279507471
W3_trailing_12m,2023_2024,9,0.5379710793495178,0.5796646475791931,70802,0.3900878506256885,-0.18861916882440785,0.7031421277669615
W3_trailing_12m,2023_2024,10,0.5796650648117065,0.8726048469543457,70803,0.40879623744756577,-0.15804218591390987,0.7423253436685502
W3_trailing_12m,pooled,1,0.052473004907369614,0.27225813269615173,247429,0.3367956060122298,-0.30366324455594035,0.5510641368833723
W3_trailing_12m,pooled,2,0.27225828170776367,0.3455234169960022,247430,0.35131552358242735,-0.27480808423752134,0.5901166604500727
W3_trailing_12m,pooled,3,0.3455236256122589,0.3924534022808075,247430,0.35537323687507577,-0.262311099845248,0.6080884636451952
W3_trailing_12m,pooled,4,0.39245352149009705,0.4300040304660797,247429,0.3573792886040036,-0.2619517834268337,0.6070311697339176
W3_trailing_12m,pooled,5,0.43000420928001404,0.4630585312843323,247430,0.36369478236268843,-0.25417941249827963,0.614375179921232
W3_trailing_12m,pooled,6,0.463058739900589,0.49409717321395874,247430,0.3644465101240755,-0.2553132688122589,0.6120117753113905
W3_trailing_12m,pooled,7,0.49409717321395874,0.5255662202835083,247429,0.3650784669541565,-0.25169441733625725,0.6165093276484395
W3_trailing_12m,pooled,8,0.5255662202835083,0.5615286231040955,247430,0.3596976922766035,-0.2564355240589602,0.6116530987794749
W3_trailing_12m,pooled,9,0.5615290999412537,0.613059937953949,247430,0.3542456452329952,-0.26275581195807546,0.6031751056911063
W3_trailing_12m,pooled,10,0.6130602955818176,0.8874486088752747,247430,0.3366042921230247,-0.2989287730652641,0.5503926084420022
