candidate_id,parameters,fold,threshold,rsi_policy,raw_qualifying_rows,independent_signal_episodes,eligible_signal_episodes,executable_trades,trades_per_day,robust_trades_per_day,frequency_uplift,wins,losses,tp_first_wr,realized_wr,average_winner_r,average_loser_r,payoff_ratio,break_even_wr,break_even_adjusted_edge,pf,mean_r,pnl,max_dd,tp_count,sl_count,timeout_count,observed_spread_trades,fallback_spread_trades,nominal_cost_result,cost_stress_pf,cost_stress_mean_r,cost_stress_pnl,cost_stress_result,qualification_verdict
T0_R0,"{""threshold"":0.75,""rsi_policy"":""exclude 35–45""}",2018_2020,0.75,R0,6463,786,418,189,0.17244525547445255,0.0,0.0,48,141,0.15873015873015872,0.25396825396825395,1.042305571708541,-0.9525936809640492,1.0941764495579072,0.4775146813493704,-0.22354642738111646,0.3724855998495003,-0.4459526009202168,-84.28504157392098,-88.41767778745977,30,118,41,108,81,FAIL,0.3317889489080831,-0.503834191954422,-95.22466227938577,FAIL,CATASTROPHIC
T0_R0,"{""threshold"":0.75,""rsi_policy"":""exclude 35–45""}",2021_2022,0.75,R0,0,0,0,0,0.0,0.0,,0,0,0.0,0.0,,,,,,0.0,0.0,0.0,0.0,0,0,0,0,0,FAIL,0.0,0.0,0.0,FAIL,CATASTROPHIC
T0_R0,"{""threshold"":0.75,""rsi_policy"":""exclude 35–45""}",2023_2024,0.75,R0,0,0,0,0,0.0,0.0,,0,0,0.0,0.0,,,,,,0.0,0.0,0.0,0.0,0,0,0,0,0,FAIL,0.0,0.0,0.0,FAIL,CATASTROPHIC
T0_R0,"{""threshold"":0.75,""rsi_policy"":""exclude 35–45""}",pooled,0.75,R0,6463,786,418,189,0.07391474384043802,0.0,0.0,48,141,0.15873015873015872,0.25396825396825395,1.042305571708541,-0.9525936809640492,1.0941764495579072,0.4775146813493704,-0.22354642738111646,0.3724855998495003,-0.4459526009202168,-84.28504157392098,-88.41767778745977,30,118,41,108,81,FAIL,0.3317889489080831,-0.503834191954422,-95.22466227938577,FAIL,"QUALITY_FAIL:PF<=1;Mean-R<=0;PnL<=0;BE-edge<=0;WR<60%;PF<=1.05;stress-PF<=1;catastrophic-fold=2018_2020,2021_2022,2023_2024"
T0_R1,"{""threshold"":0.75,""rsi_policy"":""no 35–45 exclusion""}",2018_2020,0.75,R1,6463,786,550,214,0.19525547445255476,0.0,0.13227513227513232,55,159,0.17289719626168223,0.2570093457943925,1.0818635429002408,-0.9468209079190611,1.1426274323387922,0.4667166978761429,-0.2097073520817504,0.3952484828844879,-0.4254300443907359,-91.04202949961748,-96.74149372778378,37,132,45,117,97,FAIL,0.3527364668064315,-0.48320449462559173,-103.40576184987663,FAIL,CATASTROPHIC
T0_R1,"{""threshold"":0.75,""rsi_policy"":""no 35–45 exclusion""}",2021_2022,0.75,R1,0,0,0,0,0.0,0.0,,0,0,0.0,0.0,,,,,,0.0,0.0,0.0,0.0,0,0,0,0,0,FAIL,0.0,0.0,0.0,FAIL,CATASTROPHIC
T0_R1,"{""threshold"":0.75,""rsi_policy"":""no 35–45 exclusion""}",2023_2024,0.75,R1,0,0,0,0,0.0,0.0,,0,0,0.0,0.0,,,,,,0.0,0.0,0.0,0.0,0,0,0,0,0,FAIL,0.0,0.0,0.0,FAIL,CATASTROPHIC
T0_R1,"{""threshold"":0.75,""rsi_policy"":""no 35–45 exclusion""}",pooled,0.75,R1,6463,786,550,214,0.08369182635901447,0.0,0.1322751322751321,55,159,0.17289719626168223,0.2570093457943925,1.0818635429002408,-0.9468209079190611,1.1426274323387922,0.4667166978761429,-0.2097073520817504,0.3952484828844879,-0.4254300443907359,-91.04202949961748,-96.74149372778378,37,132,45,117,97,FAIL,0.3527364668064315,-0.48320449462559173,-103.40576184987663,FAIL,"QUALITY_FAIL:PF<=1;Mean-R<=0;PnL<=0;BE-edge<=0;WR<60%;PF<=1.05;stress-PF<=1;catastrophic-fold=2018_2020,2021_2022,2023_2024"
T0_R2,"{""threshold"":0.75,""rsi_policy"":""exclude 38–42""}",2018_2020,0.75,R2,6463,786,494,203,0.1852189781021898,0.0,0.07407407407407418,53,150,0.16748768472906403,0.26108374384236455,1.0577149061126143,-0.9605787011262324,1.1011225887816316,0.475936056915111,-0.21485231307274644,0.3890633147028432,-0.43363504997520336,-88.02791514496629,-93.72305135850509,34,126,43,111,92,FAIL,0.3470628000919468,-0.49140636871690546,-99.7554928495318,FAIL,CATASTROPHIC
T0_R2,"{""threshold"":0.75,""rsi_policy"":""exclude 38–42""}",2021_2022,0.75,R2,0,0,0,0,0.0,0.0,,0,0,0.0,0.0,,,,,,0.0,0.0,0.0,0.0,0,0,0,0,0,FAIL,0.0,0.0,0.0,FAIL,CATASTROPHIC
T0_R2,"{""threshold"":0.75,""rsi_policy"":""exclude 38–42""}",2023_2024,0.75,R2,0,0,0,0,0.0,0.0,,0,0,0.0,0.0,,,,,,0.0,0.0,0.0,0.0,0,0,0,0,0,FAIL,0.0,0.0,0.0,FAIL,CATASTROPHIC
T0_R2,"{""threshold"":0.75,""rsi_policy"":""exclude 38–42""}",pooled,0.75,R2,6463,786,494,203,0.07938991005084083,0.0,0.07407407407407396,53,150,0.16748768472906403,0.26108374384236455,1.0577149061126143,-0.9605787011262324,1.1011225887816316,0.475936056915111,-0.21485231307274644,0.3890633147028432,-0.43363504997520336,-88.02791514496629,-93.72305135850509,34,126,43,111,92,FAIL,0.3470628000919468,-0.49140636871690546,-99.7554928495318,FAIL,"QUALITY_FAIL:PF<=1;Mean-R<=0;PnL<=0;BE-edge<=0;WR<60%;PF<=1.05;stress-PF<=1;catastrophic-fold=2018_2020,2021_2022,2023_2024"
T0_R3,"{""threshold"":0.75,""rsi_policy"":""exclude 40–45""}",2018_2020,0.75,R3,6463,786,477,205,0.18704379562043796,0.0,0.08465608465608465,51,154,0.16097560975609757,0.24878048780487805,1.0593724278706773,-0.9537214140738326,1.1107776466353578,0.47375904401585345,-0.2249785562109754,0.3678549349246964,-0.4529029460778813,-92.84510394596566,-98.54456817413191,33,128,44,113,92,FAIL,0.32804496978066056,-0.5106860800159224,-104.6906464032641,FAIL,CATASTROPHIC
T0_R3,"{""threshold"":0.75,""rsi_policy"":""exclude 40–45""}",2021_2022,0.75,R3,0,0,0,0,0.0,0.0,,0,0,0.0,0.0,,,,,,0.0,0.0,0.0,0.0,0,0,0,0,0,FAIL,0.0,0.0,0.0,FAIL,CATASTROPHIC
T0_R3,"{""threshold"":0.75,""rsi_policy"":""exclude 40–45""}",2023_2024,0.75,R3,0,0,0,0,0.0,0.0,,0,0,0.0,0.0,,,,,,0.0,0.0,0.0,0.0,0,0,0,0,0,FAIL,0.0,0.0,0.0,FAIL,CATASTROPHIC
T0_R3,"{""threshold"":0.75,""rsi_policy"":""exclude 40–45""}",pooled,0.75,R3,6463,786,477,205,0.08017207665232695,0.0,0.08465608465608465,51,154,0.16097560975609757,0.24878048780487805,1.0593724278706773,-0.9537214140738326,1.1107776466353578,0.47375904401585345,-0.2249785562109754,0.3678549349246964,-0.4529029460778813,-92.84510394596566,-98.54456817413191,33,128,44,113,92,FAIL,0.32804496978066056,-0.5106860800159224,-104.6906464032641,FAIL,"QUALITY_FAIL:PF<=1;Mean-R<=0;PnL<=0;BE-edge<=0;WR<60%;PF<=1.05;stress-PF<=1;catastrophic-fold=2018_2020,2021_2022,2023_2024"
T1_R0,"{""threshold"":0.72,""rsi_policy"":""exclude 35–45""}",2018_2020,0.72,R0,21350,2175,1137,495,0.4516423357664234,0.00684931506849315,1.619047619047619,145,350,0.1797979797979798,0.29292929292929293,1.045547655848606,-0.9739275070481632,1.0735374535395488,0.4822676331662059,-0.18933834023691298,0.44475123075209877,-0.382364075492544,-189.27021736880926,-200.01769550984218,89,308,98,280,215,FAIL,0.39654411118786703,-0.4403209828528655,-217.95888651216842,FAIL,CATASTROPHIC
T1_R0,"{""threshold"":0.72,""rsi_policy"":""exclude 35–45""}",2021_2022,0.72,R0,37,19,11,5,0.00684931506849315,0.00684931506849315,,0,5,0.0,0.0,,-1.0608109135126917,,,,0.0,-1.0608109135126917,-5.304054567563459,-5.304054567563459,0,5,0,5,0,FAIL,0.0,-1.121621827025384,-5.60810913512692,FAIL,CATASTROPHIC
T1_R0,"{""threshold"":0.72,""rsi_policy"":""exclude 35–45""}",2023_2024,0.72,R0,94,26,19,11,0.015047879616963064,0.00684931506849315,,4,7,0.2727272727272727,0.36363636363636365,1.517561969993489,-0.9479089158201023,1.6009575863948278,0.3844737819758507,-0.020837418339487046,0.9148329065113302,-0.05137404825152361,-0.5651145307667598,-3.197459605354342,3,6,2,11,0,FAIL,0.8243928392959589,-0.1124533684001066,-1.2369870524011726,FAIL,CATASTROPHIC
T1_R0,"{""threshold"":0.72,""rsi_policy"":""exclude 35–45""}",pooled,0.72,R0,21481,2220,1167,511,0.19984356667970277,0.00684931506849315,1.7037037037037033,149,362,0.18003913894324852,0.29158512720156554,1.0582191810605495,-0.974624432168954,1.0857712428833346,0.4794389621642386,-0.18785383496267305,0.4469058430652399,-0.38187746862453914,-195.1393864671395,-200.01769550984218,92,319,100,296,215,FAIL,0.398657142983152,-0.4399295160463728,-224.80398269969652,FAIL,"QUALITY_FAIL:PF<=1;Mean-R<=0;PnL<=0;BE-edge<=0;WR<60%;PF<=1.05;stress-PF<=1;catastrophic-fold=2018_2020,2021_2022,2023_2024"
T1_R1,"{""threshold"":0.72,""rsi_policy"":""no 35–45 exclusion""}",2018_2020,0.72,R1,21350,2175,1470,562,0.5127737226277372,0.00684931506849315,1.9735449735449735,173,389,0.1797153024911032,0.30782918149466193,1.0068557951148125,-0.9817428741467361,1.0255799370990115,0.49368577447117534,-0.1858565929765134,0.45610624451961185,-0.3695941734665796,-207.71192548821773,-216.8992947609803,101,347,114,317,245,FAIL,0.4061907931520394,-0.427422395073602,-240.21138603136433,FAIL,CATASTROPHIC
T1_R1,"{""threshold"":0.72,""rsi_policy"":""no 35–45 exclusion""}",2021_2022,0.72,R1,37,19,15,5,0.00684931506849315,0.00684931506849315,,0,5,0.0,0.0,,-1.0608109135126917,,,,0.0,-1.0608109135126917,-5.304054567563459,-5.304054567563459,0,5,0,5,0,FAIL,0.0,-1.121621827025384,-5.60810913512692,FAIL,CATASTROPHIC
T1_R1,"{""threshold"":0.72,""rsi_policy"":""no 35–45 exclusion""}",2023_2024,0.72,R1,94,26,26,15,0.02051983584131327,0.00684931506849315,,5,10,0.26666666666666666,0.3333333333333333,1.3476636808394082,-0.97470716964511,1.3826344186327175,0.4197034980187407,-0.08637016468540737,0.6913172093163589,-0.20058355281693718,-3.008753292254058,-4.216660523275792,4,9,2,15,0,FAIL,0.6288624375081053,-0.2540430856744882,-3.810646285117323,FAIL,CATASTROPHIC
T1_R1,"{""threshold"":0.72,""rsi_policy"":""no 35–45 exclusion""}",pooled,0.72,R1,21481,2220,1511,582,0.22761048103245993,0.00684931506849315,2.0793650793650795,178,404,0.18041237113402062,0.30584192439862545,1.0164290503317956,-0.9825472878888487,1.0344835946936937,0.4915252217359645,-0.18568329733733907,0.4557873263749442,-0.37117651778012933,-216.02473334803528,-220.39901694639613,105,361,116,337,245,FAIL,0.4062105685870696,-0.42891776881719684,-249.63014145160855,FAIL,"QUALITY_FAIL:PF<=1;Mean-R<=0;PnL<=0;BE-edge<=0;WR<60%;PF<=1.05;stress-PF<=1;catastrophic-fold=2018_2020,2021_2022,2023_2024"
T1_R2,"{""threshold"":0.72,""rsi_policy"":""exclude 38–42""}",2018_2020,0.72,R2,21350,2175,1346,536,0.48905109489051096,0.00684931506849315,1.8359788359788363,162,374,0.18097014925373134,0.30223880597014924,1.009615682875594,-0.9823839532302073,1.027720047294996,0.49316472524597893,-0.1909259192758297,0.445162159523501,-0.3803243617206181,-203.8538578822513,-214.0148363854285,97,334,105,302,234,FAIL,0.39658651128149625,-0.4381656586342919,-234.85679302798047,FAIL,CATASTROPHIC
T1_R2,"{""threshold"":0.72,""rsi_policy"":""exclude 38–42""}",2021_2022,0.72,R2,37,19,13,5,0.00684931506849315,0.00684931506849315,,0,5,0.0,0.0,,-1.0608109135126917,,,,0.0,-1.0608109135126917,-5.304054567563459,-5.304054567563459,0,5,0,5,0,FAIL,0.0,-1.121621827025384,-5.60810913512692,FAIL,CATASTROPHIC
T1_R2,"{""threshold"":0.72,""rsi_policy"":""exclude 38–42""}",2023_2024,0.72,R2,94,26,24,13,0.017783857729138167,0.00684931506849315,,4,9,0.23076923076923078,0.3076923076923077,1.517561969993489,-0.9693121888785742,1.5656070225932073,0.38977130604719123,-0.08207899835488353,0.6958253433747588,-0.20412013999486245,-2.653561819933212,-3.19339852673186,3,8,2,13,0,FAIL,0.629769099839133,-0.26260627928723673,-3.4138816307340774,FAIL,CATASTROPHIC
T1_R2,"{""threshold"":0.72,""rsi_policy"":""exclude 38–42""}",pooled,0.72,R2,21481,2220,1383,554,0.21666014861165428,0.00684931506849315,1.9312169312169312,166,388,0.18050541516245489,0.2996389891696751,1.0218553524446998,-0.9830913989061034,1.039430671025837,0.49033292193109873,-0.19069393276142366,0.4447048747172396,-0.3823311809923248,-211.81147426974795,-214.82290356878983,100,347,107,320,234,FAIL,0.39640352369316184,-0.44021441118021926,-243.87878379384148,FAIL,"QUALITY_FAIL:PF<=1;Mean-R<=0;PnL<=0;BE-edge<=0;WR<60%;PF<=1.05;stress-PF<=1;catastrophic-fold=2018_2020,2021_2022,2023_2024"
T1_R3,"{""threshold"":0.72,""rsi_policy"":""exclude 40–45""}",2018_2020,0.72,R3,21350,2175,1299,530,0.4835766423357664,0.00684931506849315,1.8042328042328042,158,372,0.1792452830188679,0.2981132075471698,1.0267145912405478,-0.9746657480629987,1.0534017362167372,0.48699676364471994,-0.18888355609755014,0.44741256538237756,-0.3780278355913754,-200.35475286342898,-210.232074479091,95,327,108,299,231,FAIL,0.3987342325269452,-0.4358862767996621,-231.0197267038209,FAIL,CATASTROPHIC
T1_R3,"{""threshold"":0.72,""rsi_policy"":""exclude 40–45""}",2021_2022,0.72,R3,37,19,13,5,0.00684931506849315,0.00684931506849315,,0,5,0.0,0.0,,-1.0608109135126917,,,,0.0,-1.0608109135126917,-5.304054567563459,-5.304054567563459,0,5,0,5,0,FAIL,0.0,-1.121621827025384,-5.60810913512692,FAIL,CATASTROPHIC
T1_R3,"{""threshold"":0.72,""rsi_policy"":""exclude 40–45""}",2023_2024,0.72,R3,94,26,22,13,0.017783857729138167,0.00684931506849315,,5,8,0.3076923076923077,0.38461538461538464,1.3476636808394082,-0.9573280509105809,1.4077344537826424,0.4153281930359729,-0.030712808420588267,0.8798340336141515,-0.0707927694682774,-0.9203060030876061,-4.220721601898274,4,7,2,13,0,FAIL,0.7980674719175876,-0.12567320821418598,-1.6337517067844178,FAIL,CATASTROPHIC
T1_R3,"{""threshold"":0.72,""rsi_policy"":""exclude 40–45""}",pooled,0.72,R3,21481,2220,1334,548,0.21431364880719594,0.00684931506849315,1.8994708994708995,163,385,0.18065693430656934,0.29744525547445255,1.0365596553386722,-0.9754242526085289,1.0626757050244053,0.4848071839718343,-0.18736192849738176,0.44991205173760546,-0.3769691850986862,-206.57911343408006,-211.44861436742715,99,339,110,317,231,FAIL,0.40123395800868306,-0.43478391887907347,-238.26158754573225,FAIL,"QUALITY_FAIL:PF<=1;Mean-R<=0;PnL<=0;BE-edge<=0;WR<60%;PF<=1.05;stress-PF<=1;catastrophic-fold=2018_2020,2021_2022,2023_2024"
T2_R0,"{""threshold"":0.7,""rsi_policy"":""exclude 35–45""}",2018_2020,0.7,R0,39402,3564,1878,774,0.7062043795620438,0.049315068493150684,3.095238095238096,235,539,0.21059431524547803,0.30361757105943155,1.089168669247276,-0.9784803552952699,1.1131226736980369,0.4732332923435846,-0.16961572128415303,0.48531322508170444,-0.3507057806602591,-271.44627423104055,-271.4462742310405,163,478,133,457,317,FAIL,0.4341123997690671,-0.40848456772819075,-316.16705542161964,FAIL,CATASTROPHIC
T2_R0,"{""threshold"":0.7,""rsi_policy"":""exclude 35–45""}",2021_2022,0.7,R0,311,112,72,36,0.049315068493150684,0.049315068493150684,,7,29,0.19444444444444445,0.19444444444444445,1.4605383820194737,-1.0404378963803993,1.4037727644298335,0.4160127008665882,-0.22156825642214376,0.3388417017589253,-0.5541369533582021,-19.948930320895276,-22.237329013705725,7,28,1,36,0,FAIL,0.3073961499980649,-0.6144224788645927,-22.119209239125336,FAIL,CATASTROPHIC
T2_R0,"{""threshold"":0.7,""rsi_policy"":""exclude 35–45""}",2023_2024,0.7,R0,632,117,88,40,0.05471956224350205,0.049315068493150684,,16,24,0.325,0.4,1.4796201324951928,-1.0458754370024177,1.4147192678469724,0.41412681520184597,-0.014126815201845944,0.9431461785646484,-0.03567720920337358,-1.4270883681349433,-8.120305619808452,13,23,4,40,0,FAIL,0.8520381559547907,-0.09847208392715044,-3.938883357086018,FAIL,CATASTROPHIC
T2_R0,"{""threshold"":0.7,""rsi_policy"":""exclude 35–45""}",pooled,0.7,R0,40345,3793,2038,850,0.33242080563159954,0.049315068493150684,3.4973544973544977,258,592,0.21529411764705883,0.3035294117647059,1.1234586359192609,-0.9842476705865543,1.141438958397275,0.4669757202644868,-0.16344630849978092,0.49745143795016383,-0.3444968152000833,-292.8222929200708,-295.49063234963234,183,529,138,533,317,FAIL,0.44558024861643547,-0.4026178211974482,-342.225148017831,FAIL,"QUALITY_FAIL:PF<=1;Mean-R<=0;PnL<=0;BE-edge<=0;WR<60%;PF<=1.05;stress-PF<=1;catastrophic-fold=2018_2020,2021_2022,2023_2024"
T2_R1,"{""threshold"":0.7,""rsi_policy"":""no 35–45 exclusion""}",2018_2020,0.7,R1,39402,3564,2391,851,0.7764598540145985,0.06155950752393981,3.5026455026455023,260,591,0.21269095182138661,0.30552291421856637,1.1020341949972177,-0.9797826360728799,1.124774163598511,0.4706382528232568,-0.1651153386046904,0.49482450513640075,-0.34373989097508284,-292.5226472197955,-292.5226472197948,181,522,148,493,358,FAIL,0.4429425580131111,-0.40143783135552924,-341.6235944835554,FAIL,CATASTROPHIC
T2_R1,"{""threshold"":0.7,""rsi_policy"":""no 35–45 exclusion""}",2021_2022,0.7,R1,311,112,99,45,0.06164383561643835,0.06155950752393981,,11,34,0.24444444444444444,0.24444444444444444,1.5615636406077575,-1.028170151491355,1.5187793949695176,0.39701769912727986,-0.15257325468283542,0.4913698042548439,-0.3951241134226832,-17.780585104020744,-24.36616516938022,11,32,2,45,0,FAIL,0.4457464343805073,-0.4560167577665294,-20.52075409949382,FAIL,CATASTROPHIC
T2_R1,"{""threshold"":0.7,""rsi_policy"":""no 35–45 exclusion""}",2023_2024,0.7,R1,632,117,114,45,0.06155950752393981,0.06155950752393981,,17,28,0.3111111111111111,0.37777777777777777,1.2905968687457867,-1.0482556713049882,1.2311852003997312,0.448192288036351,-0.07041451025857326,0.747505300242694,-0.16468915617469532,-7.41101202786129,-10.29614501349705,14,27,4,45,0,FAIL,0.6748871938813249,-0.22484250071774747,-10.117912532298636,FAIL,CATASTROPHIC
T2_R1,"{""threshold"":0.7,""rsi_policy"":""no 35–45 exclusion""}",pooled,0.7,R1,40345,3793,2604,941,0.36800938599921784,0.06155950752393981,3.9788359788359786,288,653,0.21891604675876727,0.30605738575983,1.1307161024813897,-0.9852381039300425,1.1476577062651618,0.46562354749678836,-0.15956616173695837,0.5061645013849412,-0.3376346911282439,-317.7142443516775,-319.1485596871078,206,581,154,583,358,FAIL,0.4536882406832164,-0.39560282796530055,-372.2622611153478,FAIL,"QUALITY_FAIL:PF<=1;Mean-R<=0;PnL<=0;BE-edge<=0;WR<60%;PF<=1.05;stress-PF<=1;catastrophic-fold=2018_2020,2021_2022,2023_2024"
T2_R2,"{""threshold"":0.7,""rsi_policy"":""exclude 38–42""}",2018_2020,0.7,R2,39402,3564,2194,823,0.7509124087591241,0.056164383561643834,3.3544973544973544,253,570,0.212636695018226,0.30741190765492105,1.0947198671152512,-0.9814654631050235,1.1153931628443952,0.47272536262497056,-0.1653134549700495,0.4950780178940911,-0.34322137009684683,-282.4711875897049,-283.0899861220652,175,505,143,480,343,FAIL,0.4430703051569819,-0.4009461805427259,-329.9787065866634,FAIL,CATASTROPHIC
T2_R2,"{""threshold"":0.7,""rsi_policy"":""exclude 38–42""}",2021_2022,0.7,R2,311,112,91,41,0.056164383561643834,0.056164383561643834,,10,31,0.24390243902439024,0.24390243902439024,1.532997782446311,-1.0248610854012288,1.4958103144741308,0.40067147499176065,-0.1567690359673704,0.4825194562819777,-0.40099306885304864,-16.440715822974994,-22.423558960229887,10,29,2,41,0,FAIL,0.43761127260474686,-0.4615694846520892,-18.924348870735656,FAIL,CATASTROPHIC
T2_R2,"{""threshold"":0.7,""rsi_policy"":""exclude 38–42""}",2023_2024,0.7,R2,632,117,106,44,0.060191518467852256,0.056164383561643834,,17,27,0.3181818181818182,0.38636363636363635,1.3390682322737923,-1.0477798356746835,1.2780053468117596,0.4389805324204245,-0.052616896056788154,0.8046700331777746,-0.12558853669459047,-5.525895614561981,-10.3017084468405,14,26,4,44,0,FAIL,0.7264499988588412,-0.18650533416226314,-8.206234703139579,FAIL,CATASTROPHIC
T2_R2,"{""threshold"":0.7,""rsi_policy"":""exclude 38–42""}",pooled,0.7,R2,40345,3793,2391,908,0.3551036370746969,0.056164383561643834,3.8042328042328037,280,628,0.21916299559471367,0.30837004405286345,1.1252080862617004,-0.9864586993320349,1.1406540253774613,0.46714695048569094,-0.1587769064328275,0.5085718584485497,-0.33528391963352633,-304.4377990272419,-307.76279420931536,199,560,149,565,343,FAIL,0.45574649425238717,-0.3932921697803289,-357.10929016053865,FAIL,"QUALITY_FAIL:PF<=1;Mean-R<=0;PnL<=0;BE-edge<=0;WR<60%;PF<=1.05;stress-PF<=1;catastrophic-fold=2018_2020,2021_2022,2023_2024"
T2_R3,"{""threshold"":0.7,""rsi_policy"":""exclude 40–45""}",2018_2020,0.7,R3,39402,3564,2108,817,0.7454379562043796,0.056164383561643834,3.322751322751323,250,567,0.2178702570379437,0.30599755201958384,1.1063706746800472,-0.9760776000812694,1.1334863893894598,0.4687163719315642,-0.16271881991198034,0.4997735402951763,-0.3388535257969008,-276.84333057606796,-276.8433305760679,178,499,140,481,336,FAIL,0.4474643110008821,-0.3965465128259115,-323.9785009787697,FAIL,CATASTROPHIC
T2_R3,"{""threshold"":0.7,""rsi_policy"":""exclude 40–45""}",2021_2022,0.7,R3,311,112,86,41,0.056164383561643834,0.056164383561643834,,10,31,0.24390243902439024,0.24390243902439024,1.5388092636653048,-1.0419666764157351,1.4768315518099486,0.4037416267849335,-0.1598391877605433,0.4763972747774028,-0.4125091300545062,-16.912874332234754,-22.89571746948964,10,30,1,41,0,FAIL,0.4323212298906605,-0.47342807505037393,-19.410551077065332,FAIL,CATASTROPHIC
T2_R3,"{""threshold"":0.7,""rsi_policy"":""exclude 40–45""}",2023_2024,0.7,R3,632,117,96,44,0.060191518467852256,0.056164383561643834,,18,26,0.36363636363636365,0.4090909090909091,1.347466248997428,-1.0472433526213356,1.2866792093973287,0.4373153855120576,-0.028224476421148503,0.8907779141981507,-0.06758942468638678,-2.973934686201018,-8.45659853603431,16,25,3,44,0,FAIL,0.8053106823843487,-0.12776740120047986,-5.6217656528211135,FAIL,CATASTROPHIC
T2_R3,"{""threshold"":0.7,""rsi_policy"":""exclude 40–45""}",pooled,0.7,R3,40345,3793,2290,902,0.35275713727023855,0.056164383561643834,3.772486772486772,278,624,0.2261640798226164,0.3082039911308204,1.137536524419491,-0.9823161752934652,1.1580146525426542,0.46338888330612693,-0.1551848921753065,0.5159103740494517,-0.32896911263248746,-296.73013959450367,-300.7619857941323,204,554,144,566,336,FAIL,0.46257822794530196,-0.38692995311380946,-349.01081770865613,FAIL,"QUALITY_FAIL:PF<=1;Mean-R<=0;PnL<=0;BE-edge<=0;WR<60%;PF<=1.05;stress-PF<=1;catastrophic-fold=2018_2020,2021_2022,2023_2024"
T3_R0,"{""threshold"":0.67,""rsi_policy"":""exclude 35–45""}",2018_2020,0.67,R0,76302,5034,2268,992,0.9051094890510949,0.19288645690834474,4.248677248677248,324,668,0.25100806451612906,0.32661290322580644,1.1460684932211143,-0.9696140119773385,1.1819842525624513,0.458298449599548,-0.13168554637374158,0.5732977512428656,-0.2786048066504245,-276.3759681972211,-283.3270603131601,249,587,156,622,370,FAIL,0.5148556187700647,-0.33578463243877604,-333.09835537926585,FAIL,CATASTROPHIC
T3_R0,"{""threshold"":0.67,""rsi_policy"":""exclude 35–45""}",2021_2022,0.67,R0,2835,550,336,160,0.2191780821917808,0.19288645690834474,,43,117,0.225,0.26875,1.3066849914273007,-1.0374286087672568,1.259542083555988,0.44256754821146554,-0.17381754821146556,0.4629086289992093,-0.4074480787149695,-65.19169259439512,-68.32808112621986,36,113,11,160,0,FAIL,0.4175289726613366,-0.4676809756902047,-74.82895611043276,FAIL,CATASTROPHIC
T3_R0,"{""threshold"":0.67,""rsi_policy"":""exclude 35–45""}",2023_2024,0.67,R0,3397,393,271,141,0.19288645690834474,0.19288645690834474,,56,85,0.36879432624113473,0.3971631205673759,1.3440835599001437,-1.0357009429151598,1.2977525694984766,0.4352078693217463,-0.03804474875437042,0.8549899281401728,-0.09053830349915262,-12.76590079338052,-26.048284553202397,52,81,8,141,0,FAIL,0.7773838752554847,-0.14689941473427362,-20.71281747753258,FAIL,CATASTROPHIC
T3_R0,"{""threshold"":0.67,""rsi_policy"":""exclude 35–45""}",pooled,0.67,R0,82534,5977,2875,1293,0.5056707078607744,0.19288645690834474,5.841269841269842,423,870,0.26063418406805877,0.3271461716937355,1.1886106992657754,-0.9851906751430113,1.2064778212534701,0.45321099100462,-0.12606481931088448,0.5865978372301355,-0.2740398774825961,-354.3335615849968,-354.5557838072192,337,781,175,923,370,FAIL,0.5279851051053439,-0.3315082203922901,-428.64012896723113,FAIL,"QUALITY_FAIL:PF<=1;Mean-R<=0;PnL<=0;BE-edge<=0;WR<60%;PF<=1.05;stress-PF<=1;catastrophic-fold=2018_2020,2021_2022,2023_2024"
T3_R1,"{""threshold"":0.67,""rsi_policy"":""no 35–45 exclusion""}",2018_2020,0.67,R1,76302,5034,2909,1113,1.0155109489051095,0.21203830369357046,4.888888888888889,362,751,0.24707996406109614,0.3252470799640611,1.1318639566859172,-0.9676053796426576,1.169757817080266,0.4608809297185294,-0.1356338497544683,0.5638513046378912,-0.28475910852770325,-316.93688779133373,-321.1476552545535,275,656,182,709,404,FAIL,0.5061252072005891,-0.3417815455758691,-380.4028602259423,FAIL,CATASTROPHIC
T3_R1,"{""threshold"":0.67,""rsi_policy"":""no 35–45 exclusion""}",2021_2022,0.67,R1,2835,550,482,196,0.2684931506849315,0.21203830369357046,,49,147,0.21428571428571427,0.25,1.3245800380829353,-1.0357846118558998,1.2788180312020443,0.4388239808127699,-0.1888239808127699,0.42627267706734806,-0.44569344937119104,-87.35591607675345,-90.49230460857825,42,142,12,196,0,FAIL,0.38493779808134937,-0.5054440315456211,-99.06703018294174,FAIL,CATASTROPHIC
T3_R1,"{""threshold"":0.67,""rsi_policy"":""no 35–45 exclusion""}",2023_2024,0.67,R1,3397,393,327,155,0.21203830369357046,0.21203830369357046,,61,94,0.36129032258064514,0.3935483870967742,1.3171035525997603,-1.0320851195013232,1.2761578746878461,0.4393368364824609,-0.045788449385686714,0.8281450037867938,-0.10756570660992892,-16.672684524538983,-30.736023220737447,56,89,10,155,0,FAIL,0.753838385280859,-0.1626492193610741,-25.210629000966485,FAIL,CATASTROPHIC
T3_R1,"{""threshold"":0.67,""rsi_policy"":""no 35–45 exclusion""}",pooled,0.67,R1,82534,5977,3718,1464,0.5725459522878373,0.21203830369357046,6.746031746031746,472,992,0.2547814207650273,0.3224043715846995,1.1758103620655749,-0.9838185275076385,1.1951496431403053,0.4555498086997999,-0.1331454371151004,0.5686599108490161,-0.28754473250862445,-420.9654883926262,-421.4506607993187,373,887,204,1060,404,FAIL,0.5117844321611592,-0.34472713074443345,-504.6805194098506,FAIL,"QUALITY_FAIL:PF<=1;Mean-R<=0;PnL<=0;BE-edge<=0;WR<60%;PF<=1.05;stress-PF<=1;catastrophic-fold=2018_2020,2021_2022,2023_2024"
T3_R2,"{""threshold"":0.67,""rsi_policy"":""exclude 38–42""}",2018_2020,0.67,R2,76302,5034,2667,1069,0.9753649635036497,0.20656634746922026,4.656084656084656,346,723,0.245088868101029,0.323666978484565,1.1337004953920733,-0.9675124301755774,1.1717684032093905,0.4604542540181644,-0.13678727553359943,0.5607633022274537,-0.28741919140438277,-307.2511156112852,-311.45460636976713,262,631,176,678,391,FAIL,0.5033893147772832,-0.34446646297509287,-368.2346489203743,FAIL,CATASTROPHIC
T3_R2,"{""threshold"":0.67,""rsi_policy"":""exclude 38–42""}",2021_2022,0.67,R2,2835,550,422,186,0.2547945205479452,0.20656634746922026,,50,136,0.23118279569892472,0.26881720430107525,1.3287360276827223,-1.0341718796536394,1.284830939444744,0.4376691433647246,-0.16885193906364937,0.4723643159723323,-0.3989815819825745,-74.21057424875886,-77.34696278058357,43,131,12,186,0,FAIL,0.4264369624395139,-0.4589811365544311,-85.37049139912419,FAIL,CATASTROPHIC
T3_R2,"{""threshold"":0.67,""rsi_policy"":""exclude 38–42""}",2023_2024,0.67,R2,3397,393,309,151,0.20656634746922026,0.20656634746922026,,59,92,0.3576158940397351,0.39072847682119205,1.314674839475356,-1.036309267930195,1.2686124501242146,0.4407980745875068,-0.050069597766314755,0.8135666799709637,-0.11771282861279439,-17.774637120531953,-29.453485055977374,54,88,9,151,0,FAIL,0.7403785397310816,-0.17306005420392517,-26.1320681847927,FAIL,CATASTROPHIC
T3_R2,"{""threshold"":0.67,""rsi_policy"":""exclude 38–42""}",pooled,0.67,R2,82534,5977,3398,1406,0.54986312084474,0.20656634746922026,6.43915343915344,455,951,0.2553342816500711,0.3236130867709815,1.1785999743271196,-0.9837006470025399,1.1981286968941849,0.45493241656547956,-0.13131932979449806,0.57323717885053,-0.2839518684072375,-399.23632698057594,-399.45854920279777,359,850,197,1015,391,FAIL,0.515902285339401,-0.3412071184241046,-479.7372085042911,FAIL,"QUALITY_FAIL:PF<=1;Mean-R<=0;PnL<=0;BE-edge<=0;WR<60%;PF<=1.05;stress-PF<=1;catastrophic-fold=2018_2020,2021_2022,2023_2024"
T3_R3,"{""threshold"":0.67,""rsi_policy"":""exclude 40–45""}",2018_2020,0.67,R3,76302,5034,2560,1053,0.9607664233576643,0.1997264021887825,4.571428571428572,343,710,0.24881291547958215,0.32573599240265905,1.1395620465996592,-0.9653892861296556,1.180417125995131,0.45862784147028984,-0.1328918490676308,0.5702578510089154,-0.2797308748037723,-294.5566111683722,-301.66542074187157,262,619,172,662,391,FAIL,0.5118642689932126,-0.336847564223697,-354.70048512755295,FAIL,CATASTROPHIC
T3_R3,"{""threshold"":0.67,""rsi_policy"":""exclude 40–45""}",2021_2022,0.67,R3,2835,550,408,173,0.236986301369863,0.1997264021887825,,44,129,0.2138728323699422,0.2543352601156069,1.2979856324082593,-1.0327567915096525,1.2568163609080734,0.443102069500077,-0.1887668093844701,0.42868154945701725,-0.4399668108600101,-76.11425827878175,-79.25064681060647,37,124,12,173,0,FAIL,0.3866307645023762,-0.4999097103085112,-86.48437988337244,FAIL,CATASTROPHIC
T3_R3,"{""threshold"":0.67,""rsi_policy"":""exclude 40–45""}",2023_2024,0.67,R3,3397,393,288,146,0.1997264021887825,0.1997264021887825,,57,89,0.363013698630137,0.3904109589041096,1.3371749680071048,-1.0361172409773658,1.2905633794354703,0.4365738180300686,-0.04616285912595902,0.8265405913238406,-0.10955795390808615,-15.995461270580577,-29.167391226262037,53,85,8,146,0,FAIL,0.7520297385417088,-0.1654309197286654,-24.152914280385147,FAIL,CATASTROPHIC
T3_R3,"{""threshold"":0.67,""rsi_policy"":""exclude 40–45""}",pooled,0.67,R3,82534,5977,3256,1372,0.536566288619476,0.1997264021887825,6.2592592592592595,444,928,0.2565597667638484,0.3236151603498542,1.1806309076262425,-0.9815371268359763,1.2028387672222374,0.4539596882349189,-0.13034452788506468,0.5754961343175359,-0.2818267716601564,-386.6663307177346,-386.8885529399565,352,828,192,981,391,FAIL,0.5178069208581644,-0.3391674776175733,-465.3377792913106,FAIL,"QUALITY_FAIL:PF<=1;Mean-R<=0;PnL<=0;BE-edge<=0;WR<60%;PF<=1.05;stress-PF<=1;catastrophic-fold=2018_2020,2021_2022,2023_2024"
T4_R0,"{""threshold"":0.65,""rsi_policy"":""exclude 35–45""}",2018_2020,0.65,R0,104746,5969,2776,1206,1.1003649635036497,0.332421340629275,5.380952380952381,395,811,0.23880597014925373,0.3275290215588723,1.1042845264906462,-0.9858285437458213,1.120158808036468,0.47166278120747235,-0.14413375964860003,0.5455767314111034,-0.3012558549038604,-363.3145610140557,-364.64410646859943,288,725,193,779,427,FAIL,0.4899800419621311,-0.35779497039946756,-431.50073430175786,FAIL,CATASTROPHIC
T4_R0,"{""threshold"":0.65,""rsi_policy"":""exclude 35–45""}",2021_2022,0.65,R0,7746,1239,800,356,0.4876712328767123,0.332421340629275,,101,255,0.2612359550561798,0.28370786516853935,1.3001235347904212,-1.047844856805455,1.2407595707957029,0.446277241446701,-0.16256937627816165,0.4914381045112392,-0.38170775694258,-135.8879614715585,-138.3764418712612,93,250,13,356,0,FAIL,0.4454869098243818,-0.43968343615754596,-156.52730327208636,FAIL,CATASTROPHIC
T4_R0,"{""threshold"":0.65,""rsi_policy"":""exclude 35–45""}",2023_2024,0.65,R0,6721,779,502,243,0.332421340629275,0.332421340629275,,107,136,0.3991769547325103,0.4403292181069959,1.255894558724165,-1.0387099112079046,1.209090762659325,0.4526749271253076,-0.012345709018311724,0.9512699382687337,-0.028328519097898457,-6.883830140789325,-19.072948466650864,97,131,15,243,0,FAIL,0.8651163381363147,-0.08279236641154991,-20.11854503800663,FAIL,CATASTROPHIC
T4_R0,"{""threshold"":0.65,""rsi_policy"":""exclude 35–45""}",pooled,0.65,R0,119213,7987,4078,1805,0.7059053578412202,0.332421340629275,8.55026455026455,603,1202,0.26481994459833796,0.33407202216066484,1.1639893578128084,-1.0049683322691574,1.158234862171817,0.46334160268067714,-0.1292695805200123,0.5810446105570763,-0.2803802507625504,-506.08635262640354,-517.4578566108469,478,1106,221,1378,427,FAIL,0.5239483981015389,-0.33692331446639934,-608.1465826118508,FAIL,"QUALITY_FAIL:PF<=1;Mean-R<=0;PnL<=0;BE-edge<=0;WR<60%;PF<=1.05;stress-PF<=1;catastrophic-fold=2018_2020,2021_2022,2023_2024"
T4_R1,"{""threshold"":0.65,""rsi_policy"":""no 35–45 exclusion""}",2018_2020,0.65,R1,104746,5969,3514,1339,1.2217153284671534,0.36662106703146374,6.0846560846560855,435,904,0.23823749066467514,0.32486930545182974,1.0951684378759556,-0.9868184637546067,1.1097972708263923,0.4739791892935321,-0.14910988384170237,0.5340285539927884,-0.31044482506207893,-415.6856207581237,-417.01516621266705,319,810,210,872,467,FAIL,0.47964169201854595,-0.3668080842996642,-491.1560248772504,FAIL,CATASTROPHIC
T4_R1,"{""threshold"":0.65,""rsi_policy"":""no 35–45 exclusion""}",2021_2022,0.65,R1,7746,1239,1090,404,0.5534246575342465,0.36662106703146374,,118,286,0.26732673267326734,0.29207920792079206,1.30044852855658,-1.0372942146409418,1.2536930315443133,0.4437161521126785,-0.15163694419188645,0.5172579640637377,-0.35448816588523013,-143.21321901763298,-145.70169941733596,108,275,21,404,0,FAIL,0.46875491954387505,-0.4123237567307603,-166.57879771922717,FAIL,CATASTROPHIC
T4_R1,"{""threshold"":0.65,""rsi_policy"":""no 35–45 exclusion""}",2023_2024,0.65,R1,6721,779,617,268,0.36662106703146374,0.36662106703146374,,110,158,0.373134328358209,0.41044776119402987,1.2512167984529337,-1.034997634745571,1.2089078819590877,0.45271240515158856,-0.04226464395755869,0.8416447279462004,-0.09662603902976669,-25.89577845997747,-37.682394500413,100,152,16,268,0,FAIL,0.7656827941521891,-0.15097357454940255,-40.46091797923988,FAIL,CATASTROPHIC
T4_R1,"{""threshold"":0.65,""rsi_policy"":""no 35–45 exclusion""}",pooled,0.65,R1,119213,7987,5221,2011,0.7864685177942902,0.36662106703146374,9.64021164021164,663,1348,0.26205867727498755,0.32968672302337143,1.157594335860543,-1.0031748241181557,1.1539308084990372,0.4642674667422804,-0.134580743718909,0.5675490549220041,-0.29079792055481557,-584.7946182357341,-595.8313011032224,527,1237,247,1544,467,FAIL,0.5117919448968581,-0.34718833444839253,-698.1957405757174,FAIL,"QUALITY_FAIL:PF<=1;Mean-R<=0;PnL<=0;BE-edge<=0;WR<60%;PF<=1.05;stress-PF<=1;catastrophic-fold=2018_2020,2021_2022,2023_2024"
T4_R2,"{""threshold"":0.65,""rsi_policy"":""exclude 38–42""}",2018_2020,0.65,R2,104746,5969,3231,1294,1.1806569343065694,0.35157318741450067,5.8465608465608465,421,873,0.23879443585780524,0.32534775888717155,1.1032658254739491,-0.9857417856204884,1.11922396064349,0.47187084450307737,-0.14652308561590582,0.5397403063355204,-0.30608784105266895,-396.0776663221536,-397.407211776697,309,780,205,836,458,FAIL,0.4847778057204649,-0.3625911134979895,-469.1929008663984,FAIL,CATASTROPHIC
T4_R2,"{""threshold"":0.65,""rsi_policy"":""exclude 38–42""}",2021_2022,0.65,R2,7746,1239,977,384,0.5260273972602739,0.35157318741450067,,117,267,0.2786458333333333,0.3046875,1.2993193943777397,-1.0378774673840316,1.2519005713195335,0.44406933979950797,-0.13938183979950797,0.5485856436119304,-0.32576279856599194,-125.09291464934091,-127.63648884092554,107,257,20,384,0,FAIL,0.4972126468327351,-0.3834473674593967,-147.24378910440834,FAIL,CATASTROPHIC
T4_R2,"{""threshold"":0.65,""rsi_policy"":""exclude 38–42""}",2023_2024,0.65,R2,6721,779,573,257,0.35157318741450067,0.35157318741450067,,108,149,0.3852140077821012,0.42023346303501946,1.256330635481173,-1.0365525667240554,1.212027904625917,0.45207386304157543,-0.03184040000655597,0.8785168704671076,-0.07300631832652767,-18.76262380991761,-31.61253098959363,99,144,14,257,0,FAIL,0.7995215608659296,-0.12722961693591114,-32.69801155252917,FAIL,CATASTROPHIC
T4_R2,"{""threshold"":0.65,""rsi_policy"":""exclude 38–42""}",pooled,0.65,R2,119213,7987,4781,1935,0.7567461869378177,0.35157318741450067,9.238095238095237,646,1289,0.2661498708010336,0.3338501291989664,1.164363762072283,-1.002414425973706,1.1615592632171727,0.4626289998228605,-0.1287788706238941,0.5821313297426638,-0.2790352479490502,-539.9332047814122,-552.0331787881405,515,1181,239,1477,458,FAIL,0.5250058367657341,-0.3354701299862201,-649.1347015233359,FAIL,"QUALITY_FAIL:PF<=1;Mean-R<=0;PnL<=0;BE-edge<=0;WR<60%;PF<=1.05;stress-PF<=1;catastrophic-fold=2018_2020,2021_2022,2023_2024"
T4_R3,"{""threshold"":0.65,""rsi_policy"":""exclude 40–45""}",2018_2020,0.65,R3,104746,5969,3148,1279,1.1669708029197081,0.35294117647058826,5.767195767195767,415,864,0.24081313526192338,0.32447224394057855,1.1109517665420867,-0.9861098837654096,1.1266003767247263,0.4702340933185319,-0.14576184937795333,0.5411332828018073,-0.30567158440840336,-390.9539564583479,-392.28350191289115,308,772,199,827,452,FAIL,0.48630014464272137,-0.362061117946271,-463.0761698532806,FAIL,CATASTROPHIC
T4_R3,"{""threshold"":0.65,""rsi_policy"":""exclude 40–45""}",2021_2022,0.65,R3,7746,1239,939,380,0.5205479452054794,0.35294117647058826,,105,275,0.25526315789473686,0.27631578947368424,1.2987171280393284,-1.0399577899567178,1.2488171544860296,0.4446782158367835,-0.16836242636309928,0.4768210953492113,-0.39374498366833655,-149.62309379396788,-152.11157419367095,97,266,17,380,0,FAIL,0.4321041325260485,-0.4516730141238477,-171.63574536706213,FAIL,CATASTROPHIC
T4_R3,"{""threshold"":0.65,""rsi_policy"":""exclude 40–45""}",2023_2024,0.65,R3,6721,779,559,258,0.35294117647058826,0.35294117647058826,,107,151,0.375968992248062,0.41472868217054265,1.2486343869547687,-1.0341967198925643,1.2073470771445503,0.4530325159800477,-0.03830383380950503,0.8555373328110387,-0.08744118333184876,-22.559825299616982,-33.10400189203635,97,145,16,258,0,FAIL,0.7778962715727925,-0.14204420306901128,-36.64740439180491,FAIL,CATASTROPHIC
T4_R3,"{""threshold"":0.65,""rsi_policy"":""exclude 40–45""}",pooled,0.65,R3,119213,7987,4646,1917,0.7497066875244427,0.35294117647058826,9.142857142857142,627,1290,0.261867501304121,0.3270735524256651,1.165891803769148,-1.0032178577637119,1.1621521634075125,0.46250213880600255,-0.13542858638033745,0.5648600050050469,-0.29375945516532737,-563.1368755519326,-572.931118971405,502,1183,232,1465,452,FAIL,0.5094859194406892,-0.35021352092443797,-671.3593196121476,FAIL,"QUALITY_FAIL:PF<=1;Mean-R<=0;PnL<=0;BE-edge<=0;WR<60%;PF<=1.05;stress-PF<=1;catastrophic-fold=2018_2020,2021_2022,2023_2024"
