url,document_date,title,classification,exclusion_reason,canonical_event_id,source_path,content_sha256,official_link_context
"https://www.federalreserve.gov/monetarypolicy/files/FOMC_LongerRunGoals_201701.pdf","2017-01-31","Statement on Longer-Run Goals and Monetary Policy Strategy (PDF)","strategy_document_excluded","Longer-run goals/strategy companion, not the decision statement","FOMC_2017-02-01_scheduled","sources/c3e08d0054973c17e3ee.pdf","480694b20cafbc06bc3e360e349a992d8951f0512f4cac2794918bff5323e037","Jan/Feb 31-1 Meeting - 2017 Beige Book: PDF | HTML Tealbook A (4.32 MB PDF) Tealbook B (2.15 MB PDF) Agenda (691 KB PDF) Statement Statement on Longer-Run Goals and Monetary Policy Strategy (PDF) 2017 Memos Minutes (Relea"
"https://www.federalreserve.gov/newsevents/pressreleases/monetary20160127a.htm","2016-01-27","Federal Reserve issues FOMC statement","canonical_statement_retained","Official history Statement link and actual FOMC statement identity","FOMC_2016-01-27_scheduled","sources/e6e5c3023db92476c36a.html","66d8b1299ed37cfba4316db9888a7c38a74cec837a43db1790d5fb28aac5c41d","col-sm-8 col-md-9""> 2016 January 26-27 Meeting - 2016 Beige Book: PDF | HTML Tealbook A (3.72 MB PDF) Tealbook B (2.15 MB PDF) Agenda (763 KB PDF) Statement Statement on Longer-Run Goals and Monetary Policy Strategy <a href=""/"
"https://www.federalreserve.gov/newsevents/pressreleases/monetary20160127b.htm","2016-01-27","Federal Open Market Committee reaffirms its ""Statement on Longer-Run Goals and Monetary Policy Strategy""","strategy_document_excluded","Longer-run goals/strategy companion, not the decision statement","FOMC_2016-01-27_scheduled","sources/3d8807f724a83e5a46dd.html","b241065667a133dfc299744dd507cdbf7fcaea386a9f8b9b39683589d843ea89","January 26-27 Meeting - 2016 Beige Book: PDF | HTML Tealbook A (3.72 MB PDF) Tealbook B (2.15 MB PDF) Agenda (763 KB PDF) Statement Statement on Longer-Run Goals and Monetary Policy Strategy 2016 Memos Minutes (Relea"
"https://www.federalreserve.gov/newsevents/pressreleases/monetary20160316a.htm","2016-03-16","Federal Reserve issues FOMC statement","canonical_statement_retained","Official history Statement link and actual FOMC statement identity","FOMC_2016-03-16_scheduled","sources/01de1f0f09c0ecd544a4.html","af4120919502323438b8876db57d97e73b5623c5d60d89d1562fba94d6ab93c8","ol-md-12""> Note: While preparing the January Tealbook A for public release, minor formatting errors were introduced on pages 35-66. Those pages have been restored and the document was reposted on March 21, 2025. March 15-16 Meeting - 2016 Beige Book: PDF | HTML Tealbook A (3.88 MB PDF) Tealbook B (2.11 MB PDF) Agenda (795 KB PDF) Statement Press Conference 2016 Memos <e"
"https://www.federalreserve.gov/newsevents/pressreleases/monetary20160427a.htm","2016-04-27","Federal Reserve issues FOMC statement","canonical_statement_retained","Official history Statement link and actual FOMC statement identity","FOMC_2016-04-27_scheduled","sources/97094e8777b101af02cb.html","db05ce955e749d868177c41cacde92b47893a3e142307ae7ded45cd6bd3ea135","Presentation materials (2.74 MB PDF) April 26-27 Meeting - 2016 Beige Book: PDF | HTML Tealbook A (4.54 MB PDF) Tealbook B (2.21 MB PDF) Agenda (779 KB PDF) Statement 2016 Memos"
"https://www.federalreserve.gov/newsevents/pressreleases/monetary20160615a.htm","2016-06-15","Federal Reserve issues FOMC statement","canonical_statement_retained","Official history Statement link and actual FOMC statement identity","FOMC_2016-06-15_scheduled","sources/8ea63dbead66ee0cce5b.html","279d154e7bb796c32e5eb371470f981166dd54a3daba0d2ec7375856b61ae60f","Presentation materials (2.64 MB PDF) June 14-15 Meeting - 2016 Beige Book: PDF | HTML Tealbook A (3.9 MB PDF) Tealbook B (2.27 MB PDF) Agenda (689 KB PDF) Statement Press Conference"
"https://www.federalreserve.gov/newsevents/pressreleases/monetary20160727a.htm","2016-07-27","Federal Reserve issues FOMC statement","canonical_statement_retained","Official history Statement link and actual FOMC statement identity","FOMC_2016-07-27_scheduled","sources/1f6f041b0bcbf1083dbc.html","c354f61d61f949ccc5689502b4b2465d0ff9540fd468466e3335fccd7d7b5e64","Presentation materials (1.57 MB PDF) July 26-27 Meeting - 2016 Beige Book: PDF | HTML Tealbook A (4.21 MB PDF) Tealbook B (2.11 MB PDF) Agenda (782 KB PDF) Statement 2016 Memos"
"https://www.federalreserve.gov/newsevents/pressreleases/monetary20160921a.htm","2016-09-21","Federal Reserve issues FOMC statement","canonical_statement_retained","Official history Statement link and actual FOMC statement identity","FOMC_2016-09-21_scheduled","sources/b918ae742ec284936263.html","32f42bdf82bada29f98fa625eb528586feb5ce55bb03db36401e11c69b633497","Presentation materials (2.89 MB PDF) September 20-21 Meeting - 2016 Beige Book: PDF | HTML Tealbook A (3.83 MB PDF) Tealbook B (2.27 MB PDF) Agenda (686 KB PDF) Statement Press Conference 2016 Memos <e"
"https://www.federalreserve.gov/newsevents/pressreleases/monetary20161102a.htm","2016-11-02","Federal Reserve issues FOMC statement","canonical_statement_retained","Official history Statement link and actual FOMC statement identity","FOMC_2016-11-02_scheduled","sources/352595e151a6f0f702f7.html","8fecac1cd92ec2cb3adfa366b7bbcfcc1ddb8219ebdb0bc7d1d14c7196fe5043","Presentation materials (2.76 MB PDF) November 1-2 Meeting - 2016 Beige Book: PDF | HTML Tealbook A (3.79 MB PDF) Tealbook B (2.49 MB PDF) Agenda (686 KB PDF) Statement 2016 Memos"
"https://www.federalreserve.gov/newsevents/pressreleases/monetary20161214a.htm","2016-12-14","Federal Reserve issues FOMC statement","canonical_statement_retained","Official history Statement link and actual FOMC statement identity","FOMC_2016-12-14_scheduled","sources/4458ddbd45d9a99dc2b9.html","96242638897ead7189990f0705e6463599c943eeca3120b82c61375a1ed533a8","Presentation materials (3.09 MB PDF) December 13-14 Meeting - 2016 Beige Book: PDF | HTML Tealbook A (3.43 MB PDF) Tealbook B (2.67 MB PDF) Agenda (686 KB PDF) Statement Press Conference 2016 Memos <e"
"https://www.federalreserve.gov/newsevents/pressreleases/monetary20170201a.htm","2017-02-01","Federal Reserve issues FOMC statement","canonical_statement_retained","Official history Statement link and actual FOMC statement identity","FOMC_2017-02-01_scheduled","sources/381f51341fc6b1d6bffd.html","20b14723c163c24f5b4b8675d225882e1c737969511bd8096875376972caa478","""col-xs-12 col-sm-8 col-md-9""> 2017 Jan/Feb 31-1 Meeting - 2017 Beige Book: PDF | HTML Tealbook A (4.32 MB PDF) Tealbook B (2.15 MB PDF) Agenda (691 KB PDF) Statement Statement on Longer-Run Goals and Monetary Policy Strategy (PDF) <p"
"https://www.federalreserve.gov/newsevents/pressreleases/monetary20170315a.htm","2017-03-15","Federal Reserve issues FOMC statement","canonical_statement_retained","Official history Statement link and actual FOMC statement identity","FOMC_2017-03-15_scheduled","sources/0da0f97b1a19a931be3a.html","2cda8f807b2a415e4c3fd9d9de2b1600a4c2b00f148b82e1d66950807cd7f8db","5 MB PDF) Presentation materials (1.54 MB PDF) March 14-15 Meeting - 2017 Beige Book: PDF | HTML Tealbook A (4.2 MB PDF) Tealbook B (2.23 MB PDF) Agenda (689 KB PDF) Statement Press Conference 2017 Memos <e"
"https://www.federalreserve.gov/newsevents/pressreleases/monetary20170503a.htm","2017-05-03","Federal Reserve issues FOMC statement","canonical_statement_retained","Official history Statement link and actual FOMC statement identity","FOMC_2017-05-03_scheduled","sources/c4d495b893d90fcb5987.html","13ca2b72f1ffd89dec0addbbe60e303cac46786a4d76d6dec01687ac443927a5","(1.76 MB PDF) Presentation materials (2.89 MB PDF) May 2-3 Meeting - 2017 Beige Book: PDF | HTML Tealbook A (3.6 MB PDF) Tealbook B (2.34 MB PDF) Agenda (779 KB PDF) Statement 2017 Memos"
"https://www.federalreserve.gov/newsevents/pressreleases/monetary20170614a.htm","2017-06-14","Federal Reserve issues FOMC statement","canonical_statement_retained","Official history Statement link and actual FOMC statement identity","FOMC_2017-06-14_scheduled","sources/b8316aaa246df44c5cd8.html","953c9ef90db5e81e81fbac1af7bfc6e849bd0d3d6c1cf335d5792df5edcf836f","6 MB PDF) Presentation materials (3.11 MB PDF) June 13-14 Meeting - 2017 Beige Book: PDF | HTML Tealbook A (4.27 MB PDF) Tealbook B (2.24 MB PDF) Agenda (779 KB PDF) Statement Addendum to the Policy Normalization Principles and Plans Press Conference"
"https://www.federalreserve.gov/newsevents/pressreleases/monetary20170614c.htm","2017-06-14","FOMC issues addendum to the Policy Normalization Principles and Plans","balance_sheet_companion_excluded","Policy Normalization Principles and Plans addendum; balance-sheet companion, not a separate FOMC statement","FOMC_2017-06-14_scheduled","sources/17ca712cdd132f39203a.html","a49b3c193a332523c81b5d22e640fa3c241d9723c7e0ad73593c08585ff36d80","Presentation materials (3.11 MB PDF) June 13-14 Meeting - 2017 Beige Book: PDF | HTML Tealbook A (4.27 MB PDF) Tealbook B (2.24 MB PDF) Agenda (779 KB PDF) Statement Addendum to the Policy Normalization Principles and Plans Press Conference 2017 Memos"
"https://www.federalreserve.gov/newsevents/pressreleases/monetary20170726a.htm","2017-07-26","Federal Reserve issues FOMC statement","canonical_statement_retained","Official history Statement link and actual FOMC statement identity","FOMC_2017-07-26_scheduled","sources/47a05901fac6c1978744.html","6c9e01a65f140b9a368b130795224d08a895f2674d227f0ae6ac4dac8c10d288",".5 MB PDF) Presentation materials (3.09 MB PDF) July 25-26 Meeting - 2017 Beige Book: PDF | HTML Tealbook A (2.51 MB PDF) Tealbook B (926 KB PDF) Agenda (685 KB PDF) Statement 2017 Memos"
"https://www.federalreserve.gov/newsevents/pressreleases/monetary20170920a.htm","2017-09-20","Federal Reserve issues FOMC statement","canonical_statement_retained","Official history Statement link and actual FOMC statement identity","FOMC_2017-09-20_scheduled","sources/7b989a14c7ea3106f491.html","782298728aa2cc5dbd23902957533a25eab8cd545f095e4a33158eb5198aa7b4","PDF) Presentation materials (872 KB PDF) September 19-20 Meeting - 2017 Beige Book: PDF | HTML Tealbook A (2.74 MB PDF) Tealbook B (1.03 MB PDF) Agenda (686 KB PDF) Statement Press Conference 2017 Memos <e"
"https://www.federalreserve.gov/newsevents/pressreleases/monetary20171101a.htm","2017-11-01","Federal Reserve issues FOMC statement","canonical_statement_retained","Official history Statement link and actual FOMC statement identity","FOMC_2017-11-01_scheduled","sources/30666b3a794c6a18b462.html","6e465b958abeef6c3d38a5308b882d2157316d853d9737060e8e30ed6a3a579b","KB PDF) Presentation materials (1.03 MB PDF) Oct/Nov 31-1 Meeting - 2017 Beige Book: PDF | HTML Tealbook A (2.48 MB PDF) Tealbook B (1.49 MB PDF) Agenda (685 KB PDF) Statement 2017 Memos"
"https://www.federalreserve.gov/newsevents/pressreleases/monetary20171213a.htm","2017-12-13","Federal Reserve issues FOMC statement","canonical_statement_retained","Official history Statement link and actual FOMC statement identity","FOMC_2017-12-13_scheduled","sources/05bb8d6e5b8d0b8b0070.html","bb61f0a2ed8209504a7bbdf5c1f75c55ea41ac5e1eb0f332cb4e7d116b341dde","KB PDF) Presentation materials (1.2 MB PDF) December 12-13 Meeting - 2017 Beige Book: PDF | HTML Tealbook A (2.7 MB PDF) Tealbook B (1.24 MB PDF) Agenda (686 KB PDF) Statement Press Conference 2017 Memos <e"
