index_url,url,anchor,context
https://www.federalreserve.gov/monetarypolicy/fomchistorical2016.htm,https://www.federalreserve.gov/monetarypolicy/beigebook/files/Beigebook_20160113.pdf,PDF,"="""">About the FOMC Meeting calendars and information Transcripts and other historical materials FAQs 2016 January 26-27 Meeting - 2016 Beige Book: PDF | HTML Tealbook A (3.72 MB PDF) Tealbook B (2.15"
https://www.federalreserve.gov/monetarypolicy/fomchistorical2016.htm,https://www.federalreserve.gov/monetarypolicy/beigebook/beigebook201601.htm,HTML,"=""list-group-item"" title="""">Meeting calendars and information Transcripts and other historical materials FAQs 2016 January 26-27 Meeting - 2016 Beige Book: PDF | HTML Tealbook A (3.72 MB PDF) Tealbook B (2.15 MB PDF) <a href"
https://www.federalreserve.gov/monetarypolicy/fomchistorical2016.htm,https://www.federalreserve.gov/monetarypolicy/files/FOMC20160127tealbooka20160120.pdf,Tealbook A (3.72 MB PDF),"mc_historical.htm"" class=""list-group-item"" title="""">Transcripts and other historical materials FAQs 2016 January 26-27 Meeting - 2016 Beige Book: PDF | HTML Tealbook A (3.72 MB PDF) Tealbook B (2.15 MB PDF) Agenda (763 KB PDF) <a href=""/newsevents/pr"
https://www.federalreserve.gov/monetarypolicy/fomchistorical2016.htm,https://www.federalreserve.gov/monetarypolicy/files/FOMC20160127tealbookb20160121.pdf,Tealbook B (2.15 MB PDF),"/fomc_projectionsfaqs.htm"" class=""list-group-item"" title="""">FAQs 2016 January 26-27 Meeting - 2016 Beige Book: PDF | HTML Tealbook A (3.72 MB PDF) Tealbook B (2.15 MB PDF) Agenda (763 KB PDF) Statement <a href=""/newsevents/pressreleases/monetary201"
https://www.federalreserve.gov/monetarypolicy/fomchistorical2016.htm,https://www.federalreserve.gov/monetarypolicy/files/FOMC20160127Agenda.pdf,Agenda (763 KB PDF),2016 January 26-27 Meeting - 2016 Beige Book: PDF | HTML Tealbook A (3.72 MB PDF) Tealbook B (2.15 MB PDF) Agenda (763 KB PDF) Statement Statement on Longer-Run Goals and Monetary Policy Strategy
https://www.federalreserve.gov/monetarypolicy/fomchistorical2016.htm,https://www.federalreserve.gov/newsevents/pressreleases/monetary20160127a.htm,Statement,"col-sm-8 col-md-9""> 2016 January 26-27 Meeting - 2016 Beige Book: PDF | HTML Tealbook A (3.72 MB PDF) Tealbook B (2.15 MB PDF) Agenda (763 KB PDF) Statement Statement on Longer-Run Goals and Monetary Policy Strategy <a href=""/"
https://www.federalreserve.gov/monetarypolicy/fomchistorical2016.htm,https://www.federalreserve.gov/newsevents/pressreleases/monetary20160127b.htm,Statement on Longer-Run Goals and Monetary Policy Strategy,January 26-27 Meeting - 2016 Beige Book: PDF | HTML Tealbook A (3.72 MB PDF) Tealbook B (2.15 MB PDF) Agenda (763 KB PDF) Statement Statement on Longer-Run Goals and Monetary Policy Strategy 2016 Memos Minutes (Relea
https://www.federalreserve.gov/monetarypolicy/fomchistorical2016.htm,https://www.federalreserve.gov/monetarypolicy/2016-fomc-memos.htm,2016 Memos,"el-heading--shaded"">January 26-27 Meeting - 2016 Beige Book: PDF | HTML Tealbook A (3.72 MB PDF) Tealbook B (2.15 MB PDF) Agenda (763 KB PDF) Statement Statement on Longer-Run Goals and Monetary Policy Strategy 2016 Memos Minutes (Released February 17, 2016): HTML | PDF"
https://www.federalreserve.gov/monetarypolicy/fomchistorical2016.htm,https://www.federalreserve.gov/monetarypolicy/fomcminutes20160127.htm,HTML,"/monetarypolicy/beigebook/files/Beigebook_20160113.pdf"">PDF | HTML Tealbook A (3.72 MB PDF) Tealbook B (2.15 MB PDF) Agenda (763 KB PDF) Statement Statement on Longer-Run Goals and Monetary Policy Strategy 2016 Memos Minutes (Released February 17, 2016): HTML | PDF Transcript (1.92 MB PDF)"
https://www.federalreserve.gov/monetarypolicy/fomchistorical2016.htm,https://www.federalreserve.gov/monetarypolicy/files/fomcminutes20160127.pdf,PDF,"a> | HTML Tealbook A (3.72 MB PDF) Tealbook B (2.15 MB PDF) Agenda (763 KB PDF) Statement Statement on Longer-Run Goals and Monetary Policy Strategy 2016 Memos Minutes (Released February 17, 2016): HTML | PDF Transcript (1.92 MB PDF) <a href=""/monetarypolicy/files/FOMC20160127materia"
https://www.federalreserve.gov/monetarypolicy/fomchistorical2016.htm,https://www.federalreserve.gov/monetarypolicy/files/FOMC20160127meeting.pdf,Transcript (1.92 MB PDF),"Tealbook B (2.15 MB PDF) Agenda (763 KB PDF) Statement Statement on Longer-Run Goals and Monetary Policy Strategy 2016 Memos Minutes (Released February 17, 2016): HTML | PDF Transcript (1.92 MB PDF) Presentation materials (3.33 MB PDF) <div clas"
https://www.federalreserve.gov/monetarypolicy/fomchistorical2016.htm,https://www.federalreserve.gov/monetarypolicy/files/FOMC20160127material.pdf,Presentation materials (3.33 MB PDF),"Agenda (763 KB PDF) Statement Statement on Longer-Run Goals and Monetary Policy Strategy 2016 Memos Minutes (Released February 17, 2016): HTML | PDF Transcript (1.92 MB PDF) Presentation materials (3.33 MB PDF) Note: While preparing the January Tealbook A for public release,"
https://www.federalreserve.gov/monetarypolicy/fomchistorical2016.htm,https://www.federalreserve.gov/monetarypolicy/beigebook/files/Beigebook_20160302.pdf,PDF,"Transcript (1.92 MB PDF) Presentation materials (3.33 MB PDF) Note: While preparing the January Tealbook A for public release, minor formatting errors were introduced on pages 35-66. Those pages have been restored and the document was reposted on March 21, 2025. March 15-16 Meeting - 2016 Beige Book: PDF | HTML Tealbook A (3.88 MB PDF) Tealbook B (2.11"
https://www.federalreserve.gov/monetarypolicy/fomchistorical2016.htm,https://www.federalreserve.gov/monetarypolicy/beigebook/beigebook201603.htm,HTML,"Transcript (1.92 MB PDF) Presentation materials (3.33 MB PDF) Note: While preparing the January Tealbook A for public release, minor formatting errors were introduced on pages 35-66. Those pages have been restored and the document was reposted on March 21, 2025. March 15-16 Meeting - 2016 Beige Book: PDF | HTML Tealbook A (3.88 MB PDF) Tealbook B (2.11 MB PDF) <a href"
https://www.federalreserve.gov/monetarypolicy/fomchistorical2016.htm,https://www.federalreserve.gov/monetarypolicy/files/FOMC20160316tealbooka20160309.pdf,Tealbook A (3.88 MB PDF),"160127meeting.pdf"">Transcript (1.92 MB PDF) Presentation materials (3.33 MB PDF) Note: While preparing the January Tealbook A for public release, minor formatting errors were introduced on pages 35-66. Those pages have been restored and the document was reposted on March 21, 2025. March 15-16 Meeting - 2016 Beige Book: PDF | HTML Tealbook A (3.88 MB PDF) Tealbook B (2.11 MB PDF) Agenda (795 KB PDF) <a href=""/newsevents/pr"
https://www.federalreserve.gov/monetarypolicy/fomchistorical2016.htm,https://www.federalreserve.gov/monetarypolicy/files/FOMC20160316tealbookb20160310.pdf,Tealbook B (2.11 MB PDF),"erial.pdf"">Presentation materials (3.33 MB PDF) Note: While preparing the January Tealbook A for public release, minor formatting errors were introduced on pages 35-66. Those pages have been restored and the document was reposted on March 21, 2025. March 15-16 Meeting - 2016 Beige Book: PDF | HTML Tealbook A (3.88 MB PDF) Tealbook B (2.11 MB PDF) Agenda (795 KB PDF) Statement <a h"
https://www.federalreserve.gov/monetarypolicy/fomchistorical2016.htm,https://www.federalreserve.gov/monetarypolicy/files/FOMC20160316Agenda.pdf,Agenda (795 KB PDF),"Note: While preparing the January Tealbook A for public release, minor formatting errors were introduced on pages 35-66. Those pages have been restored and the document was reposted on March 21, 2025. March 15-16 Meeting - 2016 Beige Book: PDF | HTML Tealbook A (3.88 MB PDF) Tealbook B (2.11 MB PDF) Agenda (795 KB PDF) Statement Press Conference <div class=""col-"
https://www.federalreserve.gov/monetarypolicy/fomchistorical2016.htm,https://www.federalreserve.gov/newsevents/pressreleases/monetary20160316a.htm,Statement,"ol-md-12""> Note: While preparing the January Tealbook A for public release, minor formatting errors were introduced on pages 35-66. Those pages have been restored and the document was reposted on March 21, 2025. March 15-16 Meeting - 2016 Beige Book: PDF | HTML Tealbook A (3.88 MB PDF) Tealbook B (2.11 MB PDF) Agenda (795 KB PDF) Statement Press Conference 2016 Memos <e"
https://www.federalreserve.gov/monetarypolicy/fomchistorical2016.htm,https://www.federalreserve.gov/monetarypolicy/fomcpresconf20160316.htm,Press Conference,"d on pages 35-66. Those pages have been restored and the document was reposted on March 21, 2025. March 15-16 Meeting - 2016 Beige Book: PDF | HTML Tealbook A (3.88 MB PDF) Tealbook B (2.11 MB PDF) Agenda (795 KB PDF) Statement Press Conference 2016 Memos Minutes (Released April 06, 2016):"
https://www.federalreserve.gov/monetarypolicy/fomchistorical2016.htm,https://www.federalreserve.gov/monetarypolicy/2016-fomc-memos.htm,2016 Memos,"l-padded""> March 15-16 Meeting - 2016 Beige Book: PDF | HTML Tealbook A (3.88 MB PDF) Tealbook B (2.11 MB PDF) Agenda (795 KB PDF) Statement Press Conference 2016 Memos Minutes (Released April 06, 2016): HTML | PDF"
https://www.federalreserve.gov/monetarypolicy/fomchistorical2016.htm,https://www.federalreserve.gov/monetarypolicy/fomcminutes20160316.htm,HTML,"Beige Book: PDF | HTML Tealbook A (3.88 MB PDF) Tealbook B (2.11 MB PDF) Agenda (795 KB PDF) Statement Press Conference 2016 Memos Minutes (Released April 06, 2016): HTML | PDF SEP: Individual Projections (1.48 MB PDF)"
https://www.federalreserve.gov/monetarypolicy/fomchistorical2016.htm,https://www.federalreserve.gov/monetarypolicy/files/fomcminutes20160316.pdf,PDF,"policy/beigebook/files/Beigebook_20160302.pdf"">PDF | HTML Tealbook A (3.88 MB PDF) Tealbook B (2.11 MB PDF) Agenda (795 KB PDF) Statement Press Conference 2016 Memos Minutes (Released April 06, 2016): HTML | PDF SEP: Individual Projections (1.48 MB PDF) <"
https://www.federalreserve.gov/monetarypolicy/fomchistorical2016.htm,https://www.federalreserve.gov/monetarypolicy/files/FOMC20160316SEPcompilation.pdf,SEP: Individual Projections (1.48 MB PDF),"/FOMC20160316tealbooka20160309.pdf"">Tealbook A (3.88 MB PDF) Tealbook B (2.11 MB PDF) Agenda (795 KB PDF) Statement Press Conference 2016 Memos Minutes (Released April 06, 2016): HTML | PDF SEP: Individual Projections (1.48 MB PDF) SEP Participant Key Transcript (1.53 MB PDF)"
https://www.federalreserve.gov/monetarypolicy/fomchistorical2016.htm,https://www.federalreserve.gov/monetarypolicy/files/FOMC20160316SEPkey.pdf,SEP Participant Key,"Agenda (795 KB PDF) Statement Press Conference 2016 Memos Minutes (Released April 06, 2016): HTML | PDF SEP: Individual Projections (1.48 MB PDF) SEP Participant Key Transcript (1.53 MB PDF) Presentation materials (2.74 MB PDF)"
https://www.federalreserve.gov/monetarypolicy/fomchistorical2016.htm,https://www.federalreserve.gov/monetarypolicy/files/FOMC20160316meeting.pdf,Transcript (1.53 MB PDF),"Statement Press Conference 2016 Memos Minutes (Released April 06, 2016): HTML | PDF SEP: Individual Projections (1.48 MB PDF) SEP Participant Key Transcript (1.53 MB PDF) Presentation materials (2.74 MB PDF) <div class=""pane"
https://www.federalreserve.gov/monetarypolicy/fomchistorical2016.htm,https://www.federalreserve.gov/monetarypolicy/files/FOMC20160316material.pdf,Presentation materials (2.74 MB PDF),"Press Conference 2016 Memos Minutes (Released April 06, 2016): HTML | PDF SEP: Individual Projections (1.48 MB PDF) SEP Participant Key Transcript (1.53 MB PDF) Presentation materials (2.74 MB PDF) April 26-27 Meeting - 2016"
https://www.federalreserve.gov/monetarypolicy/fomchistorical2016.htm,https://www.federalreserve.gov/monetarypolicy/beigebook/files/Beigebook_20160413.pdf,PDF,".pdf"">PDF SEP: Individual Projections (1.48 MB PDF) SEP Participant Key Transcript (1.53 MB PDF) Presentation materials (2.74 MB PDF) April 26-27 Meeting - 2016 Beige Book: PDF | HTML Tealbook A (4.54 MB PDF) Tealbook B (2.21"
https://www.federalreserve.gov/monetarypolicy/fomchistorical2016.htm,https://www.federalreserve.gov/monetarypolicy/beigebook/beigebook201604.htm,HTML,SEP: Individual Projections (1.48 MB PDF) SEP Participant Key Transcript (1.53 MB PDF) Presentation materials (2.74 MB PDF) April 26-27 Meeting - 2016 Beige Book: PDF | HTML Tealbook A (4.54 MB PDF) Tealbook B (2.21 MB PDF) <a href
https://www.federalreserve.gov/monetarypolicy/fomchistorical2016.htm,https://www.federalreserve.gov/monetarypolicy/files/FOMC20160427tealbooka20160420.pdf,Tealbook A (4.54 MB PDF),"60316SEPcompilation.pdf"">SEP: Individual Projections (1.48 MB PDF) SEP Participant Key Transcript (1.53 MB PDF) Presentation materials (2.74 MB PDF) April 26-27 Meeting - 2016 Beige Book: PDF | HTML Tealbook A (4.54 MB PDF) Tealbook B (2.21 MB PDF) Agenda (779 KB PDF) <a href=""/newsevents/pr"
https://www.federalreserve.gov/monetarypolicy/fomchistorical2016.htm,https://www.federalreserve.gov/monetarypolicy/files/FOMC20160427tealbookb20160421.pdf,Tealbook B (2.21 MB PDF),p> SEP Participant Key Transcript (1.53 MB PDF) Presentation materials (2.74 MB PDF) April 26-27 Meeting - 2016 Beige Book: PDF | HTML Tealbook A (4.54 MB PDF) Tealbook B (2.21 MB PDF) Agenda (779 KB PDF) Statement
https://www.federalreserve.gov/monetarypolicy/fomchistorical2016.htm,https://www.federalreserve.gov/monetarypolicy/files/FOMC20160427Agenda.pdf,Agenda (779 KB PDF),"Transcript (1.53 MB PDF) Presentation materials (2.74 MB PDF) April 26-27 Meeting - 2016 Beige Book: PDF | HTML Tealbook A (4.54 MB PDF) Tealbook B (2.21 MB PDF) Agenda (779 KB PDF) Statement <a href=""/monetarypolicy/2016-fomc-mem"
https://www.federalreserve.gov/monetarypolicy/fomchistorical2016.htm,https://www.federalreserve.gov/newsevents/pressreleases/monetary20160427a.htm,Statement,Presentation materials (2.74 MB PDF) April 26-27 Meeting - 2016 Beige Book: PDF | HTML Tealbook A (4.54 MB PDF) Tealbook B (2.21 MB PDF) Agenda (779 KB PDF) Statement 2016 Memos
https://www.federalreserve.gov/monetarypolicy/fomchistorical2016.htm,https://www.federalreserve.gov/monetarypolicy/2016-fomc-memos.htm,2016 Memos,"/div> April 26-27 Meeting - 2016 Beige Book: PDF | HTML Tealbook A (4.54 MB PDF) Tealbook B (2.21 MB PDF) Agenda (779 KB PDF) Statement 2016 Memos Minutes (Released May 18, 2016): HTML | PDF"
https://www.federalreserve.gov/monetarypolicy/fomchistorical2016.htm,https://www.federalreserve.gov/monetarypolicy/fomcminutes20160427.htm,HTML,"row divided-row""> Beige Book: PDF | HTML Tealbook A (4.54 MB PDF) Tealbook B (2.21 MB PDF) Agenda (779 KB PDF) Statement 2016 Memos Minutes (Released May 18, 2016): HTML | PDF Transcript (1.74 MB PDF)"
https://www.federalreserve.gov/monetarypolicy/fomchistorical2016.htm,https://www.federalreserve.gov/monetarypolicy/files/fomcminutes20160427.pdf,PDF,"d-6""> Beige Book: PDF | HTML Tealbook A (4.54 MB PDF) Tealbook B (2.21 MB PDF) Agenda (779 KB PDF) Statement 2016 Memos Minutes (Released May 18, 2016): HTML | PDF Transcript (1.74 MB PDF) <a href=""/monetarypolicy/files/FOMC20160427materia"
https://www.federalreserve.gov/monetarypolicy/fomchistorical2016.htm,https://www.federalreserve.gov/monetarypolicy/files/FOMC20160427meeting.pdf,Transcript (1.74 MB PDF),"> Tealbook A (4.54 MB PDF) Tealbook B (2.21 MB PDF) Agenda (779 KB PDF) Statement 2016 Memos Minutes (Released May 18, 2016): HTML | PDF Transcript (1.74 MB PDF) Presentation materials (2.64 MB PDF) <div class=""pane"
https://www.federalreserve.gov/monetarypolicy/fomchistorical2016.htm,https://www.federalreserve.gov/monetarypolicy/files/FOMC20160427material.pdf,Presentation materials (2.64 MB PDF),"B PDF) Tealbook B (2.21 MB PDF) Agenda (779 KB PDF) Statement 2016 Memos Minutes (Released May 18, 2016): HTML | PDF Transcript (1.74 MB PDF) Presentation materials (2.64 MB PDF) June 14-15 Meeting - 2016"
https://www.federalreserve.gov/monetarypolicy/fomchistorical2016.htm,https://www.federalreserve.gov/monetarypolicy/beigebook/files/Beigebook_20160601.pdf,PDF,"olicy/2016-fomc-memos.htm"">2016 Memos Minutes (Released May 18, 2016): HTML | PDF Transcript (1.74 MB PDF) Presentation materials (2.64 MB PDF) June 14-15 Meeting - 2016 Beige Book: PDF | HTML Tealbook A (3.9 MB PDF) Tealbook B (2.27 M"
https://www.federalreserve.gov/monetarypolicy/fomchistorical2016.htm,https://www.federalreserve.gov/monetarypolicy/beigebook/beigebook201606.htm,HTML,"Minutes (Released May 18, 2016): HTML | PDF Transcript (1.74 MB PDF) Presentation materials (2.64 MB PDF) June 14-15 Meeting - 2016 Beige Book: PDF | HTML Tealbook A (3.9 MB PDF) Tealbook B (2.27 MB PDF) <a href="
https://www.federalreserve.gov/monetarypolicy/fomchistorical2016.htm,https://www.federalreserve.gov/monetarypolicy/files/FOMC20160615tealbooka20160608.pdf,Tealbook A (3.9 MB PDF),"HTML | PDF Transcript (1.74 MB PDF) Presentation materials (2.64 MB PDF) June 14-15 Meeting - 2016 Beige Book: PDF | HTML Tealbook A (3.9 MB PDF) Tealbook B (2.27 MB PDF) Agenda (689 KB PDF) <a href=""/newsevents/pr"
https://www.federalreserve.gov/monetarypolicy/fomchistorical2016.htm,https://www.federalreserve.gov/monetarypolicy/files/FOMC20160615tealbookb20160609.pdf,Tealbook B (2.27 MB PDF),"s20160427.pdf"">PDF Transcript (1.74 MB PDF) Presentation materials (2.64 MB PDF) June 14-15 Meeting - 2016 Beige Book: PDF | HTML Tealbook A (3.9 MB PDF) Tealbook B (2.27 MB PDF) Agenda (689 KB PDF) Statement <a h"
https://www.federalreserve.gov/monetarypolicy/fomchistorical2016.htm,https://www.federalreserve.gov/monetarypolicy/files/FOMC20160615Agenda.pdf,Agenda (689 KB PDF),"Transcript (1.74 MB PDF) Presentation materials (2.64 MB PDF) June 14-15 Meeting - 2016 Beige Book: PDF | HTML Tealbook A (3.9 MB PDF) Tealbook B (2.27 MB PDF) Agenda (689 KB PDF) Statement Press Conference <div class=""col-"
https://www.federalreserve.gov/monetarypolicy/fomchistorical2016.htm,https://www.federalreserve.gov/newsevents/pressreleases/monetary20160615a.htm,Statement,Presentation materials (2.64 MB PDF) June 14-15 Meeting - 2016 Beige Book: PDF | HTML Tealbook A (3.9 MB PDF) Tealbook B (2.27 MB PDF) Agenda (689 KB PDF) Statement Press Conference
https://www.federalreserve.gov/monetarypolicy/fomchistorical2016.htm,https://www.federalreserve.gov/monetarypolicy/fomcpresconf20160615.htm,Press Conference,"June 14-15 Meeting - 2016 Beige Book: PDF | HTML Tealbook A (3.9 MB PDF) Tealbook B (2.27 MB PDF) Agenda (689 KB PDF) Statement Press Conference Minutes (Released July 06, 2016): HTML | <a href=""/"
https://www.federalreserve.gov/monetarypolicy/fomchistorical2016.htm,https://www.federalreserve.gov/monetarypolicy/fomcminutes20160615.htm,HTML,"ow divided-row""> Beige Book: PDF | HTML Tealbook A (3.9 MB PDF) Tealbook B (2.27 MB PDF) Agenda (689 KB PDF) Statement Press Conference Minutes (Released July 06, 2016): HTML | PDF SEP: Individual Projections (1.51 MB PDF)"
https://www.federalreserve.gov/monetarypolicy/fomchistorical2016.htm,https://www.federalreserve.gov/monetarypolicy/files/fomcminutes20160615.pdf,PDF,"-6""> Beige Book: PDF | HTML Tealbook A (3.9 MB PDF) Tealbook B (2.27 MB PDF) Agenda (689 KB PDF) Statement Press Conference Minutes (Released July 06, 2016): HTML | PDF SEP: Individual Projections (1.51 MB PDF) <"
https://www.federalreserve.gov/monetarypolicy/fomchistorical2016.htm,https://www.federalreserve.gov/monetarypolicy/files/FOMC20160615SEPcompilation.pdf,SEP: Individual Projections (1.51 MB PDF),"k201606.htm"">HTML Tealbook A (3.9 MB PDF) Tealbook B (2.27 MB PDF) Agenda (689 KB PDF) Statement Press Conference Minutes (Released July 06, 2016): HTML | PDF SEP: Individual Projections (1.51 MB PDF) SEP Participant Key Transcript (1.48 MB PDF)"
https://www.federalreserve.gov/monetarypolicy/fomchistorical2016.htm,https://www.federalreserve.gov/monetarypolicy/files/FOMC20160615SEPkey.pdf,SEP Participant Key,"rypolicy/files/FOMC20160615tealbookb20160609.pdf"">Tealbook B (2.27 MB PDF) Agenda (689 KB PDF) Statement Press Conference Minutes (Released July 06, 2016): HTML | PDF SEP: Individual Projections (1.51 MB PDF) SEP Participant Key Transcript (1.48 MB PDF) Presentation materials (1.57 MB PDF)"
https://www.federalreserve.gov/monetarypolicy/fomchistorical2016.htm,https://www.federalreserve.gov/monetarypolicy/files/FOMC20160615meeting.pdf,Transcript (1.48 MB PDF),"ref=""/monetarypolicy/files/FOMC20160615Agenda.pdf"">Agenda (689 KB PDF) Statement Press Conference Minutes (Released July 06, 2016): HTML | PDF SEP: Individual Projections (1.51 MB PDF) SEP Participant Key Transcript (1.48 MB PDF) Presentation materials (1.57 MB PDF) <div class=""pane"
https://www.federalreserve.gov/monetarypolicy/fomchistorical2016.htm,https://www.federalreserve.gov/monetarypolicy/files/FOMC20160615material.pdf,Presentation materials (1.57 MB PDF),"ewsevents/pressreleases/monetary20160615a.htm"">Statement Press Conference Minutes (Released July 06, 2016): HTML | PDF SEP: Individual Projections (1.51 MB PDF) SEP Participant Key Transcript (1.48 MB PDF) Presentation materials (1.57 MB PDF) July 26-27 Meeting - 2016"
https://www.federalreserve.gov/monetarypolicy/fomchistorical2016.htm,https://www.federalreserve.gov/monetarypolicy/beigebook/files/Beigebook_20160713.pdf,PDF,"5.pdf"">PDF SEP: Individual Projections (1.51 MB PDF) SEP Participant Key Transcript (1.48 MB PDF) Presentation materials (1.57 MB PDF) July 26-27 Meeting - 2016 Beige Book: PDF | HTML Tealbook A (4.21 MB PDF) Tealbook B (2.11"
https://www.federalreserve.gov/monetarypolicy/fomchistorical2016.htm,https://www.federalreserve.gov/monetarypolicy/beigebook/beigebook201607.htm,HTML,SEP: Individual Projections (1.51 MB PDF) SEP Participant Key Transcript (1.48 MB PDF) Presentation materials (1.57 MB PDF) July 26-27 Meeting - 2016 Beige Book: PDF | HTML Tealbook A (4.21 MB PDF) Tealbook B (2.11 MB PDF) <a href
https://www.federalreserve.gov/monetarypolicy/fomchistorical2016.htm,https://www.federalreserve.gov/monetarypolicy/files/FOMC20160727tealbooka20160720.pdf,Tealbook A (4.21 MB PDF),"160615SEPcompilation.pdf"">SEP: Individual Projections (1.51 MB PDF) SEP Participant Key Transcript (1.48 MB PDF) Presentation materials (1.57 MB PDF) July 26-27 Meeting - 2016 Beige Book: PDF | HTML Tealbook A (4.21 MB PDF) Tealbook B (2.11 MB PDF) Agenda (782 KB PDF) <a href=""/newsevents/pr"
https://www.federalreserve.gov/monetarypolicy/fomchistorical2016.htm,https://www.federalreserve.gov/monetarypolicy/files/FOMC20160727tealbookb20160721.pdf,Tealbook B (2.11 MB PDF),/p> SEP Participant Key Transcript (1.48 MB PDF) Presentation materials (1.57 MB PDF) July 26-27 Meeting - 2016 Beige Book: PDF | HTML Tealbook A (4.21 MB PDF) Tealbook B (2.11 MB PDF) Agenda (782 KB PDF) Statement
https://www.federalreserve.gov/monetarypolicy/fomchistorical2016.htm,https://www.federalreserve.gov/monetarypolicy/files/FOMC20160727Agenda.pdf,Agenda (782 KB PDF),"Transcript (1.48 MB PDF) Presentation materials (1.57 MB PDF) July 26-27 Meeting - 2016 Beige Book: PDF | HTML Tealbook A (4.21 MB PDF) Tealbook B (2.11 MB PDF) Agenda (782 KB PDF) Statement <a href=""/monetarypolicy/2016-fomc-mem"
https://www.federalreserve.gov/monetarypolicy/fomchistorical2016.htm,https://www.federalreserve.gov/newsevents/pressreleases/monetary20160727a.htm,Statement,Presentation materials (1.57 MB PDF) July 26-27 Meeting - 2016 Beige Book: PDF | HTML Tealbook A (4.21 MB PDF) Tealbook B (2.11 MB PDF) Agenda (782 KB PDF) Statement 2016 Memos
https://www.federalreserve.gov/monetarypolicy/fomchistorical2016.htm,https://www.federalreserve.gov/monetarypolicy/2016-fomc-memos.htm,2016 Memos,"July 26-27 Meeting - 2016 Beige Book: PDF | HTML Tealbook A (4.21 MB PDF) Tealbook B (2.11 MB PDF) Agenda (782 KB PDF) Statement 2016 Memos Minutes (Released August 17, 2016): HTML | PDF"
https://www.federalreserve.gov/monetarypolicy/fomchistorical2016.htm,https://www.federalreserve.gov/monetarypolicy/fomcminutes20160727.htm,HTML,"divided-row""> Beige Book: PDF | HTML Tealbook A (4.21 MB PDF) Tealbook B (2.11 MB PDF) Agenda (782 KB PDF) Statement 2016 Memos Minutes (Released August 17, 2016): HTML | PDF Transcript (1.67 MB PDF)"
https://www.federalreserve.gov/monetarypolicy/fomchistorical2016.htm,https://www.federalreserve.gov/monetarypolicy/files/fomcminutes20160727.pdf,PDF,"""> Beige Book: PDF | HTML Tealbook A (4.21 MB PDF) Tealbook B (2.11 MB PDF) Agenda (782 KB PDF) Statement 2016 Memos Minutes (Released August 17, 2016): HTML | PDF Transcript (1.67 MB PDF) <a href=""/monetarypolicy/files/FOMC20160727materia"
https://www.federalreserve.gov/monetarypolicy/fomchistorical2016.htm,https://www.federalreserve.gov/monetarypolicy/files/FOMC20160727meeting.pdf,Transcript (1.67 MB PDF),"p> Tealbook A (4.21 MB PDF) Tealbook B (2.11 MB PDF) Agenda (782 KB PDF) Statement 2016 Memos Minutes (Released August 17, 2016): HTML | PDF Transcript (1.67 MB PDF) Presentation materials (2.89 MB PDF) <div class=""pane"
https://www.federalreserve.gov/monetarypolicy/fomchistorical2016.htm,https://www.federalreserve.gov/monetarypolicy/files/FOMC20160727material.pdf,Presentation materials (2.89 MB PDF),"DF) Tealbook B (2.11 MB PDF) Agenda (782 KB PDF) Statement 2016 Memos Minutes (Released August 17, 2016): HTML | PDF Transcript (1.67 MB PDF) Presentation materials (2.89 MB PDF) September 20-21 Meeting - 2016"
https://www.federalreserve.gov/monetarypolicy/fomchistorical2016.htm,https://www.federalreserve.gov/monetarypolicy/beigebook/files/Beigebook_20160907.pdf,PDF,"16-fomc-memos.htm"">2016 Memos Minutes (Released August 17, 2016): HTML | PDF Transcript (1.67 MB PDF) Presentation materials (2.89 MB PDF) September 20-21 Meeting - 2016 Beige Book: PDF | HTML Tealbook A (3.83 MB PDF) Tealbook B (2.27"
https://www.federalreserve.gov/monetarypolicy/fomchistorical2016.htm,https://www.federalreserve.gov/monetarypolicy/beigebook/beigebook201609.htm,HTML,"Minutes (Released August 17, 2016): HTML | PDF Transcript (1.67 MB PDF) Presentation materials (2.89 MB PDF) September 20-21 Meeting - 2016 Beige Book: PDF | HTML Tealbook A (3.83 MB PDF) Tealbook B (2.27 MB PDF) <a href"
https://www.federalreserve.gov/monetarypolicy/fomchistorical2016.htm,https://www.federalreserve.gov/monetarypolicy/files/FOMC20160921tealbooka20160914.pdf,Tealbook A (3.83 MB PDF),"HTML | PDF Transcript (1.67 MB PDF) Presentation materials (2.89 MB PDF) September 20-21 Meeting - 2016 Beige Book: PDF | HTML Tealbook A (3.83 MB PDF) Tealbook B (2.27 MB PDF) Agenda (686 KB PDF) <a href=""/newsevents/pr"
https://www.federalreserve.gov/monetarypolicy/fomchistorical2016.htm,https://www.federalreserve.gov/monetarypolicy/files/FOMC20160921tealbookb20160915.pdf,Tealbook B (2.27 MB PDF),"727.pdf"">PDF Transcript (1.67 MB PDF) Presentation materials (2.89 MB PDF) September 20-21 Meeting - 2016 Beige Book: PDF | HTML Tealbook A (3.83 MB PDF) Tealbook B (2.27 MB PDF) Agenda (686 KB PDF) Statement <a h"
https://www.federalreserve.gov/monetarypolicy/fomchistorical2016.htm,https://www.federalreserve.gov/monetarypolicy/files/FOMC20160921Agenda.pdf,Agenda (686 KB PDF),"Transcript (1.67 MB PDF) Presentation materials (2.89 MB PDF) September 20-21 Meeting - 2016 Beige Book: PDF | HTML Tealbook A (3.83 MB PDF) Tealbook B (2.27 MB PDF) Agenda (686 KB PDF) Statement Press Conference <div class=""col-"
https://www.federalreserve.gov/monetarypolicy/fomchistorical2016.htm,https://www.federalreserve.gov/newsevents/pressreleases/monetary20160921a.htm,Statement,Presentation materials (2.89 MB PDF) September 20-21 Meeting - 2016 Beige Book: PDF | HTML Tealbook A (3.83 MB PDF) Tealbook B (2.27 MB PDF) Agenda (686 KB PDF) Statement Press Conference 2016 Memos <e
https://www.federalreserve.gov/monetarypolicy/fomchistorical2016.htm,https://www.federalreserve.gov/monetarypolicy/fomcpresconf20160921.htm,Press Conference,"September 20-21 Meeting - 2016 Beige Book: PDF | HTML Tealbook A (3.83 MB PDF) Tealbook B (2.27 MB PDF) Agenda (686 KB PDF) Statement Press Conference 2016 Memos Minutes (Released October 12, 2016):"
https://www.federalreserve.gov/monetarypolicy/fomchistorical2016.htm,https://www.federalreserve.gov/monetarypolicy/2016-fomc-memos.htm,2016 Memos,"dded""> September 20-21 Meeting - 2016 Beige Book: PDF | HTML Tealbook A (3.83 MB PDF) Tealbook B (2.27 MB PDF) Agenda (686 KB PDF) Statement Press Conference 2016 Memos Minutes (Released October 12, 2016): HTML | PDF"
https://www.federalreserve.gov/monetarypolicy/fomchistorical2016.htm,https://www.federalreserve.gov/monetarypolicy/fomcminutes20160921.htm,HTML,"Beige Book: PDF | HTML Tealbook A (3.83 MB PDF) Tealbook B (2.27 MB PDF) Agenda (686 KB PDF) Statement Press Conference 2016 Memos Minutes (Released October 12, 2016): HTML | PDF SEP: Individual Projections (1.53 MB PDF)"
https://www.federalreserve.gov/monetarypolicy/fomchistorical2016.htm,https://www.federalreserve.gov/monetarypolicy/files/fomcminutes20160921.pdf,PDF,"licy/beigebook/files/Beigebook_20160907.pdf"">PDF | HTML Tealbook A (3.83 MB PDF) Tealbook B (2.27 MB PDF) Agenda (686 KB PDF) Statement Press Conference 2016 Memos Minutes (Released October 12, 2016): HTML | PDF SEP: Individual Projections (1.53 MB PDF) <"
https://www.federalreserve.gov/monetarypolicy/fomchistorical2016.htm,https://www.federalreserve.gov/monetarypolicy/files/FOMC20160921SEPcompilation.pdf,SEP: Individual Projections (1.53 MB PDF),"OMC20160921tealbooka20160914.pdf"">Tealbook A (3.83 MB PDF) Tealbook B (2.27 MB PDF) Agenda (686 KB PDF) Statement Press Conference 2016 Memos Minutes (Released October 12, 2016): HTML | PDF SEP: Individual Projections (1.53 MB PDF) SEP Participant Key Transcript (1.56 MB PDF)"
https://www.federalreserve.gov/monetarypolicy/fomchistorical2016.htm,https://www.federalreserve.gov/monetarypolicy/files/FOMC20160921SEPkey.pdf,SEP Participant Key,"p> Agenda (686 KB PDF) Statement Press Conference 2016 Memos Minutes (Released October 12, 2016): HTML | PDF SEP: Individual Projections (1.53 MB PDF) SEP Participant Key Transcript (1.56 MB PDF) Presentation materials (2.76 MB PDF)"
https://www.federalreserve.gov/monetarypolicy/fomchistorical2016.htm,https://www.federalreserve.gov/monetarypolicy/files/FOMC20160921meeting.pdf,Transcript (1.56 MB PDF),"Statement Press Conference 2016 Memos Minutes (Released October 12, 2016): HTML | PDF SEP: Individual Projections (1.53 MB PDF) SEP Participant Key Transcript (1.56 MB PDF) Presentation materials (2.76 MB PDF) <div class=""pane"
https://www.federalreserve.gov/monetarypolicy/fomchistorical2016.htm,https://www.federalreserve.gov/monetarypolicy/files/FOMC20160921material.pdf,Presentation materials (2.76 MB PDF),"Press Conference 2016 Memos Minutes (Released October 12, 2016): HTML | PDF SEP: Individual Projections (1.53 MB PDF) SEP Participant Key Transcript (1.56 MB PDF) Presentation materials (2.76 MB PDF) November 1-2 Meeting - 2016"
https://www.federalreserve.gov/monetarypolicy/fomchistorical2016.htm,https://www.federalreserve.gov/monetarypolicy/beigebook/files/Beigebook_20161019.pdf,PDF,"pdf"">PDF SEP: Individual Projections (1.53 MB PDF) SEP Participant Key Transcript (1.56 MB PDF) Presentation materials (2.76 MB PDF) November 1-2 Meeting - 2016 Beige Book: PDF | HTML Tealbook A (3.79 MB PDF) Tealbook B (2.49"
https://www.federalreserve.gov/monetarypolicy/fomchistorical2016.htm,https://www.federalreserve.gov/monetarypolicy/beigebook/beigebook201610.htm,HTML,SEP: Individual Projections (1.53 MB PDF) SEP Participant Key Transcript (1.56 MB PDF) Presentation materials (2.76 MB PDF) November 1-2 Meeting - 2016 Beige Book: PDF | HTML Tealbook A (3.79 MB PDF) Tealbook B (2.49 MB PDF) <a href
https://www.federalreserve.gov/monetarypolicy/fomchistorical2016.htm,https://www.federalreserve.gov/monetarypolicy/files/FOMC20161102tealbooka20161026.pdf,Tealbook A (3.79 MB PDF),"0921SEPcompilation.pdf"">SEP: Individual Projections (1.53 MB PDF) SEP Participant Key Transcript (1.56 MB PDF) Presentation materials (2.76 MB PDF) November 1-2 Meeting - 2016 Beige Book: PDF | HTML Tealbook A (3.79 MB PDF) Tealbook B (2.49 MB PDF) Agenda (686 KB PDF) <a href=""/newsevents/pr"
https://www.federalreserve.gov/monetarypolicy/fomchistorical2016.htm,https://www.federalreserve.gov/monetarypolicy/files/FOMC20161102tealbookb20161027.pdf,Tealbook B (2.49 MB PDF),> SEP Participant Key Transcript (1.56 MB PDF) Presentation materials (2.76 MB PDF) November 1-2 Meeting - 2016 Beige Book: PDF | HTML Tealbook A (3.79 MB PDF) Tealbook B (2.49 MB PDF) Agenda (686 KB PDF) Statement
https://www.federalreserve.gov/monetarypolicy/fomchistorical2016.htm,https://www.federalreserve.gov/monetarypolicy/files/FOMC20161102Agenda.pdf,Agenda (686 KB PDF),"Transcript (1.56 MB PDF) Presentation materials (2.76 MB PDF) November 1-2 Meeting - 2016 Beige Book: PDF | HTML Tealbook A (3.79 MB PDF) Tealbook B (2.49 MB PDF) Agenda (686 KB PDF) Statement <a href=""/monetarypolicy/2016-fomc-mem"
https://www.federalreserve.gov/monetarypolicy/fomchistorical2016.htm,https://www.federalreserve.gov/newsevents/pressreleases/monetary20161102a.htm,Statement,Presentation materials (2.76 MB PDF) November 1-2 Meeting - 2016 Beige Book: PDF | HTML Tealbook A (3.79 MB PDF) Tealbook B (2.49 MB PDF) Agenda (686 KB PDF) Statement 2016 Memos
https://www.federalreserve.gov/monetarypolicy/fomchistorical2016.htm,https://www.federalreserve.gov/monetarypolicy/2016-fomc-memos.htm,2016 Memos,"div> November 1-2 Meeting - 2016 Beige Book: PDF | HTML Tealbook A (3.79 MB PDF) Tealbook B (2.49 MB PDF) Agenda (686 KB PDF) Statement 2016 Memos Minutes (Released November 23, 2016): HTML | PDF"
https://www.federalreserve.gov/monetarypolicy/fomchistorical2016.htm,https://www.federalreserve.gov/monetarypolicy/fomcminutes20161102.htm,HTML,"ivided-row""> Beige Book: PDF | HTML Tealbook A (3.79 MB PDF) Tealbook B (2.49 MB PDF) Agenda (686 KB PDF) Statement 2016 Memos Minutes (Released November 23, 2016): HTML | PDF Transcript (1.75 MB PDF)"
https://www.federalreserve.gov/monetarypolicy/fomchistorical2016.htm,https://www.federalreserve.gov/monetarypolicy/files/fomcminutes20161102.pdf,PDF,"Beige Book: PDF | HTML Tealbook A (3.79 MB PDF) Tealbook B (2.49 MB PDF) Agenda (686 KB PDF) Statement 2016 Memos Minutes (Released November 23, 2016): HTML | PDF Transcript (1.75 MB PDF) <a href=""/monetarypolicy/files/FOMC20161102materia"
https://www.federalreserve.gov/monetarypolicy/fomchistorical2016.htm,https://www.federalreserve.gov/monetarypolicy/files/FOMC20161102meeting.pdf,Transcript (1.75 MB PDF),"Tealbook A (3.79 MB PDF) Tealbook B (2.49 MB PDF) Agenda (686 KB PDF) Statement 2016 Memos Minutes (Released November 23, 2016): HTML | PDF Transcript (1.75 MB PDF) Presentation materials (3.09 MB PDF) <div class=""pane"
https://www.federalreserve.gov/monetarypolicy/fomchistorical2016.htm,https://www.federalreserve.gov/monetarypolicy/files/FOMC20161102material.pdf,Presentation materials (3.09 MB PDF),") Tealbook B (2.49 MB PDF) Agenda (686 KB PDF) Statement 2016 Memos Minutes (Released November 23, 2016): HTML | PDF Transcript (1.75 MB PDF) Presentation materials (3.09 MB PDF) December 13-14 Meeting - 2016"
https://www.federalreserve.gov/monetarypolicy/fomchistorical2016.htm,https://www.federalreserve.gov/monetarypolicy/beigebook/files/Beigebook_20161130.pdf,PDF,"6-fomc-memos.htm"">2016 Memos Minutes (Released November 23, 2016): HTML | PDF Transcript (1.75 MB PDF) Presentation materials (3.09 MB PDF) December 13-14 Meeting - 2016 Beige Book: PDF | HTML Tealbook A (3.43 MB PDF) Tealbook B (2.67"
https://www.federalreserve.gov/monetarypolicy/fomchistorical2016.htm,https://www.federalreserve.gov/monetarypolicy/beigebook/beigebook201611.htm,HTML,"Minutes (Released November 23, 2016): HTML | PDF Transcript (1.75 MB PDF) Presentation materials (3.09 MB PDF) December 13-14 Meeting - 2016 Beige Book: PDF | HTML Tealbook A (3.43 MB PDF) Tealbook B (2.67 MB PDF) <a href"
https://www.federalreserve.gov/monetarypolicy/fomchistorical2016.htm,https://www.federalreserve.gov/monetarypolicy/files/FOMC20161214tealbooka20161207.pdf,Tealbook A (3.43 MB PDF),"HTML | PDF Transcript (1.75 MB PDF) Presentation materials (3.09 MB PDF) December 13-14 Meeting - 2016 Beige Book: PDF | HTML Tealbook A (3.43 MB PDF) Tealbook B (2.67 MB PDF) Agenda (686 KB PDF) <a href=""/newsevents/pr"
https://www.federalreserve.gov/monetarypolicy/fomchistorical2016.htm,https://www.federalreserve.gov/monetarypolicy/files/FOMC20161214tealbookb20161208.pdf,Tealbook B (2.67 MB PDF),"1102.pdf"">PDF Transcript (1.75 MB PDF) Presentation materials (3.09 MB PDF) December 13-14 Meeting - 2016 Beige Book: PDF | HTML Tealbook A (3.43 MB PDF) Tealbook B (2.67 MB PDF) Agenda (686 KB PDF) Statement <a h"
https://www.federalreserve.gov/monetarypolicy/fomchistorical2016.htm,https://www.federalreserve.gov/monetarypolicy/files/FOMC20161214Agenda.pdf,Agenda (686 KB PDF),"Transcript (1.75 MB PDF) Presentation materials (3.09 MB PDF) December 13-14 Meeting - 2016 Beige Book: PDF | HTML Tealbook A (3.43 MB PDF) Tealbook B (2.67 MB PDF) Agenda (686 KB PDF) Statement Press Conference <div class=""col-"
https://www.federalreserve.gov/monetarypolicy/fomchistorical2016.htm,https://www.federalreserve.gov/newsevents/pressreleases/monetary20161214a.htm,Statement,Presentation materials (3.09 MB PDF) December 13-14 Meeting - 2016 Beige Book: PDF | HTML Tealbook A (3.43 MB PDF) Tealbook B (2.67 MB PDF) Agenda (686 KB PDF) Statement Press Conference 2016 Memos <e
https://www.federalreserve.gov/monetarypolicy/fomchistorical2016.htm,https://www.federalreserve.gov/monetarypolicy/fomcpresconf20161214.htm,Press Conference,"December 13-14 Meeting - 2016 Beige Book: PDF | HTML Tealbook A (3.43 MB PDF) Tealbook B (2.67 MB PDF) Agenda (686 KB PDF) Statement Press Conference 2016 Memos Minutes (Released January 04, 2017):"
https://www.federalreserve.gov/monetarypolicy/fomchistorical2016.htm,https://www.federalreserve.gov/monetarypolicy/2016-fomc-memos.htm,2016 Memos,"added""> December 13-14 Meeting - 2016 Beige Book: PDF | HTML Tealbook A (3.43 MB PDF) Tealbook B (2.67 MB PDF) Agenda (686 KB PDF) Statement Press Conference 2016 Memos Minutes (Released January 04, 2017): HTML | PDF"
https://www.federalreserve.gov/monetarypolicy/fomchistorical2016.htm,https://www.federalreserve.gov/monetarypolicy/fomcminutes20161214.htm,HTML,"Beige Book: PDF | HTML Tealbook A (3.43 MB PDF) Tealbook B (2.67 MB PDF) Agenda (686 KB PDF) Statement Press Conference 2016 Memos Minutes (Released January 04, 2017): HTML | PDF SEP: Individual Projections (1.56 MB PDF)"
https://www.federalreserve.gov/monetarypolicy/fomchistorical2016.htm,https://www.federalreserve.gov/monetarypolicy/files/fomcminutes20161214.pdf,PDF,"licy/beigebook/files/Beigebook_20161130.pdf"">PDF | HTML Tealbook A (3.43 MB PDF) Tealbook B (2.67 MB PDF) Agenda (686 KB PDF) Statement Press Conference 2016 Memos Minutes (Released January 04, 2017): HTML | PDF SEP: Individual Projections (1.56 MB PDF) <"
https://www.federalreserve.gov/monetarypolicy/fomchistorical2016.htm,https://www.federalreserve.gov/monetarypolicy/files/FOMC20161214SEPcompilation.pdf,SEP: Individual Projections (1.56 MB PDF),"OMC20161214tealbooka20161207.pdf"">Tealbook A (3.43 MB PDF) Tealbook B (2.67 MB PDF) Agenda (686 KB PDF) Statement Press Conference 2016 Memos Minutes (Released January 04, 2017): HTML | PDF SEP: Individual Projections (1.56 MB PDF) SEP Participant Key Transcript (1.5 MB PDF)"
https://www.federalreserve.gov/monetarypolicy/fomchistorical2016.htm,https://www.federalreserve.gov/monetarypolicy/files/FOMC20161214SEPkey.pdf,SEP Participant Key,"p> Agenda (686 KB PDF) Statement Press Conference 2016 Memos Minutes (Released January 04, 2017): HTML | PDF SEP: Individual Projections (1.56 MB PDF) SEP Participant Key Transcript (1.5 MB PDF) Presentation materials (2.59 MB PDF)"
https://www.federalreserve.gov/monetarypolicy/fomchistorical2016.htm,https://www.federalreserve.gov/monetarypolicy/files/FOMC20161214meeting.pdf,Transcript (1.5 MB PDF),"Statement Press Conference 2016 Memos Minutes (Released January 04, 2017): HTML | PDF SEP: Individual Projections (1.56 MB PDF) SEP Participant Key Transcript (1.5 MB PDF) Presentation materials (2.59 MB PDF) <div clas"
https://www.federalreserve.gov/monetarypolicy/fomchistorical2016.htm,https://www.federalreserve.gov/monetarypolicy/files/FOMC20161214material.pdf,Presentation materials (2.59 MB PDF),"Press Conference 2016 Memos Minutes (Released January 04, 2017): HTML | PDF SEP: Individual Projections (1.56 MB PDF) SEP Participant Key Transcript (1.5 MB PDF) Presentation materials (2.59 MB PDF) Note: While preparing the December presentation materials for pu"
https://www.federalreserve.gov/monetarypolicy/fomchistorical2017.htm,https://www.federalreserve.gov/monetarypolicy/beigebook/files/Beigebook_20170118.pdf,PDF,"e="""">About the FOMC Meeting calendars and information Transcripts and other historical materials FAQs 2017 Jan/Feb 31-1 Meeting - 2017 Beige Book: PDF | HTML Tealbook A (4.32 MB PDF) Tealbook B (2.15 MB PDF)</a"
https://www.federalreserve.gov/monetarypolicy/fomchistorical2017.htm,https://www.federalreserve.gov/monetarypolicy/beigebook201701.htm,HTML,"s=""list-group-item"" title="""">Meeting calendars and information Transcripts and other historical materials FAQs 2017 Jan/Feb 31-1 Meeting - 2017 Beige Book: PDF | HTML Tealbook A (4.32 MB PDF) Tealbook B (2.15 MB PDF) <a href"
https://www.federalreserve.gov/monetarypolicy/fomchistorical2017.htm,https://www.federalreserve.gov/monetarypolicy/files/FOMC20170201tealbooka20170123.pdf,Tealbook A (4.32 MB PDF),"rypolicy/fomc_historical.htm"" class=""list-group-item"" title="""">Transcripts and other historical materials FAQs 2017 Jan/Feb 31-1 Meeting - 2017 Beige Book: PDF | HTML Tealbook A (4.32 MB PDF) Tealbook B (2.15 MB PDF) Agenda (691 KB PDF) <a href=""/newsevents/pr"
https://www.federalreserve.gov/monetarypolicy/fomchistorical2017.htm,https://www.federalreserve.gov/monetarypolicy/files/FOMC20170201tealbookb20170126.pdf,Tealbook B (2.15 MB PDF),"etarypolicy/fomc_projectionsfaqs.htm"" class=""list-group-item"" title="""">FAQs 2017 Jan/Feb 31-1 Meeting - 2017 Beige Book: PDF | HTML Tealbook A (4.32 MB PDF) Tealbook B (2.15 MB PDF) Agenda (691 KB PDF) Statement <a href=""/monetarypolicy/files/FOMC_LongerRunG"
https://www.federalreserve.gov/monetarypolicy/fomchistorical2017.htm,https://www.federalreserve.gov/monetarypolicy/files/FOMC20170201Agenda.pdf,Agenda (691 KB PDF),2017 Jan/Feb 31-1 Meeting - 2017 Beige Book: PDF | HTML Tealbook A (4.32 MB PDF) Tealbook B (2.15 MB PDF) Agenda (691 KB PDF) Statement Statement on Longer-Run Goals and Monetary Policy Strategy (PDF)
https://www.federalreserve.gov/monetarypolicy/fomchistorical2017.htm,https://www.federalreserve.gov/newsevents/pressreleases/monetary20170201a.htm,Statement,"""col-xs-12 col-sm-8 col-md-9""> 2017 Jan/Feb 31-1 Meeting - 2017 Beige Book: PDF | HTML Tealbook A (4.32 MB PDF) Tealbook B (2.15 MB PDF) Agenda (691 KB PDF) Statement Statement on Longer-Run Goals and Monetary Policy Strategy (PDF) <p"
https://www.federalreserve.gov/monetarypolicy/fomchistorical2017.htm,https://www.federalreserve.gov/monetarypolicy/files/FOMC_LongerRunGoals_201701.pdf,Statement on Longer-Run Goals and Monetary Policy Strategy (PDF),Jan/Feb 31-1 Meeting - 2017 Beige Book: PDF | HTML Tealbook A (4.32 MB PDF) Tealbook B (2.15 MB PDF) Agenda (691 KB PDF) Statement Statement on Longer-Run Goals and Monetary Policy Strategy (PDF) 2017 Memos Minutes (Relea
https://www.federalreserve.gov/monetarypolicy/fomchistorical2017.htm,https://www.federalreserve.gov/monetarypolicy/2017-fomc-memos.htm,2017 Memos,"el-heading--shaded"">Jan/Feb 31-1 Meeting - 2017 Beige Book: PDF | HTML Tealbook A (4.32 MB PDF) Tealbook B (2.15 MB PDF) Agenda (691 KB PDF) Statement Statement on Longer-Run Goals and Monetary Policy Strategy (PDF) 2017 Memos Minutes (Released February 22, 2017): HTML | PDF"
https://www.federalreserve.gov/monetarypolicy/fomchistorical2017.htm,https://www.federalreserve.gov/monetarypolicy/fomcminutes20170201.htm,HTML,"monetarypolicy/beigebook/files/Beigebook_20170118.pdf"">PDF | HTML Tealbook A (4.32 MB PDF) Tealbook B (2.15 MB PDF) Agenda (691 KB PDF) Statement Statement on Longer-Run Goals and Monetary Policy Strategy (PDF) 2017 Memos Minutes (Released February 22, 2017): HTML | PDF Transcript (1.45 MB PDF)"
https://www.federalreserve.gov/monetarypolicy/fomchistorical2017.htm,https://www.federalreserve.gov/monetarypolicy/files/fomcminutes20170201.pdf,PDF,"> | HTML Tealbook A (4.32 MB PDF) Tealbook B (2.15 MB PDF) Agenda (691 KB PDF) Statement Statement on Longer-Run Goals and Monetary Policy Strategy (PDF) 2017 Memos Minutes (Released February 22, 2017): HTML | PDF Transcript (1.45 MB PDF) <a href=""/monetarypolicy/files/FOMC20170201materia"
https://www.federalreserve.gov/monetarypolicy/fomchistorical2017.htm,https://www.federalreserve.gov/monetarypolicy/files/FOMC20170201meeting.pdf,Transcript (1.45 MB PDF),"Tealbook B (2.15 MB PDF) Agenda (691 KB PDF) Statement Statement on Longer-Run Goals and Monetary Policy Strategy (PDF) 2017 Memos Minutes (Released February 22, 2017): HTML | PDF Transcript (1.45 MB PDF) Presentation materials (1.54 MB PDF) <div class=""pane"
https://www.federalreserve.gov/monetarypolicy/fomchistorical2017.htm,https://www.federalreserve.gov/monetarypolicy/files/FOMC20170201material.pdf,Presentation materials (1.54 MB PDF),"Agenda (691 KB PDF) Statement Statement on Longer-Run Goals and Monetary Policy Strategy (PDF) 2017 Memos Minutes (Released February 22, 2017): HTML | PDF Transcript (1.45 MB PDF) Presentation materials (1.54 MB PDF) March 14-15 Meeting - 2017"
https://www.federalreserve.gov/monetarypolicy/fomchistorical2017.htm,https://www.federalreserve.gov/monetarypolicy/files/Beigebook_20170301.pdf,PDF,"2017-fomc-memos.htm"">2017 Memos Minutes (Released February 22, 2017): HTML | PDF Transcript (1.45 MB PDF) Presentation materials (1.54 MB PDF) March 14-15 Meeting - 2017 Beige Book: PDF | HTML Tealbook A (4.2 MB PDF) Tealbook B (2.23 MB PDF)"
https://www.federalreserve.gov/monetarypolicy/fomchistorical2017.htm,https://www.federalreserve.gov/monetarypolicy/beigebook201703.htm,HTML,"Minutes (Released February 22, 2017): HTML | PDF Transcript (1.45 MB PDF) Presentation materials (1.54 MB PDF) March 14-15 Meeting - 2017 Beige Book: PDF | HTML Tealbook A (4.2 MB PDF) Tealbook B (2.23 MB PDF) <a href="
https://www.federalreserve.gov/monetarypolicy/fomchistorical2017.htm,https://www.federalreserve.gov/monetarypolicy/files/FOMC20170315tealbooka20170303.pdf,Tealbook A (4.2 MB PDF),"2, 2017): HTML | PDF Transcript (1.45 MB PDF) Presentation materials (1.54 MB PDF) March 14-15 Meeting - 2017 Beige Book: PDF | HTML Tealbook A (4.2 MB PDF) Tealbook B (2.23 MB PDF) Agenda (689 KB PDF) <a href=""/newsevents/pr"
https://www.federalreserve.gov/monetarypolicy/fomchistorical2017.htm,https://www.federalreserve.gov/monetarypolicy/files/FOMC20170315tealbookb20170309.pdf,Tealbook B (2.23 MB PDF),"cy/files/fomcminutes20170201.pdf"">PDF Transcript (1.45 MB PDF) Presentation materials (1.54 MB PDF) March 14-15 Meeting - 2017 Beige Book: PDF | HTML Tealbook A (4.2 MB PDF) Tealbook B (2.23 MB PDF) Agenda (689 KB PDF) Statement <a h"
https://www.federalreserve.gov/monetarypolicy/fomchistorical2017.htm,https://www.federalreserve.gov/monetarypolicy/files/FOMC20170315Agenda.pdf,Agenda (689 KB PDF),"Transcript (1.45 MB PDF) Presentation materials (1.54 MB PDF) March 14-15 Meeting - 2017 Beige Book: PDF | HTML Tealbook A (4.2 MB PDF) Tealbook B (2.23 MB PDF) Agenda (689 KB PDF) Statement Press Conference <div class=""col-"
https://www.federalreserve.gov/monetarypolicy/fomchistorical2017.htm,https://www.federalreserve.gov/newsevents/pressreleases/monetary20170315a.htm,Statement,5 MB PDF) Presentation materials (1.54 MB PDF) March 14-15 Meeting - 2017 Beige Book: PDF | HTML Tealbook A (4.2 MB PDF) Tealbook B (2.23 MB PDF) Agenda (689 KB PDF) Statement Press Conference 2017 Memos <e
https://www.federalreserve.gov/monetarypolicy/fomchistorical2017.htm,https://www.federalreserve.gov/monetarypolicy/fomcpresconf20170315.htm,Press Conference,"r> March 14-15 Meeting - 2017 Beige Book: PDF | HTML Tealbook A (4.2 MB PDF) Tealbook B (2.23 MB PDF) Agenda (689 KB PDF) Statement Press Conference 2017 Memos Minutes (Released April 05, 2017):"
https://www.federalreserve.gov/monetarypolicy/fomchistorical2017.htm,https://www.federalreserve.gov/monetarypolicy/2017-fomc-memos.htm,2017 Memos,"el panel-default panel-padded""> March 14-15 Meeting - 2017 Beige Book: PDF | HTML Tealbook A (4.2 MB PDF) Tealbook B (2.23 MB PDF) Agenda (689 KB PDF) Statement Press Conference 2017 Memos Minutes (Released April 05, 2017): HTML | PDF"
https://www.federalreserve.gov/monetarypolicy/fomchistorical2017.htm,https://www.federalreserve.gov/monetarypolicy/fomcminutes20170315.htm,HTML,"-md-6""> Beige Book: PDF | HTML Tealbook A (4.2 MB PDF) Tealbook B (2.23 MB PDF) Agenda (689 KB PDF) Statement Press Conference 2017 Memos Minutes (Released April 05, 2017): HTML | PDF SEP: Individual Projections (1.48 MB PDF)"
https://www.federalreserve.gov/monetarypolicy/fomchistorical2017.htm,https://www.federalreserve.gov/monetarypolicy/files/fomcminutes20170315.pdf,PDF,"k: PDF | HTML Tealbook A (4.2 MB PDF) Tealbook B (2.23 MB PDF) Agenda (689 KB PDF) Statement Press Conference 2017 Memos Minutes (Released April 05, 2017): HTML | PDF SEP: Individual Projections (1.48 MB PDF) <"
https://www.federalreserve.gov/monetarypolicy/fomchistorical2017.htm,https://www.federalreserve.gov/monetarypolicy/files/FOMC20170315SEPcompilation.pdf,SEP: Individual Projections (1.48 MB PDF),"s/FOMC20170315tealbooka20170303.pdf"">Tealbook A (4.2 MB PDF) Tealbook B (2.23 MB PDF) Agenda (689 KB PDF) Statement Press Conference 2017 Memos Minutes (Released April 05, 2017): HTML | PDF SEP: Individual Projections (1.48 MB PDF) SEP Participant Key Transcript (1.76 MB PDF)"
https://www.federalreserve.gov/monetarypolicy/fomchistorical2017.htm,https://www.federalreserve.gov/monetarypolicy/files/FOMC20170315SEPkey.pdf,SEP Participant Key,"Agenda (689 KB PDF) Statement Press Conference 2017 Memos Minutes (Released April 05, 2017): HTML | PDF SEP: Individual Projections (1.48 MB PDF) SEP Participant Key Transcript (1.76 MB PDF) Presentation materials (2.89 MB PDF)"
https://www.federalreserve.gov/monetarypolicy/fomchistorical2017.htm,https://www.federalreserve.gov/monetarypolicy/files/FOMC20170315meeting.pdf,Transcript (1.76 MB PDF),"Statement Press Conference 2017 Memos Minutes (Released April 05, 2017): HTML | PDF SEP: Individual Projections (1.48 MB PDF) SEP Participant Key Transcript (1.76 MB PDF) Presentation materials (2.89 MB PDF) <div class=""pane"
https://www.federalreserve.gov/monetarypolicy/fomchistorical2017.htm,https://www.federalreserve.gov/monetarypolicy/files/FOMC20170315material.pdf,Presentation materials (2.89 MB PDF),"Press Conference 2017 Memos Minutes (Released April 05, 2017): HTML | PDF SEP: Individual Projections (1.48 MB PDF) SEP Participant Key Transcript (1.76 MB PDF) Presentation materials (2.89 MB PDF) May 2-3 Meeting - 2017"
https://www.federalreserve.gov/monetarypolicy/fomchistorical2017.htm,https://www.federalreserve.gov/monetarypolicy/files/Beigebook_20170419.pdf,PDF,"0315.pdf"">PDF SEP: Individual Projections (1.48 MB PDF) SEP Participant Key Transcript (1.76 MB PDF) Presentation materials (2.89 MB PDF) May 2-3 Meeting - 2017 Beige Book: PDF | HTML Tealbook A (3.6 MB PDF) Tealbook B (2.34 MB PDF)"
https://www.federalreserve.gov/monetarypolicy/fomchistorical2017.htm,https://www.federalreserve.gov/monetarypolicy/beigebook201704.htm,HTML,SEP: Individual Projections (1.48 MB PDF) SEP Participant Key Transcript (1.76 MB PDF) Presentation materials (2.89 MB PDF) May 2-3 Meeting - 2017 Beige Book: PDF | HTML Tealbook A (3.6 MB PDF) Tealbook B (2.34 MB PDF) <a href=
https://www.federalreserve.gov/monetarypolicy/fomchistorical2017.htm,https://www.federalreserve.gov/monetarypolicy/files/FOMC20170503tealbooka20170421.pdf,Tealbook A (3.6 MB PDF),"tarypolicy/files/FOMC20170315SEPcompilation.pdf"">SEP: Individual Projections (1.48 MB PDF) SEP Participant Key Transcript (1.76 MB PDF) Presentation materials (2.89 MB PDF) May 2-3 Meeting - 2017 Beige Book: PDF | HTML Tealbook A (3.6 MB PDF) Tealbook B (2.34 MB PDF) Agenda (779 KB PDF) <a href=""/newsevents/pr"
https://www.federalreserve.gov/monetarypolicy/fomchistorical2017.htm,https://www.federalreserve.gov/monetarypolicy/files/FOMC20170503tealbookb20170427.pdf,Tealbook B (2.34 MB PDF),SEP Participant Key Transcript (1.76 MB PDF) Presentation materials (2.89 MB PDF) May 2-3 Meeting - 2017 Beige Book: PDF | HTML Tealbook A (3.6 MB PDF) Tealbook B (2.34 MB PDF) Agenda (779 KB PDF) Statement
https://www.federalreserve.gov/monetarypolicy/fomchistorical2017.htm,https://www.federalreserve.gov/monetarypolicy/files/FOMC20170503Agenda.pdf,Agenda (779 KB PDF),"Transcript (1.76 MB PDF) Presentation materials (2.89 MB PDF) May 2-3 Meeting - 2017 Beige Book: PDF | HTML Tealbook A (3.6 MB PDF) Tealbook B (2.34 MB PDF) Agenda (779 KB PDF) Statement <a href=""/monetarypolicy/2017-fomc-mem"
https://www.federalreserve.gov/monetarypolicy/fomchistorical2017.htm,https://www.federalreserve.gov/newsevents/pressreleases/monetary20170503a.htm,Statement,(1.76 MB PDF) Presentation materials (2.89 MB PDF) May 2-3 Meeting - 2017 Beige Book: PDF | HTML Tealbook A (3.6 MB PDF) Tealbook B (2.34 MB PDF) Agenda (779 KB PDF) Statement 2017 Memos
https://www.federalreserve.gov/monetarypolicy/fomchistorical2017.htm,https://www.federalreserve.gov/monetarypolicy/2017-fomc-memos.htm,2017 Memos,"May 2-3 Meeting - 2017 Beige Book: PDF | HTML Tealbook A (3.6 MB PDF) Tealbook B (2.34 MB PDF) Agenda (779 KB PDF) Statement 2017 Memos Minutes (Released May 24, 2017): HTML | PDF"
https://www.federalreserve.gov/monetarypolicy/fomchistorical2017.htm,https://www.federalreserve.gov/monetarypolicy/fomcminutes20170503.htm,HTML,"Beige Book: PDF | HTML Tealbook A (3.6 MB PDF) Tealbook B (2.34 MB PDF) Agenda (779 KB PDF) Statement 2017 Memos Minutes (Released May 24, 2017): HTML | PDF Transcript (1.56 MB PDF)"
https://www.federalreserve.gov/monetarypolicy/fomchistorical2017.htm,https://www.federalreserve.gov/monetarypolicy/files/fomcminutes20170503.pdf,PDF,"lass=""col-xs-12 col-md-6""> Beige Book: PDF | HTML Tealbook A (3.6 MB PDF) Tealbook B (2.34 MB PDF) Agenda (779 KB PDF) Statement 2017 Memos Minutes (Released May 24, 2017): HTML | PDF Transcript (1.56 MB PDF) <a href=""/monetarypolicy/files/FOMC20170503materia"
https://www.federalreserve.gov/monetarypolicy/fomchistorical2017.htm,https://www.federalreserve.gov/monetarypolicy/files/FOMC20170503meeting.pdf,Transcript (1.56 MB PDF),"a> Tealbook A (3.6 MB PDF) Tealbook B (2.34 MB PDF) Agenda (779 KB PDF) Statement 2017 Memos Minutes (Released May 24, 2017): HTML | PDF Transcript (1.56 MB PDF) Presentation materials (3.11 MB PDF) <div class=""pane"
https://www.federalreserve.gov/monetarypolicy/fomchistorical2017.htm,https://www.federalreserve.gov/monetarypolicy/files/FOMC20170503material.pdf,Presentation materials (3.11 MB PDF),"B PDF) Tealbook B (2.34 MB PDF) Agenda (779 KB PDF) Statement 2017 Memos Minutes (Released May 24, 2017): HTML | PDF Transcript (1.56 MB PDF) Presentation materials (3.11 MB PDF) June 13-14 Meeting - 2017"
https://www.federalreserve.gov/monetarypolicy/fomchistorical2017.htm,https://www.federalreserve.gov/monetarypolicy/files/BeigeBook_20170531.pdf,PDF,"olicy/2017-fomc-memos.htm"">2017 Memos Minutes (Released May 24, 2017): HTML | PDF Transcript (1.56 MB PDF) Presentation materials (3.11 MB PDF) June 13-14 Meeting - 2017 Beige Book: PDF | HTML Tealbook A (4.27 MB PDF) Tealbook B (2.24 MB PDF)</a"
https://www.federalreserve.gov/monetarypolicy/fomchistorical2017.htm,https://www.federalreserve.gov/monetarypolicy/beigebook201705.htm,HTML,"Minutes (Released May 24, 2017): HTML | PDF Transcript (1.56 MB PDF) Presentation materials (3.11 MB PDF) June 13-14 Meeting - 2017 Beige Book: PDF | HTML Tealbook A (4.27 MB PDF) Tealbook B (2.24 MB PDF) <a href"
https://www.federalreserve.gov/monetarypolicy/fomchistorical2017.htm,https://www.federalreserve.gov/monetarypolicy/files/FOMC20170614tealbooka20170605.pdf,Tealbook A (4.27 MB PDF),"24, 2017): HTML | PDF Transcript (1.56 MB PDF) Presentation materials (3.11 MB PDF) June 13-14 Meeting - 2017 Beige Book: PDF | HTML Tealbook A (4.27 MB PDF) Tealbook B (2.24 MB PDF) Agenda (779 KB PDF) <a href=""/newsevents/pr"
https://www.federalreserve.gov/monetarypolicy/fomchistorical2017.htm,https://www.federalreserve.gov/monetarypolicy/files/FOMC20170614tealbookb20170608.pdf,Tealbook B (2.24 MB PDF),"cy/files/fomcminutes20170503.pdf"">PDF Transcript (1.56 MB PDF) Presentation materials (3.11 MB PDF) June 13-14 Meeting - 2017 Beige Book: PDF | HTML Tealbook A (4.27 MB PDF) Tealbook B (2.24 MB PDF) Agenda (779 KB PDF) Statement <a href=""/newsevents/pressreleases/monetary201"
https://www.federalreserve.gov/monetarypolicy/fomchistorical2017.htm,https://www.federalreserve.gov/monetarypolicy/files/FOMC20170614Agenda.pdf,Agenda (779 KB PDF),Transcript (1.56 MB PDF) Presentation materials (3.11 MB PDF) June 13-14 Meeting - 2017 Beige Book: PDF | HTML Tealbook A (4.27 MB PDF) Tealbook B (2.24 MB PDF) Agenda (779 KB PDF) Statement Addendum to the Policy Normalization Principles and Plans <a hr
https://www.federalreserve.gov/monetarypolicy/fomchistorical2017.htm,https://www.federalreserve.gov/newsevents/pressreleases/monetary20170614a.htm,Statement,6 MB PDF) Presentation materials (3.11 MB PDF) June 13-14 Meeting - 2017 Beige Book: PDF | HTML Tealbook A (4.27 MB PDF) Tealbook B (2.24 MB PDF) Agenda (779 KB PDF) Statement Addendum to the Policy Normalization Principles and Plans Press Conference
https://www.federalreserve.gov/monetarypolicy/fomchistorical2017.htm,https://www.federalreserve.gov/newsevents/pressreleases/monetary20170614c.htm,Addendum to the Policy Normalization Principles and Plans,Presentation materials (3.11 MB PDF) June 13-14 Meeting - 2017 Beige Book: PDF | HTML Tealbook A (4.27 MB PDF) Tealbook B (2.24 MB PDF) Agenda (779 KB PDF) Statement Addendum to the Policy Normalization Principles and Plans Press Conference 2017 Memos
https://www.federalreserve.gov/monetarypolicy/fomchistorical2017.htm,https://www.federalreserve.gov/monetarypolicy/fomcpresconf20170614.htm,Press Conference,"June 13-14 Meeting - 2017 Beige Book: PDF | HTML Tealbook A (4.27 MB PDF) Tealbook B (2.24 MB PDF) Agenda (779 KB PDF) Statement Addendum to the Policy Normalization Principles and Plans Press Conference 2017 Memos Minutes (Released July 05, 2017):"
https://www.federalreserve.gov/monetarypolicy/fomchistorical2017.htm,https://www.federalreserve.gov/monetarypolicy/2017-fomc-memos.htm,2017 Memos,"Beige Book: PDF | HTML Tealbook A (4.27 MB PDF) Tealbook B (2.24 MB PDF) Agenda (779 KB PDF) Statement Addendum to the Policy Normalization Principles and Plans Press Conference 2017 Memos Minutes (Released July 05, 2017): HTML | PDF"
https://www.federalreserve.gov/monetarypolicy/fomchistorical2017.htm,https://www.federalreserve.gov/monetarypolicy/fomcminutes20170614.htm,HTML,"| HTML Tealbook A (4.27 MB PDF) Tealbook B (2.24 MB PDF) Agenda (779 KB PDF) Statement Addendum to the Policy Normalization Principles and Plans Press Conference 2017 Memos Minutes (Released July 05, 2017): HTML | PDF SEP: Individual Projections (1.57 MB PDF)"
https://www.federalreserve.gov/monetarypolicy/fomchistorical2017.htm,https://www.federalreserve.gov/monetarypolicy/files/fomcminutes20170614.pdf,PDF,"Tealbook A (4.27 MB PDF) Tealbook B (2.24 MB PDF) Agenda (779 KB PDF) Statement Addendum to the Policy Normalization Principles and Plans Press Conference 2017 Memos Minutes (Released July 05, 2017): HTML | PDF SEP: Individual Projections (1.57 MB PDF) <"
https://www.federalreserve.gov/monetarypolicy/fomchistorical2017.htm,https://www.federalreserve.gov/monetarypolicy/files/FOMC20170614SEPcompilation.pdf,SEP: Individual Projections (1.57 MB PDF),"MC20170614tealbookb20170608.pdf"">Tealbook B (2.24 MB PDF) Agenda (779 KB PDF) Statement Addendum to the Policy Normalization Principles and Plans Press Conference 2017 Memos Minutes (Released July 05, 2017): HTML | PDF SEP: Individual Projections (1.57 MB PDF) SEP Participant Key Transcript (1.5 MB PDF)"
https://www.federalreserve.gov/monetarypolicy/fomchistorical2017.htm,https://www.federalreserve.gov/monetarypolicy/files/FOMC20170614SEPkey.pdf,SEP Participant Key,"a> Statement Addendum to the Policy Normalization Principles and Plans Press Conference 2017 Memos Minutes (Released July 05, 2017): HTML | PDF SEP: Individual Projections (1.57 MB PDF) SEP Participant Key Transcript (1.5 MB PDF) Presentation materials (3.09 MB PDF)"
https://www.federalreserve.gov/monetarypolicy/fomchistorical2017.htm,https://www.federalreserve.gov/monetarypolicy/files/FOMC20170614meeting.pdf,Transcript (1.5 MB PDF),"href=""/newsevents/pressreleases/monetary20170614c.htm"">Addendum to the Policy Normalization Principles and Plans Press Conference 2017 Memos Minutes (Released July 05, 2017): HTML | PDF SEP: Individual Projections (1.57 MB PDF) SEP Participant Key Transcript (1.5 MB PDF) Presentation materials (3.09 MB PDF) <div class=""pane"
https://www.federalreserve.gov/monetarypolicy/fomchistorical2017.htm,https://www.federalreserve.gov/monetarypolicy/files/FOMC20170614material.pdf,Presentation materials (3.09 MB PDF),"s Press Conference 2017 Memos Minutes (Released July 05, 2017): HTML | PDF SEP: Individual Projections (1.57 MB PDF) SEP Participant Key Transcript (1.5 MB PDF) Presentation materials (3.09 MB PDF) July 25-26 Meeting - 2017"
https://www.federalreserve.gov/monetarypolicy/fomchistorical2017.htm,https://www.federalreserve.gov/monetarypolicy/files/BeigeBook_20170712.pdf,PDF,"14.pdf"">PDF SEP: Individual Projections (1.57 MB PDF) SEP Participant Key Transcript (1.5 MB PDF) Presentation materials (3.09 MB PDF) July 25-26 Meeting - 2017 Beige Book: PDF | HTML Tealbook A (2.51 MB PDF) Tealbook B (926 KB PDF)"
https://www.federalreserve.gov/monetarypolicy/fomchistorical2017.htm,https://www.federalreserve.gov/monetarypolicy/beigebook201707.htm,HTML,SEP: Individual Projections (1.57 MB PDF) SEP Participant Key Transcript (1.5 MB PDF) Presentation materials (3.09 MB PDF) July 25-26 Meeting - 2017 Beige Book: PDF | HTML Tealbook A (2.51 MB PDF) Tealbook B (926 KB PDF) <a href=
https://www.federalreserve.gov/monetarypolicy/fomchistorical2017.htm,https://www.federalreserve.gov/monetarypolicy/files/FOMC20170726tealbooka20170714.pdf,Tealbook A (2.51 MB PDF),"rypolicy/files/FOMC20170614SEPcompilation.pdf"">SEP: Individual Projections (1.57 MB PDF) SEP Participant Key Transcript (1.5 MB PDF) Presentation materials (3.09 MB PDF) July 25-26 Meeting - 2017 Beige Book: PDF | HTML Tealbook A (2.51 MB PDF) Tealbook B (926 KB PDF) Agenda (685 KB PDF) <a href=""/newsevents/pre"
https://www.federalreserve.gov/monetarypolicy/fomchistorical2017.htm,https://www.federalreserve.gov/monetarypolicy/files/FOMC20170726tealbookb20170720.pdf,Tealbook B (926 KB PDF),SEP Participant Key Transcript (1.5 MB PDF) Presentation materials (3.09 MB PDF) July 25-26 Meeting - 2017 Beige Book: PDF | HTML Tealbook A (2.51 MB PDF) Tealbook B (926 KB PDF) Agenda (685 KB PDF) Statement
https://www.federalreserve.gov/monetarypolicy/fomchistorical2017.htm,https://www.federalreserve.gov/monetarypolicy/files/FOMC20170726Agenda.pdf,Agenda (685 KB PDF),"Transcript (1.5 MB PDF) Presentation materials (3.09 MB PDF) July 25-26 Meeting - 2017 Beige Book: PDF | HTML Tealbook A (2.51 MB PDF) Tealbook B (926 KB PDF) Agenda (685 KB PDF) Statement <a href=""/monetarypolicy/2017-fomc-mem"
https://www.federalreserve.gov/monetarypolicy/fomchistorical2017.htm,https://www.federalreserve.gov/newsevents/pressreleases/monetary20170726a.htm,Statement,.5 MB PDF) Presentation materials (3.09 MB PDF) July 25-26 Meeting - 2017 Beige Book: PDF | HTML Tealbook A (2.51 MB PDF) Tealbook B (926 KB PDF) Agenda (685 KB PDF) Statement 2017 Memos
https://www.federalreserve.gov/monetarypolicy/fomchistorical2017.htm,https://www.federalreserve.gov/monetarypolicy/2017-fomc-memos.htm,2017 Memos,"July 25-26 Meeting - 2017 Beige Book: PDF | HTML Tealbook A (2.51 MB PDF) Tealbook B (926 KB PDF) Agenda (685 KB PDF) Statement 2017 Memos Minutes (Released August 16, 2017): HTML | PDF"
https://www.federalreserve.gov/monetarypolicy/fomchistorical2017.htm,https://www.federalreserve.gov/monetarypolicy/fomcminutes20170726.htm,HTML,"Beige Book: PDF | HTML Tealbook A (2.51 MB PDF) Tealbook B (926 KB PDF) Agenda (685 KB PDF) Statement 2017 Memos Minutes (Released August 16, 2017): HTML | PDF Transcript (547 KB PDF)"
https://www.federalreserve.gov/monetarypolicy/fomchistorical2017.htm,https://www.federalreserve.gov/monetarypolicy/files/fomcminutes20170726.pdf,PDF,"s=""col-xs-12 col-md-6""> Beige Book: PDF | HTML Tealbook A (2.51 MB PDF) Tealbook B (926 KB PDF) Agenda (685 KB PDF) Statement 2017 Memos Minutes (Released August 16, 2017): HTML | PDF Transcript (547 KB PDF) <a href=""/monetarypolicy/files/FOMC20170726material"
https://www.federalreserve.gov/monetarypolicy/fomchistorical2017.htm,https://www.federalreserve.gov/monetarypolicy/files/FOMC20170726meeting.pdf,Transcript (547 KB PDF),"/p> Tealbook A (2.51 MB PDF) Tealbook B (926 KB PDF) Agenda (685 KB PDF) Statement 2017 Memos Minutes (Released August 16, 2017): HTML | PDF Transcript (547 KB PDF) Presentation materials (872 KB PDF) <div class=""panel"
https://www.federalreserve.gov/monetarypolicy/fomchistorical2017.htm,https://www.federalreserve.gov/monetarypolicy/files/FOMC20170726material.pdf,Presentation materials (872 KB PDF),"PDF) Tealbook B (926 KB PDF) Agenda (685 KB PDF) Statement 2017 Memos Minutes (Released August 16, 2017): HTML | PDF Transcript (547 KB PDF) Presentation materials (872 KB PDF) September 19-20 Meeting - 2017"
https://www.federalreserve.gov/monetarypolicy/fomchistorical2017.htm,https://www.federalreserve.gov/monetarypolicy/files/Beigebook_20170906.pdf,PDF,"2017-fomc-memos.htm"">2017 Memos Minutes (Released August 16, 2017): HTML | PDF Transcript (547 KB PDF) Presentation materials (872 KB PDF) September 19-20 Meeting - 2017 Beige Book: PDF | HTML Tealbook A (2.74 MB PDF) Tealbook B (1.03 MB PDF)</a"
https://www.federalreserve.gov/monetarypolicy/fomchistorical2017.htm,https://www.federalreserve.gov/monetarypolicy/beigebook201709.htm,HTML,"Minutes (Released August 16, 2017): HTML | PDF Transcript (547 KB PDF) Presentation materials (872 KB PDF) September 19-20 Meeting - 2017 Beige Book: PDF | HTML Tealbook A (2.74 MB PDF) Tealbook B (1.03 MB PDF) <a href"
https://www.federalreserve.gov/monetarypolicy/fomchistorical2017.htm,https://www.federalreserve.gov/monetarypolicy/files/FOMC20170920tealbooka20170908.pdf,Tealbook A (2.74 MB PDF),"2017): HTML | PDF Transcript (547 KB PDF) Presentation materials (872 KB PDF) September 19-20 Meeting - 2017 Beige Book: PDF | HTML Tealbook A (2.74 MB PDF) Tealbook B (1.03 MB PDF) Agenda (686 KB PDF) <a href=""/newsevents/pr"
https://www.federalreserve.gov/monetarypolicy/fomchistorical2017.htm,https://www.federalreserve.gov/monetarypolicy/files/FOMC20170920tealbookb20170914.pdf,Tealbook B (1.03 MB PDF),"files/fomcminutes20170726.pdf"">PDF Transcript (547 KB PDF) Presentation materials (872 KB PDF) September 19-20 Meeting - 2017 Beige Book: PDF | HTML Tealbook A (2.74 MB PDF) Tealbook B (1.03 MB PDF) Agenda (686 KB PDF) Statement <a h"
https://www.federalreserve.gov/monetarypolicy/fomchistorical2017.htm,https://www.federalreserve.gov/monetarypolicy/files/FOMC20170920Agenda.pdf,Agenda (686 KB PDF),"Transcript (547 KB PDF) Presentation materials (872 KB PDF) September 19-20 Meeting - 2017 Beige Book: PDF | HTML Tealbook A (2.74 MB PDF) Tealbook B (1.03 MB PDF) Agenda (686 KB PDF) Statement Press Conference <div class=""col-"
https://www.federalreserve.gov/monetarypolicy/fomchistorical2017.htm,https://www.federalreserve.gov/newsevents/pressreleases/monetary20170920a.htm,Statement,PDF) Presentation materials (872 KB PDF) September 19-20 Meeting - 2017 Beige Book: PDF | HTML Tealbook A (2.74 MB PDF) Tealbook B (1.03 MB PDF) Agenda (686 KB PDF) Statement Press Conference 2017 Memos <e
https://www.federalreserve.gov/monetarypolicy/fomchistorical2017.htm,https://www.federalreserve.gov/monetarypolicy/fomcpresconf20170920.htm,Press Conference,"September 19-20 Meeting - 2017 Beige Book: PDF | HTML Tealbook A (2.74 MB PDF) Tealbook B (1.03 MB PDF) Agenda (686 KB PDF) Statement Press Conference 2017 Memos Minutes (Released October 11, 2017):"
https://www.federalreserve.gov/monetarypolicy/fomchistorical2017.htm,https://www.federalreserve.gov/monetarypolicy/2017-fomc-memos.htm,2017 Memos,"nel-default panel-padded""> September 19-20 Meeting - 2017 Beige Book: PDF | HTML Tealbook A (2.74 MB PDF) Tealbook B (1.03 MB PDF) Agenda (686 KB PDF) Statement Press Conference 2017 Memos Minutes (Released October 11, 2017): HTML | PDF"
https://www.federalreserve.gov/monetarypolicy/fomchistorical2017.htm,https://www.federalreserve.gov/monetarypolicy/fomcminutes20170920.htm,HTML,"-6""> Beige Book: PDF | HTML Tealbook A (2.74 MB PDF) Tealbook B (1.03 MB PDF) Agenda (686 KB PDF) Statement Press Conference 2017 Memos Minutes (Released October 11, 2017): HTML | PDF SEP: Individual Projections (1.5 MB PDF)"
https://www.federalreserve.gov/monetarypolicy/fomchistorical2017.htm,https://www.federalreserve.gov/monetarypolicy/files/fomcminutes20170920.pdf,PDF,"PDF | HTML Tealbook A (2.74 MB PDF) Tealbook B (1.03 MB PDF) Agenda (686 KB PDF) Statement Press Conference 2017 Memos Minutes (Released October 11, 2017): HTML | PDF SEP: Individual Projections (1.5 MB PDF) <p"
https://www.federalreserve.gov/monetarypolicy/fomchistorical2017.htm,https://www.federalreserve.gov/monetarypolicy/files/FOMC20170920SEPcompilation.pdf,SEP: Individual Projections (1.5 MB PDF),"OMC20170920tealbooka20170908.pdf"">Tealbook A (2.74 MB PDF) Tealbook B (1.03 MB PDF) Agenda (686 KB PDF) Statement Press Conference 2017 Memos Minutes (Released October 11, 2017): HTML | PDF SEP: Individual Projections (1.5 MB PDF) SEP Participant Key Transcript (600 KB PDF)"
https://www.federalreserve.gov/monetarypolicy/fomchistorical2017.htm,https://www.federalreserve.gov/monetarypolicy/files/FOMC20170920SEPkey.pdf,SEP Participant Key,"/p> Agenda (686 KB PDF) Statement Press Conference 2017 Memos Minutes (Released October 11, 2017): HTML | PDF SEP: Individual Projections (1.5 MB PDF) SEP Participant Key Transcript (600 KB PDF) Presentation materials (1.03 MB PDF)"
https://www.federalreserve.gov/monetarypolicy/fomchistorical2017.htm,https://www.federalreserve.gov/monetarypolicy/files/FOMC20170920meeting.pdf,Transcript (600 KB PDF),"Statement Press Conference 2017 Memos Minutes (Released October 11, 2017): HTML | PDF SEP: Individual Projections (1.5 MB PDF) SEP Participant Key Transcript (600 KB PDF) Presentation materials (1.03 MB PDF) <div class=""pane"
https://www.federalreserve.gov/monetarypolicy/fomchistorical2017.htm,https://www.federalreserve.gov/monetarypolicy/files/FOMC20170920material.pdf,Presentation materials (1.03 MB PDF),"Press Conference 2017 Memos Minutes (Released October 11, 2017): HTML | PDF SEP: Individual Projections (1.5 MB PDF) SEP Participant Key Transcript (600 KB PDF) Presentation materials (1.03 MB PDF) Oct/Nov 31-1 Meeting - 2017"
https://www.federalreserve.gov/monetarypolicy/fomchistorical2017.htm,https://www.federalreserve.gov/monetarypolicy/files/BeigeBook_20171018.pdf,PDF,"0.pdf"">PDF SEP: Individual Projections (1.5 MB PDF) SEP Participant Key Transcript (600 KB PDF) Presentation materials (1.03 MB PDF) Oct/Nov 31-1 Meeting - 2017 Beige Book: PDF | HTML Tealbook A (2.48 MB PDF) Tealbook B (1.49 MB PDF)</a"
https://www.federalreserve.gov/monetarypolicy/fomchistorical2017.htm,https://www.federalreserve.gov/monetarypolicy/beigebook201710.htm,HTML,SEP: Individual Projections (1.5 MB PDF) SEP Participant Key Transcript (600 KB PDF) Presentation materials (1.03 MB PDF) Oct/Nov 31-1 Meeting - 2017 Beige Book: PDF | HTML Tealbook A (2.48 MB PDF) Tealbook B (1.49 MB PDF) <a href
https://www.federalreserve.gov/monetarypolicy/fomchistorical2017.htm,https://www.federalreserve.gov/monetarypolicy/files/FOMC20171101tealbooka20171020.pdf,Tealbook A (2.48 MB PDF),"ypolicy/files/FOMC20170920SEPcompilation.pdf"">SEP: Individual Projections (1.5 MB PDF) SEP Participant Key Transcript (600 KB PDF) Presentation materials (1.03 MB PDF) Oct/Nov 31-1 Meeting - 2017 Beige Book: PDF | HTML Tealbook A (2.48 MB PDF) Tealbook B (1.49 MB PDF) Agenda (685 KB PDF) <a href=""/newsevents/pr"
https://www.federalreserve.gov/monetarypolicy/fomchistorical2017.htm,https://www.federalreserve.gov/monetarypolicy/files/FOMC20171101tealbookb20171026.pdf,Tealbook B (1.49 MB PDF),SEP Participant Key Transcript (600 KB PDF) Presentation materials (1.03 MB PDF) Oct/Nov 31-1 Meeting - 2017 Beige Book: PDF | HTML Tealbook A (2.48 MB PDF) Tealbook B (1.49 MB PDF) Agenda (685 KB PDF) Statement
https://www.federalreserve.gov/monetarypolicy/fomchistorical2017.htm,https://www.federalreserve.gov/monetarypolicy/files/FOMC20171101Agenda.pdf,Agenda (685 KB PDF),"Transcript (600 KB PDF) Presentation materials (1.03 MB PDF) Oct/Nov 31-1 Meeting - 2017 Beige Book: PDF | HTML Tealbook A (2.48 MB PDF) Tealbook B (1.49 MB PDF) Agenda (685 KB PDF) Statement <a href=""/monetarypolicy/2017-fomc-mem"
https://www.federalreserve.gov/monetarypolicy/fomchistorical2017.htm,https://www.federalreserve.gov/newsevents/pressreleases/monetary20171101a.htm,Statement,KB PDF) Presentation materials (1.03 MB PDF) Oct/Nov 31-1 Meeting - 2017 Beige Book: PDF | HTML Tealbook A (2.48 MB PDF) Tealbook B (1.49 MB PDF) Agenda (685 KB PDF) Statement 2017 Memos
https://www.federalreserve.gov/monetarypolicy/fomchistorical2017.htm,https://www.federalreserve.gov/monetarypolicy/2017-fomc-memos.htm,2017 Memos,"/div> Oct/Nov 31-1 Meeting - 2017 Beige Book: PDF | HTML Tealbook A (2.48 MB PDF) Tealbook B (1.49 MB PDF) Agenda (685 KB PDF) Statement 2017 Memos Minutes (Released November 22, 2017): HTML | PDF"
https://www.federalreserve.gov/monetarypolicy/fomchistorical2017.htm,https://www.federalreserve.gov/monetarypolicy/fomcminutes20171101.htm,HTML,"Beige Book: PDF | HTML Tealbook A (2.48 MB PDF) Tealbook B (1.49 MB PDF) Agenda (685 KB PDF) Statement 2017 Memos Minutes (Released November 22, 2017): HTML | PDF Transcript (577 KB PDF)"
https://www.federalreserve.gov/monetarypolicy/fomchistorical2017.htm,https://www.federalreserve.gov/monetarypolicy/files/fomcminutes20171101.pdf,PDF,"col-xs-12 col-md-6""> Beige Book: PDF | HTML Tealbook A (2.48 MB PDF) Tealbook B (1.49 MB PDF) Agenda (685 KB PDF) Statement 2017 Memos Minutes (Released November 22, 2017): HTML | PDF Transcript (577 KB PDF) <a href=""/monetarypolicy/files/FOMC20171101material"
https://www.federalreserve.gov/monetarypolicy/fomchistorical2017.htm,https://www.federalreserve.gov/monetarypolicy/files/FOMC20171101meeting.pdf,Transcript (577 KB PDF),"Tealbook A (2.48 MB PDF) Tealbook B (1.49 MB PDF) Agenda (685 KB PDF) Statement 2017 Memos Minutes (Released November 22, 2017): HTML | PDF Transcript (577 KB PDF) Presentation materials (1.2 MB PDF) <div class=""panel"
https://www.federalreserve.gov/monetarypolicy/fomchistorical2017.htm,https://www.federalreserve.gov/monetarypolicy/files/FOMC20171101material.pdf,Presentation materials (1.2 MB PDF),"F) Tealbook B (1.49 MB PDF) Agenda (685 KB PDF) Statement 2017 Memos Minutes (Released November 22, 2017): HTML | PDF Transcript (577 KB PDF) Presentation materials (1.2 MB PDF) December 12-13 Meeting - 2017"
https://www.federalreserve.gov/monetarypolicy/fomchistorical2017.htm,https://www.federalreserve.gov/monetarypolicy/files/BeigeBook_20171129.pdf,PDF,"017-fomc-memos.htm"">2017 Memos Minutes (Released November 22, 2017): HTML | PDF Transcript (577 KB PDF) Presentation materials (1.2 MB PDF) December 12-13 Meeting - 2017 Beige Book: PDF | HTML Tealbook A (2.7 MB PDF) Tealbook B (1.24 MB PDF)"
https://www.federalreserve.gov/monetarypolicy/fomchistorical2017.htm,https://www.federalreserve.gov/monetarypolicy/beigebook201711.htm,HTML,"Minutes (Released November 22, 2017): HTML | PDF Transcript (577 KB PDF) Presentation materials (1.2 MB PDF) December 12-13 Meeting - 2017 Beige Book: PDF | HTML Tealbook A (2.7 MB PDF) Tealbook B (1.24 MB PDF) <a href="
https://www.federalreserve.gov/monetarypolicy/fomchistorical2017.htm,https://www.federalreserve.gov/monetarypolicy/files/FOMC20171213tealbooka20171201.pdf,Tealbook A (2.7 MB PDF),", 2017): HTML | PDF Transcript (577 KB PDF) Presentation materials (1.2 MB PDF) December 12-13 Meeting - 2017 Beige Book: PDF | HTML Tealbook A (2.7 MB PDF) Tealbook B (1.24 MB PDF) Agenda (686 KB PDF) <a href=""/newsevents/pr"
https://www.federalreserve.gov/monetarypolicy/fomchistorical2017.htm,https://www.federalreserve.gov/monetarypolicy/files/FOMC20171213tealbookb20171207.pdf,Tealbook B (1.24 MB PDF),"y/files/fomcminutes20171101.pdf"">PDF Transcript (577 KB PDF) Presentation materials (1.2 MB PDF) December 12-13 Meeting - 2017 Beige Book: PDF | HTML Tealbook A (2.7 MB PDF) Tealbook B (1.24 MB PDF) Agenda (686 KB PDF) Statement <a h"
https://www.federalreserve.gov/monetarypolicy/fomchistorical2017.htm,https://www.federalreserve.gov/monetarypolicy/files/FOMC20171213Agenda.pdf,Agenda (686 KB PDF),"Transcript (577 KB PDF) Presentation materials (1.2 MB PDF) December 12-13 Meeting - 2017 Beige Book: PDF | HTML Tealbook A (2.7 MB PDF) Tealbook B (1.24 MB PDF) Agenda (686 KB PDF) Statement Press Conference <div class=""col-"
https://www.federalreserve.gov/monetarypolicy/fomchistorical2017.htm,https://www.federalreserve.gov/newsevents/pressreleases/monetary20171213a.htm,Statement,KB PDF) Presentation materials (1.2 MB PDF) December 12-13 Meeting - 2017 Beige Book: PDF | HTML Tealbook A (2.7 MB PDF) Tealbook B (1.24 MB PDF) Agenda (686 KB PDF) Statement Press Conference 2017 Memos <e
https://www.federalreserve.gov/monetarypolicy/fomchistorical2017.htm,https://www.federalreserve.gov/monetarypolicy/fomcpresconf20171213.htm,Press Conference,"December 12-13 Meeting - 2017 Beige Book: PDF | HTML Tealbook A (2.7 MB PDF) Tealbook B (1.24 MB PDF) Agenda (686 KB PDF) Statement Press Conference 2017 Memos Minutes (Released January 03, 2018):"
https://www.federalreserve.gov/monetarypolicy/fomchistorical2017.htm,https://www.federalreserve.gov/monetarypolicy/2017-fomc-memos.htm,2017 Memos,"panel-default panel-padded""> December 12-13 Meeting - 2017 Beige Book: PDF | HTML Tealbook A (2.7 MB PDF) Tealbook B (1.24 MB PDF) Agenda (686 KB PDF) Statement Press Conference 2017 Memos Minutes (Released January 03, 2018): HTML | PDF"
https://www.federalreserve.gov/monetarypolicy/fomchistorical2017.htm,https://www.federalreserve.gov/monetarypolicy/fomcminutes20171213.htm,HTML,"d-6""> Beige Book: PDF | HTML Tealbook A (2.7 MB PDF) Tealbook B (1.24 MB PDF) Agenda (686 KB PDF) Statement Press Conference 2017 Memos Minutes (Released January 03, 2018): HTML | PDF SEP: Individual Projections (1.49 MB PDF)"
https://www.federalreserve.gov/monetarypolicy/fomchistorical2017.htm,https://www.federalreserve.gov/monetarypolicy/files/fomcminutes20171213.pdf,PDF,"PDF | HTML Tealbook A (2.7 MB PDF) Tealbook B (1.24 MB PDF) Agenda (686 KB PDF) Statement Press Conference 2017 Memos Minutes (Released January 03, 2018): HTML | PDF SEP: Individual Projections (1.49 MB PDF) <"
https://www.federalreserve.gov/monetarypolicy/fomchistorical2017.htm,https://www.federalreserve.gov/monetarypolicy/files/FOMC20171213SEPcompilation.pdf,SEP: Individual Projections (1.49 MB PDF),"FOMC20171213tealbooka20171201.pdf"">Tealbook A (2.7 MB PDF) Tealbook B (1.24 MB PDF) Agenda (686 KB PDF) Statement Press Conference 2017 Memos Minutes (Released January 03, 2018): HTML | PDF SEP: Individual Projections (1.49 MB PDF) SEP Participant Key Transcript (579 KB PDF)"
https://www.federalreserve.gov/monetarypolicy/fomchistorical2017.htm,https://www.federalreserve.gov/monetarypolicy/files/FOMC20171213SEPkey.pdf,SEP Participant Key,"p> Agenda (686 KB PDF) Statement Press Conference 2017 Memos Minutes (Released January 03, 2018): HTML | PDF SEP: Individual Projections (1.49 MB PDF) SEP Participant Key Transcript (579 KB PDF) Presentation materials (863 KB PDF)"
https://www.federalreserve.gov/monetarypolicy/fomchistorical2017.htm,https://www.federalreserve.gov/monetarypolicy/files/FOMC20171213meeting.pdf,Transcript (579 KB PDF),"Statement Press Conference 2017 Memos Minutes (Released January 03, 2018): HTML | PDF SEP: Individual Projections (1.49 MB PDF) SEP Participant Key Transcript (579 KB PDF) Presentation materials (863 KB PDF)"
https://www.federalreserve.gov/monetarypolicy/fomchistorical2017.htm,https://www.federalreserve.gov/monetarypolicy/files/FOMC20171213material.pdf,Presentation materials (863 KB PDF),"Press Conference 2017 Memos Minutes (Released January 03, 2018): HTML | PDF SEP: Individual Projections (1.49 MB PDF) SEP Participant Key Transcript (579 KB PDF) Presentation materials (863 KB PDF) <a id=""back-top"" class=""icon__backTop icon-backtop"" hre"
