url,document_date,title,classification,exclusion_reason,canonical_event_id,date_semantics,meeting_source_url,official_link_context,source_snapshot_path,content_sha256,prior_expected,prior_timestamp_retained
https://www.federalreserve.gov/newsevents/pressreleases/monetary20180131a.htm,2018-01-31,Federal Reserve issues FOMC statement,canonical_statement_retained,Official FOMC decision statement title/content and official meeting statement link,FOMC_2018-01-31_scheduled,official page date,https://www.federalreserve.gov/monetarypolicy/fomchistorical2018.htm,"8 January 30-31 Meeting - 2018 Beige Book: PDF | HTML Tealbook A (2.05 MB PDF) Tealbook B (1.23 MB PDF) Agenda (719 KB PDF) Statement Statement on Longer-Run Goals and Monetary Policy Strategy <div class=""col-",sources/8c0902aad12f31bdf668.html,60bacc890a069c1a78758f2d8724048e2371347430f38077080b0006c8ce541f,True,False
https://www.federalreserve.gov/newsevents/pressreleases/monetary20180131b.htm,2018-01-31,"Federal Open Market Committee reaffirms its ""Statement on Longer-Run Goals and Monetary Policy Strategy""",strategy_document_excluded,Longer-run goals / policy strategy reaffirmation or update; not the contemporaneous decision statement,FOMC_2018-01-31_scheduled,official page date,https://www.federalreserve.gov/monetarypolicy/fomchistorical2018.htm,January 30-31 Meeting - 2018 Beige Book: PDF | HTML Tealbook A (2.05 MB PDF) Tealbook B (1.23 MB PDF) Agenda (719 KB PDF) Statement Statement on Longer-Run Goals and Monetary Policy Strategy 2018 Memos,sources/6ceba599e5a9c18fb90d.html,968a96fea59159924eef1c3cf9752b66bb01d876e5a83f3655a8d55499234c39,True,True
https://www.federalreserve.gov/newsevents/pressreleases/monetary20180321a.htm,2018-03-21,Federal Reserve issues FOMC statement,canonical_statement_retained,Official FOMC decision statement title/content and official meeting statement link,FOMC_2018-03-21_scheduled,official page date,https://www.federalreserve.gov/monetarypolicy/fomchistorical2018.htm,"esentation materials (1.25 MB PDF) March 20-21 Meeting - 2018 Beige Book: PDF | HTML Tealbook A (2.76 MB PDF) Tealbook B (1.22 MB PDF) Agenda (693 KB PDF) Statement Press Conference <a href=""",sources/c8aad0927362d3f1bcf0.html,9286b936222198a665a2c8ce1a8f38566748ed5dc629a4b8de2367ef8e7b0bd3,True,True
https://www.federalreserve.gov/newsevents/pressreleases/monetary20180502a.htm,2018-05-02,Federal Reserve issues FOMC statement,canonical_statement_retained,Official FOMC decision statement title/content and official meeting statement link,FOMC_2018-05-02_scheduled,official page date,https://www.federalreserve.gov/monetarypolicy/fomchistorical2018.htm,"f"">Presentation materials (984 KB PDF) May 1-2 Meeting - 2018 Beige Book: PDF | HTML Tealbook A (2.37 MB PDF) Tealbook B (1.22 MB PDF) Agenda (785 KB PDF) Statement 2018 Memos",sources/8191ab09b22bde54d6ea.html,b2259af1fedaf0f0f92c12bab4f2836835ee0644c71adb2d1ef5d01ad550c042,True,True
https://www.federalreserve.gov/newsevents/pressreleases/monetary20180613a.htm,2018-06-13,Federal Reserve issues FOMC statement,canonical_statement_retained,Official FOMC decision statement title/content and official meeting statement link,FOMC_2018-06-13_scheduled,official page date,https://www.federalreserve.gov/monetarypolicy/fomchistorical2018.htm,"resentation materials (1.47 MB PDF) June 12-13 Meeting - 2018 Beige Book: PDF | HTML Tealbook A (2.61 MB PDF) Tealbook B (1.17 MB PDF) Agenda (753 KB PDF) Statement Press Conference <a href=""",sources/419c4e77e1eb6af45997.html,361fc65f16b7bedff964b5ec9d51c94a9cff1f69bbd500c627a17f5ab20189ab,True,True
https://www.federalreserve.gov/newsevents/pressreleases/monetary20180801a.htm,2018-08-01,Federal Reserve issues FOMC statement,canonical_statement_retained,Official FOMC decision statement title/content and official meeting statement link,FOMC_2018-08-01_scheduled,official page date,https://www.federalreserve.gov/monetarypolicy/fomchistorical2018.htm,sentation materials (2.89 MB PDF) Jul/Aug 31-1 Meeting - 2018 Beige Book: PDF | HTML Tealbook A (2.68 MB PDF) Tealbook B (1.22 MB PDF) Agenda (755 KB PDF) Statement 2018 Memos,sources/4aa99fbb377566e7d57b.html,07d3a8fe36bad7dc8663a12e4bf6b305da085e08a1123bd37deac48f9f798858,True,True
https://www.federalreserve.gov/newsevents/pressreleases/monetary20180926a.htm,2018-09-26,Federal Reserve issues FOMC statement,canonical_statement_retained,Official FOMC decision statement title/content and official meeting statement link,FOMC_2018-09-26_scheduled,official page date,https://www.federalreserve.gov/monetarypolicy/fomchistorical2018.htm,"tation materials (1.63 MB PDF) September 25-26 Meeting - 2018 Beige Book: PDF | HTML Tealbook A (3.41 MB PDF) Tealbook B (1.05 MB PDF) Agenda (693 KB PDF) Statement Press Conference <a href=""",sources/31156fd746abf17767ff.html,d9f56e8343361ee150ce28cd1de59b7e910a4dbff63c5524605e42ffe64236c2,True,True
https://www.federalreserve.gov/newsevents/pressreleases/monetary20181108a.htm,2018-11-08,Federal Reserve issues FOMC statement,canonical_statement_retained,Official FOMC decision statement title/content and official meeting statement link,FOMC_2018-11-08_scheduled,official page date,https://www.federalreserve.gov/monetarypolicy/fomchistorical2018.htm,sentation materials (1.25 MB PDF) November 7-8 Meeting - 2018 Beige Book: PDF | HTML Tealbook A (4.42 MB PDF) Tealbook B (0.99 MB PDF) Agenda (698 KB PDF) Statement 2018 Memos,sources/39d935272905333ef105.html,031883187bebd4d0428c6fe76c72f1183a497ac601fb07896faee8fb313b7325,True,True
https://www.federalreserve.gov/newsevents/pressreleases/monetary20181219a.htm,2018-12-19,Federal Reserve issues FOMC statement,canonical_statement_retained,Official FOMC decision statement title/content and official meeting statement link,FOMC_2018-12-19_scheduled,official page date,https://www.federalreserve.gov/monetarypolicy/fomchistorical2018.htm,"errors were introduced on pages 25, 76, 101, 119, and 120. Those pages have been restored and the document was reposted on February 16, 2024. December 18-19 Meeting - 2018 Beige Book: PDF | HTML Tealbook A (4.85 MB PDF) Tealbook B (1.49 MB PDF) Agenda (694 KB PDF) Statement Press Conference <a href=""",sources/86edadb0f3d774818434.html,b8ecfd719524f46b994847a3d13d48701fe58874f4f0f1e940abdbdfb15881ea,True,True
https://www.federalreserve.gov/newsevents/pressreleases/monetary20190130a.htm,2019-01-30,Federal Reserve issues FOMC statement,canonical_statement_retained,Official FOMC decision statement title/content and official meeting statement link,FOMC_2019-01-30_scheduled,official page date,https://www.federalreserve.gov/monetarypolicy/fomchistorical2019.htm,9 January 29-30 Meeting - 2019 Beige Book: PDF | HTML Tealbook A (6.33 MB PDF) Tealbook B (3.17 MB PDF) Agenda (807 KB PDF) Statement Statement on Longer-Run Goals and Monetary Policy Strategy Statement Regard,sources/d17de6ff6f9dbb185cb3.html,6c114e865d021a28237131596bf26006a72c551d72a1b88e82cea8943fbdefad,True,False
https://www.federalreserve.gov/newsevents/pressreleases/monetary20190130b.htm,2019-01-30,"Federal Open Market Committee reaffirms its ""Statement on Longer-Run Goals and Monetary Policy Strategy""",strategy_document_excluded,Longer-run goals / policy strategy reaffirmation or update; not the contemporaneous decision statement,FOMC_2019-01-30_scheduled,official page date,https://www.federalreserve.gov/monetarypolicy/fomchistorical2019.htm,"January 29-30 Meeting - 2019 Beige Book: PDF | HTML Tealbook A (6.33 MB PDF) Tealbook B (3.17 MB PDF) Agenda (807 KB PDF) Statement Statement on Longer-Run Goals and Monetary Policy Strategy Statement Regarding Monetary Policy Implementation and Balance Sheet Normalization <a href=""/monetarypolicy/fomcpresconf20190130.htm""",sources/a4912a172de6570c60e6.html,aee90f8ab5a8f49530532ea127f9a1e6297617e18ea46e38db56270a5baf0714,True,False
https://www.federalreserve.gov/newsevents/pressreleases/monetary20190130c.htm,2019-01-30,Statement Regarding Monetary Policy Implementation and Balance Sheet Normalization,balance_sheet_companion_excluded,"Separate balance-sheet principles/normalization/plans companion, not the actual FOMC statement",FOMC_2019-01-30_scheduled,official page date,https://www.federalreserve.gov/monetarypolicy/fomchistorical2019.htm,January 29-30 Meeting - 2019 Beige Book: PDF | HTML Tealbook A (6.33 MB PDF) Tealbook B (3.17 MB PDF) Agenda (807 KB PDF) Statement Statement on Longer-Run Goals and Monetary Policy Strategy Statement Regarding Monetary Policy Implementation and Balance Sheet Normalization Press Conference 2019,sources/f1bfc63e07715108c786.html,86439c9eea5a1d2df645b90f0651acbf73ad7b759f18dc82c93df13d9a709a42,True,True
https://www.federalreserve.gov/newsevents/pressreleases/monetary20190320a.htm,2019-03-20,Federal Reserve issues FOMC statement,canonical_statement_retained,Official FOMC decision statement title/content and official meeting statement link,FOMC_2019-03-20_scheduled,official page date,https://www.federalreserve.gov/monetarypolicy/fomchistorical2019.htm,r> Accessible version (ZIP) March 19-20 Meeting - 2019 Beige Book: PDF | HTML Tealbook A (6.1 MB PDF) Tealbook B (3.12 MB PDF) Agenda (711 KB PDF) Statement Balance Sheet Normalization Principles and Plans Press Confer,sources/3924ec31b0edff456b35.html,1d591714490586ac713d075e74cb740d22cdeea8c0eb0ee445d75cf118d3292b,True,False
https://www.federalreserve.gov/newsevents/pressreleases/monetary20190320c.htm,2019-03-20,Balance Sheet Normalization Principles and Plans,balance_sheet_companion_excluded,"Separate balance-sheet principles/normalization/plans companion, not the actual FOMC statement",FOMC_2019-03-20_scheduled,official page date,https://www.federalreserve.gov/monetarypolicy/fomchistorical2019.htm,March 19-20 Meeting - 2019 Beige Book: PDF | HTML Tealbook A (6.1 MB PDF) Tealbook B (3.12 MB PDF) Agenda (711 KB PDF) Statement Balance Sheet Normalization Principles and Plans Press Conference 2019,sources/7d9f9797e2aa8ba3d384.html,cb691f84f7e116e7d5bd73f133a2bd76352fb030b56c9c856edffd2c94c0c252,True,True
https://www.federalreserve.gov/newsevents/pressreleases/monetary20190501a.htm,2019-05-01,Federal Reserve issues FOMC statement,canonical_statement_retained,Official FOMC decision statement title/content and official meeting statement link,FOMC_2019-05-01_scheduled,official page date,https://www.federalreserve.gov/monetarypolicy/fomchistorical2019.htm,"r> Accessible version (ZIP) April/May 30-1 Meeting - 2019 Beige Book: PDF | HTML Tealbook A (6.81 MB PDF) Tealbook B (3.88 MB PDF) Agenda (706 KB PDF) Statement Press Conference <a href=""",sources/8a06bab06715add52d84.html,c4ae81fae646296f5be89a88237f9fec517b8374578783316c9fded2dc5b12d1,True,True
https://www.federalreserve.gov/newsevents/pressreleases/monetary20190619a.htm,2019-06-19,Federal Reserve issues FOMC statement,canonical_statement_retained,Official FOMC decision statement title/content and official meeting statement link,FOMC_2019-06-19_scheduled,official page date,https://www.federalreserve.gov/monetarypolicy/fomchistorical2019.htm,"br> Accessible version (ZIP) June 18-19 Meeting - 2019 Beige Book: PDF | HTML Tealbook A (7.45 MB PDF) Tealbook B (3.4 MB PDF) Agenda (704 KB PDF) Statement Press Conference <a href=""",sources/a5f98ed2ad3200ba0d60.html,46ce5fa0423b24611551d4ae0aaa644da201ffe6856e72b6c2a179dd49e05685,True,True
https://www.federalreserve.gov/newsevents/pressreleases/monetary20190731a.htm,2019-07-31,Federal Reserve issues FOMC statement,canonical_statement_retained,Official FOMC decision statement title/content and official meeting statement link,FOMC_2019-07-31_scheduled,official page date,https://www.federalreserve.gov/monetarypolicy/fomchistorical2019.htm,"r> Accessible version (ZIP) July 30-31 Meeting - 2019 Beige Book: PDF | HTML Tealbook A (6.31 MB PDF) Tealbook B (4.25 MB PDF) Agenda (704 KB PDF) Statement Press Conference <a href=""",sources/bc10e785207d6f209be7.html,283e8df368d267231b1ddf2e8b7baae27aa377f0563ca82009baf20a604ac34a,True,True
https://www.federalreserve.gov/newsevents/pressreleases/monetary20190918a.htm,2019-09-18,Federal Reserve issues FOMC statement,canonical_statement_retained,Official FOMC decision statement title/content and official meeting statement link,FOMC_2019-09-18_scheduled,official page date,https://www.federalreserve.gov/monetarypolicy/fomchistorical2019.htm,"> Accessible version (ZIP) September 17-18 Meeting - 2019 Beige Book: PDF | HTML Tealbook A (7.24 MB PDF) Tealbook B (3.95 MB PDF) Agenda (704 KB PDF) Statement Press Conference <a href=""",sources/c1e9577c9da4fc84a2dd.html,e174af701dd311aa301eb720fa63bfe7324cfe96dcb90bb32f5975ab19a42ec2,True,True
https://www.federalreserve.gov/newsevents/pressreleases/monetary20191011a.htm,2019-10-11,Statement Regarding Monetary Policy Implementation,other_non_statement_monetary_release_excluded,"Content explicitly calls these purely technical measures, not a change in monetary-policy stance; operational implementation excluded under frozen definition",,official page date,https://www.federalreserve.gov/monetarypolicy/fomchistorical2019.htm,"SEP: Individual Projections (2 MB PDF) SEP Participant Key Transcript (1.87 MB PDF) Presentation materials (6.84 MB PDF) Accessible version (ZIP) October 4 (unscheduled) - 2019 2019 Memos Statement (Released October 11, 2019) Minutes: See end of minutes of October 29-30 meeting Transcript (1.83 MB PDF)",sources/82c09112d7c80b044d10.html,26f566d0f09fb6f2b5e35c850fbfcbb94cc23db7b585152c1e446aab4a13b5e6,True,True
https://www.federalreserve.gov/newsevents/pressreleases/monetary20191030a.htm,2019-10-30,Federal Reserve issues FOMC statement,canonical_statement_retained,Official FOMC decision statement title/content and official meeting statement link,FOMC_2019-10-30_scheduled,official page date,https://www.federalreserve.gov/monetarypolicy/fomchistorical2019.htm,"Accessible version (ZIP) October 29-30 Meeting - 2019 Beige Book: PDF | HTML Tealbook A (6.82 MB PDF) Tealbook B (3.3 MB PDF) Agenda (707 KB PDF) Statement Press Conference <a href=""",sources/c49b3cd21edc6223bfad.html,de9799f5f9c0723ea5fdf8f00f378b469f44dd08881bca0ddc35bf7957a2b0c2,True,True
https://www.federalreserve.gov/newsevents/pressreleases/monetary20191211a.htm,2019-12-11,Federal Reserve issues FOMC statement,canonical_statement_retained,Official FOMC decision statement title/content and official meeting statement link,FOMC_2019-12-11_scheduled,official page date,https://www.federalreserve.gov/monetarypolicy/fomchistorical2019.htm,"r> Accessible version (ZIP) December 10-11 Meeting - 2019 Beige Book: PDF | HTML Tealbook A (7.48 MB PDF) Tealbook B (3.13 MB PDF) Agenda (803 KB PDF) Statement Press Conference <a href=""",sources/bbd262e2cd6c3385f7ed.html,1a8991a2403b4a72646cb77d6f21cb4976de60951fb77b741ae2eb9848c83586,True,True
https://www.federalreserve.gov/newsevents/pressreleases/monetary20200129a.htm,2020-01-29,Federal Reserve issues FOMC statement,canonical_statement_retained,Official FOMC decision statement title/content and official meeting statement link,FOMC_2020-01-29_scheduled,official page date,https://www.federalreserve.gov/monetarypolicy/fomchistorical2020.htm,"0 January 28-29 Meeting - 2020 Beige Book: PDF | HTML Tealbook A (5.81 MB PDF) Tealbook B (2.88 MB PDF) Agenda (810 KB PDF) Statement Press Conference <a href=""",sources/dffd8da369078b663848.html,17a6edbac326d2a648dac58a010fd329dbbc1c3d741cde79f778c0d667559aab,True,True
https://www.federalreserve.gov/newsevents/pressreleases/monetary20200303a.htm,2020-03-03,Federal Reserve issues FOMC statement,canonical_statement_retained,Official FOMC decision statement title/content and official meeting statement link,FOMC_2020-03-03_unscheduled,official page date,https://www.federalreserve.gov/monetarypolicy/fomchistorical2020.htm,"m> Minutes (Released February 19, 2020): HTML | PDF Transcript (1.84 MB PDF) Presentation materials (2.96 MB PDF) March 2 (unscheduled) Meeting - 2020 Statement (Released March 3, 2020) Minutes: See end of minutes of March 15 meeting Transcript (989 KB PDF) <a href=""/mo",sources/bde509102106df6222a0.html,ceead352a9575caa8ffa11eb06b262778b48476d3a6771db5d796efde8112ab8,True,True
https://www.federalreserve.gov/newsevents/pressreleases/monetary20200315a.htm,2020-03-15,Federal Reserve issues FOMC statement,canonical_statement_retained,Official FOMC decision statement title/content and official meeting statement link,FOMC_2020-03-15_unscheduled,official page date,https://www.federalreserve.gov/monetarypolicy/fomchistorical2020.htm,"monetarypolicy/fomcpresconf20200303.htm"">Press Conference March 15 (unscheduled) Meeting - 2020 Beige Book: PDF | HTML Tealbook A (5.69 MB PDF) Tealbook B (2.89 MB PDF) Agenda (795 KB PDF) Statement Press Conference",sources/bb0f33c95d462de12640.html,78256368633de7970f872016a65fd4a94b21f4905ff2aeea64e3e36182df2f2a,True,True
https://www.federalreserve.gov/newsevents/pressreleases/monetary20200319b.htm,2020-03-19,Federal Reserve announces the establishment of temporary U.S. dollar liquidity arrangements with other central banks,other_non_statement_monetary_release_excluded,"Official historical record links as Press Release, not Statement; liquidity/facility operational announcement excluded, while March 23 actual FOMC statement is retained",,official page date,https://www.federalreserve.gov/monetarypolicy/fomchistorical2020.htm,2020 March 19 (notation vote) - 2020 Press Release March 23 (notation vote) - 2020,sources/9d8345573440b225cb45.html,f9709da27c93de9dd64386752743c9fdfb6e92b1fd49980b803a666b44faaeb6,True,True
https://www.federalreserve.gov/newsevents/pressreleases/monetary20200323a.htm,2020-03-23,Federal Reserve issues FOMC statement,canonical_statement_retained,Official FOMC decision statement title/content and official meeting statement link,FOMC_2020-03-23_unscheduled,official page date,https://www.federalreserve.gov/monetarypolicy/fomchistorical2020.htm,"March 19 (notation vote) - 2020 Press Release March 23 (notation vote) - 2020 Statement (Released March 23, 2020) <h5 c",sources/2d11bbd51c8405a63eae.html,1903f145d87fbfb74b1ba3725514403fc3c16391acfab1e881150279bb758c9f,True,True
https://www.federalreserve.gov/newsevents/pressreleases/monetary20200331a.htm,2020-03-31,Federal Reserve announces establishment of a temporary FIMA Repo Facility to help support the smooth functioning of financial markets,other_non_statement_monetary_release_excluded,"Official historical record links as Press Release, not Statement; liquidity/facility operational announcement excluded, while March 23 actual FOMC statement is retained",,official page date,https://www.federalreserve.gov/monetarypolicy/fomchistorical2020.htm,"Press Release March 23 (notation vote) - 2020 Statement (Released March 23, 2020) March 31 (notation vote) - 2020 Press Release April 28-29 Meeting - 2020 <",sources/d868bc14c5e76722047d.html,852c90682b8ac8e7f530d38574ff3b8816c0b35583c77be7961924af04a1fdb7,True,True
https://www.federalreserve.gov/newsevents/pressreleases/monetary20200429a.htm,2020-04-29,Federal Reserve issues FOMC statement,canonical_statement_retained,Official FOMC decision statement title/content and official meeting statement link,FOMC_2020-04-29_scheduled,official page date,https://www.federalreserve.gov/monetarypolicy/fomchistorical2020.htm,"Press Release April 28-29 Meeting - 2020 Beige Book: PDF | HTML Tealbook A (6.82 MB PDF) Tealbook B (2.5 MB PDF) Agenda (769 KB PDF) Statement Press Conference <a href=""",sources/2f56953dbc665a0bd8de.html,64dda416c94d9634f4bf09f552cc3f915f2035561e8121160830447f02bb6da6,True,True
https://www.federalreserve.gov/newsevents/pressreleases/monetary20200610a.htm,2020-06-10,Federal Reserve issues FOMC statement,canonical_statement_retained,Official FOMC decision statement title/content and official meeting statement link,FOMC_2020-06-10_scheduled,official page date,https://www.federalreserve.gov/monetarypolicy/fomchistorical2020.htm,"Presentation materials (5.22 MB PDF) June 9-10 Meeting - 2020 Beige Book: PDF | HTML Tealbook A (7.69 MB PDF) Tealbook B (2.62 MB PDF) Agenda (769 KB PDF) Statement Press Conference <a href=""",sources/53ac36831a96c5104331.html,2a4dd9798e7d094da0ab9d63ec8b0f6c57d0a771752ba5e3d92fb0fbbc68e5aa,True,True
https://www.federalreserve.gov/newsevents/pressreleases/monetary20200729a.htm,2020-07-29,Federal Reserve issues FOMC statement,canonical_statement_retained,Official FOMC decision statement title/content and official meeting statement link,FOMC_2020-07-29_scheduled,official page date,https://www.federalreserve.gov/monetarypolicy/fomchistorical2020.htm,"resentation materials (5.13 MB PDF) July 28-29 Meeting - 2020 Beige Book: PDF | HTML Tealbook A (7.69 MB PDF) Tealbook B (2.46 MB PDF) Agenda (796 KB PDF) Statement Press Conference <a href=""",sources/49e6e5d88054c76dd089.html,b27125e82fec1030c298a7cc4ab56c034a36f8a6c8c954461f3c42cab9761860,True,True
https://www.federalreserve.gov/newsevents/pressreleases/monetary20200827a.htm,2020-08-27,Federal Open Market Committee announces approval of updates to its Statement on Longer-Run Goals and Monetary Policy Strategy,strategy_document_excluded,Longer-run goals / policy strategy reaffirmation or update; not the contemporaneous decision statement,,official page date,https://www.federalreserve.gov/monetarypolicy/fomchistorical2020.htm,"Minutes (Released August 19, 2020): HTML | PDF Transcript (2.07 MB PDF) Presentation materials (5.29 MB PDF) August 27 (notation vote) - 2020 Statement on Longer-Run Goals and Monetary Policy Strategy September 15-16 Meeting - 2020",sources/d128e13eebea7f93331b.html,ad5bb4f283c90a5f8927abcb10ae6cc37ac7b6198345fd17f3158da0ea18bd21,True,True
https://www.federalreserve.gov/newsevents/pressreleases/monetary20200916a.htm,2020-09-16,Federal Reserve issues FOMC statement,canonical_statement_retained,Official FOMC decision statement title/content and official meeting statement link,FOMC_2020-09-16_scheduled,official page date,https://www.federalreserve.gov/monetarypolicy/fomchistorical2020.htm,"sreleases/monetary20200827a.htm"">Statement on Longer-Run Goals and Monetary Policy Strategy September 15-16 Meeting - 2020 Beige Book: PDF | HTML Tealbook A (8.3 MB PDF) Tealbook B (2.94 MB PDF) Agenda (795 KB PDF) Statement Press Conference <a href=""",sources/c303285a2a78a0e0457c.html,b623feceda988c3c163fddb0313000d8493cb0944e62a3eab4a4c0a5fd685edb,True,True
https://www.federalreserve.gov/newsevents/pressreleases/monetary20201105a.htm,2020-11-05,Federal Reserve issues FOMC statement,canonical_statement_retained,Official FOMC decision statement title/content and official meeting statement link,FOMC_2020-11-05_scheduled,official page date,https://www.federalreserve.gov/monetarypolicy/fomchistorical2020.htm,"Presentation materials (4 MB PDF) November 4-5 Meeting - 2020 Beige Book: PDF | HTML Tealbook A (6.83 MB PDF) Tealbook B (2.74 MB PDF) Agenda (791 KB PDF) Statement Press Conference <a href=""",sources/7586627b894ee503ebf6.html,26494fdc9ef97c880cc46ef9b31a4836eec9b645541b8395e85bbe42a7153ed6,True,True
https://www.federalreserve.gov/newsevents/pressreleases/monetary20201216a.htm,2020-12-16,Federal Reserve issues FOMC statement,canonical_statement_retained,Official FOMC decision statement title/content and official meeting statement link,FOMC_2020-12-16_scheduled,official page date,https://www.federalreserve.gov/monetarypolicy/fomchistorical2020.htm,"entation materials (7.24 MB PDF) December 15-16 Meeting - 2020 Beige Book: PDF | HTML Tealbook A (6.9 MB PDF) Tealbook B (2.82 MB PDF) Agenda (798 KB PDF) Statement Press Conference <a href=""",sources/bec1a0dc277a467c417f.html,f8d89b22b617ec9a56d21b29f4aad93ea0bd5148d5802515e694fd95d98b8761,True,True
https://www.federalreserve.gov/newsevents/pressreleases/monetary20210127a.htm,2021-01-27,Federal Reserve issues FOMC statement,canonical_statement_retained,Official FOMC decision statement title/content and official meeting statement link,FOMC_2021-01-27_scheduled,official page date,https://www.federalreserve.gov/monetarypolicy/fomccalendars.htm,"PDF | HTML (Released January 04, 2023) * Meeting associated with a Summary of Economic Projections. 2021 FOMC Meetings January 26-27 Statement: PDF | HTML Implementation Note <a href=""/monetarypolicy",sources/5b4f711c5d85b296d887.html,885cfb8075cc6dce00c0ff127c5668db8cbd8549a7b31f4223b4d1822e12de6d,True,False
https://www.federalreserve.gov/newsevents/pressreleases/monetary20210127a1.htm,2021-01-27,"Federal Reserve Board - Implementation Note issued January 27, 2021",implementation_note_excluded,"Official page identifies Implementation Note; operational details associated with the statement, not a separate decision event",FOMC_2021-01-27_scheduled,official page date,https://www.federalreserve.gov/monetarypolicy/fomccalendars.htm,"=""/monetarypolicy/fomcminutes20221214.htm"">HTML (Released January 04, 2023) * Meeting associated with a Summary of Economic Projections. 2021 FOMC Meetings January 26-27 Statement: PDF | HTML Implementation Note Press Conference <a href=""/newsevents/pressrele",sources/58732d1e9511c2252eaa.html,c6fc5cbd9d84a3895ea13aa461f34f870558dcf8767faefbc9a72f8661611dd8,True,False
https://www.federalreserve.gov/newsevents/pressreleases/monetary20210127b.htm,2021-01-27,"Federal Open Market Committee reaffirms its ""Statement on Longer-Run Goals and Monetary Policy Strategy""",strategy_document_excluded,Longer-run goals / policy strategy reaffirmation or update; not the contemporaneous decision statement,FOMC_2021-01-27_scheduled,official page date,https://www.federalreserve.gov/monetarypolicy/fomccalendars.htm,"s=""panel panel-default""> 2021 FOMC Meetings January 26-27 Statement: PDF | HTML Implementation Note Press Conference Statement on Longer-Run Goals and Monetary Policy Strategy Minutes: <a href=""/monetarypolicy/files/fomcminute",sources/a64e1da667dc3bca677c.html,79d2443bbe41a16f340f94264061256257c39288e441570b882df7905d53ffdc,True,True
https://www.federalreserve.gov/newsevents/pressreleases/monetary20210317a.htm,2021-03-17,Federal Reserve issues FOMC statement,canonical_statement_retained,Official FOMC decision statement title/content and official meeting statement link,FOMC_2021-03-17_scheduled,official page date,https://www.federalreserve.gov/monetarypolicy/fomccalendars.htm,"tary Policy Strategy Minutes: PDF | HTML (Released February 17, 2021) March 16-17* Statement: PDF | HTML Implementation Note <a href=""/monetarypolicy",sources/346275944a3ec11df58d.html,1ddc16f3aeb338dbefb396f6dc780a04713829c2d14d5a4e428e3f2217715a45,True,True
https://www.federalreserve.gov/newsevents/pressreleases/monetary20210317a1.htm,2021-03-17,"Federal Reserve Board - Implementation Note issued March 17, 2021",implementation_note_excluded,"Official page identifies Implementation Note; operational details associated with the statement, not a separate decision event",FOMC_2021-03-17_scheduled,official page date,https://www.federalreserve.gov/monetarypolicy/fomccalendars.htm,"eeting__minutes""> Minutes: PDF | HTML (Released February 17, 2021) March 16-17* Statement: PDF | HTML Implementation Note Press Conference Projection Materials",sources/b0c87a924a6cf75e97ec.html,51b48e62b55f0a15801b488371e9eb1fb0b45764f17dc9e6619e66341b7899c9,True,False
https://www.federalreserve.gov/newsevents/pressreleases/monetary20210428a.htm,2021-04-28,Federal Reserve issues FOMC statement,canonical_statement_retained,Official FOMC decision statement title/content and official meeting statement link,FOMC_2021-04-28_scheduled,official page date,https://www.federalreserve.gov/monetarypolicy/fomccalendars.htm,"omcprojtabl20210317.htm"">HTML Minutes: PDF | HTML (Released April 07, 2021) April 27-28 Statement: PDF | HTML Implementation Note <a href=""/monetarypolicy",sources/67ab3614ce93ba454e7c.html,47833ac6b8480eaa319123ffc82291cefbee4c7d658de645f6def4abc5f3a448,True,True
https://www.federalreserve.gov/newsevents/pressreleases/monetary20210428a1.htm,2021-04-28,"Federal Reserve Board - Implementation Note issued April 28, 2021",implementation_note_excluded,"Official page identifies Implementation Note; operational details associated with the statement, not a separate decision event",FOMC_2021-04-28_scheduled,official page date,https://www.federalreserve.gov/monetarypolicy/fomccalendars.htm,"Minutes: PDF | HTML (Released April 07, 2021) April 27-28 Statement: PDF | HTML Implementation Note Press Conference",sources/225149e2d5f13cd91ba1.html,07caeca505dafb64aea5d43463be699faa9cef31a5b2f12d11bf569bc33e1f04,True,False
https://www.federalreserve.gov/newsevents/pressreleases/monetary20210616a.htm,2021-06-16,Federal Reserve issues FOMC statement,canonical_statement_retained,Official FOMC decision statement title/content and official meeting statement link,FOMC_2021-06-16_scheduled,official page date,https://www.federalreserve.gov/monetarypolicy/fomccalendars.htm,"Minutes: PDF | HTML (Released May 19, 2021) June 15-16* Statement: PDF | HTML Implementation Note <a href=""/monetarypolicy",sources/70528e0ced0f9f282796.html,23a333acbedbe43e16abece8ef91510f29b76345d1eb14840012ff00858629db,True,True
https://www.federalreserve.gov/newsevents/pressreleases/monetary20210616a1.htm,2021-06-16,"Federal Reserve Board - Implementation Note issued June 16, 2021",implementation_note_excluded,"Official page identifies Implementation Note; operational details associated with the statement, not a separate decision event",FOMC_2021-06-16_scheduled,official page date,https://www.federalreserve.gov/monetarypolicy/fomccalendars.htm,"fomc-meeting__minutes""> Minutes: PDF | HTML (Released May 19, 2021) June 15-16* Statement: PDF | HTML Implementation Note Press Conference Projection Materials",sources/4e374bfdaa5f8a49ad5c.html,9ee992a6c176cafe363670db05d1c1541aa448a438cd38a483ee46b3d448ee18,True,False
https://www.federalreserve.gov/newsevents/pressreleases/monetary20210728a.htm,2021-07-28,Federal Reserve issues FOMC statement,canonical_statement_retained,Official FOMC decision statement title/content and official meeting statement link,FOMC_2021-07-28_scheduled,official page date,https://www.federalreserve.gov/monetarypolicy/fomccalendars.htm,"/fomcprojtabl20210616.htm"">HTML Minutes: PDF | HTML (Released July 07, 2021) July 27-28 Statement: PDF | HTML Implementation Note <a href=""/monetarypolicy",sources/7efeaa36ea3629ab6dae.html,2d1bae80cd4a7719f5251b48abdea976c25b24bfed4a5f32770bd9f5de9f0e59,True,True
https://www.federalreserve.gov/newsevents/pressreleases/monetary20210728a1.htm,2021-07-28,"Federal Reserve Board - Implementation Note issued July 28, 2021",implementation_note_excluded,"Official page identifies Implementation Note; operational details associated with the statement, not a separate decision event",FOMC_2021-07-28_scheduled,official page date,https://www.federalreserve.gov/monetarypolicy/fomccalendars.htm,"Minutes: PDF | HTML (Released July 07, 2021) July 27-28 Statement: PDF | HTML Implementation Note Press Conference",sources/9ff580d6fe315a0a3e73.html,de2ce1335d370ae28fdb05225854d1c567684449553f564a3ccc717e33c98134,True,False
https://www.federalreserve.gov/newsevents/pressreleases/monetary20210922a.htm,2021-09-22,Federal Reserve issues FOMC statement,canonical_statement_retained,Official FOMC decision statement title/content and official meeting statement link,FOMC_2021-09-22_scheduled,official page date,https://www.federalreserve.gov/monetarypolicy/fomccalendars.htm,"Minutes: PDF | HTML (Released August 18, 2021) September 21-22* Statement: PDF | HTML Implementation Note <a href=""/monetarypolicy",sources/0edec173df52aacbcc3d.html,2d8f9ced76554cd6bfa6d7bfb1e5595c7646014c3194b515931bb4e5575c636c,True,True
https://www.federalreserve.gov/newsevents/pressreleases/monetary20210922a1.htm,2021-09-22,"Federal Reserve Board - Implementation Note issued September 22, 2021",implementation_note_excluded,"Official page identifies Implementation Note; operational details associated with the statement, not a separate decision event",FOMC_2021-09-22_scheduled,official page date,https://www.federalreserve.gov/monetarypolicy/fomccalendars.htm,"ting__minutes""> Minutes: PDF | HTML (Released August 18, 2021) September 21-22* Statement: PDF | HTML Implementation Note Press Conference Projection Materials",sources/593edc8f469e2aae7ba9.html,c01476c9baf4ea164fbf609509b000558bee1b07150fd20e00aebdf8b7c71c9e,True,False
https://www.federalreserve.gov/newsevents/pressreleases/monetary20211103a.htm,2021-11-03,Federal Reserve issues FOMC statement,canonical_statement_retained,Official FOMC decision statement title/content and official meeting statement link,FOMC_2021-11-03_scheduled,official page date,https://www.federalreserve.gov/monetarypolicy/fomccalendars.htm,"projtabl20210922.htm"">HTML Minutes: PDF | HTML (Released October 13, 2021) November 2-3 Statement: PDF | HTML Implementation Note <a href=""/monetarypolicy",sources/a47a559fa3e134b94cfb.html,799e06536f082db19aba9e45e475b9a4f47a88dadbaf5fe0f29a0fa7e5f60023,True,True
https://www.federalreserve.gov/newsevents/pressreleases/monetary20211103a1.htm,2021-11-03,"Federal Reserve Board - Implementation Note issued November 3, 2021",implementation_note_excluded,"Official page identifies Implementation Note; operational details associated with the statement, not a separate decision event",FOMC_2021-11-03_scheduled,official page date,https://www.federalreserve.gov/monetarypolicy/fomccalendars.htm,"v class=""col-xs-12 col-md-4 col-lg-4 fomc-meeting__minutes""> Minutes: PDF | HTML (Released October 13, 2021) November 2-3 Statement: PDF | HTML Implementation Note Press Conference",sources/7743f3a03f37dae34803.html,53599664970896b69362705b2d979c14d767c2d59ad72d38d941b2c81ce07a15,True,False
https://www.federalreserve.gov/newsevents/pressreleases/monetary20211215a.htm,2021-12-15,Federal Reserve issues FOMC statement,canonical_statement_retained,Official FOMC decision statement title/content and official meeting statement link,FOMC_2021-12-15_scheduled,official page date,https://www.federalreserve.gov/monetarypolicy/fomccalendars.htm,"Minutes: PDF | HTML (Released November 24, 2021) December 14-15* Statement: PDF | HTML Implementation Note <a href=""/monetarypolicy",sources/63e932d8441f3ffbe75a.html,3b8530e2f403dc8f03d614fc750bc3564d9377c6314e4485f9c801842e970292,True,True
https://www.federalreserve.gov/newsevents/pressreleases/monetary20211215a1.htm,2021-12-15,"Federal Reserve Board - Implementation Note issued December 15, 2021",implementation_note_excluded,"Official page identifies Implementation Note; operational details associated with the statement, not a separate decision event",FOMC_2021-12-15_scheduled,official page date,https://www.federalreserve.gov/monetarypolicy/fomccalendars.htm,"ing__minutes""> Minutes: PDF | HTML (Released November 24, 2021) December 14-15* Statement: PDF | HTML Implementation Note Press Conference Projection Materials",sources/19970129f141adf5f447.html,eba222a88751d6523694c3317a186dd469025f9a94a7cff104a957d79c033eaa,True,False
https://www.federalreserve.gov/newsevents/pressreleases/monetary20220126a.htm,2022-01-26,Federal Reserve issues FOMC statement,canonical_statement_retained,Official FOMC decision statement title/content and official meeting statement link,FOMC_2022-01-26_scheduled,official page date,https://www.federalreserve.gov/monetarypolicy/fomccalendars.htm,"PDF | HTML (Released January 03, 2024) * Meeting associated with a Summary of Economic Projections. 2022 FOMC Meetings January 25-26 Statement: PDF | HTML Implementation Note <a href=""/monetarypolicy",sources/f3cbfaae56e6397f9423.html,90a6c6c238dd71ef8d49ec375be4812e3164cb9d446ba7840854c99fbde3ca6f,True,False
https://www.federalreserve.gov/newsevents/pressreleases/monetary20220126a1.htm,2022-01-26,"Federal Reserve Board - Implementation Note issued January 26, 2022",implementation_note_excluded,"Official page identifies Implementation Note; operational details associated with the statement, not a separate decision event",FOMC_2022-01-26_scheduled,official page date,https://www.federalreserve.gov/monetarypolicy/fomccalendars.htm,"=""/monetarypolicy/fomcminutes20231213.htm"">HTML (Released January 03, 2024) * Meeting associated with a Summary of Economic Projections. 2022 FOMC Meetings January 25-26 Statement: PDF | HTML Implementation Note Press Conference <a href=""/newsevents/pressrele",sources/3f693646cdbdd2769096.html,54b189d54ed4d1c915ce0151104a8debc428e068ccacca5d6d5d3d1bf7a864a9,True,False
https://www.federalreserve.gov/newsevents/pressreleases/monetary20220126b.htm,2022-01-26,"Federal Open Market Committee reaffirms its ""Statement on Longer-Run Goals and Monetary Policy Strategy""",strategy_document_excluded,Longer-run goals / policy strategy reaffirmation or update; not the contemporaneous decision statement,FOMC_2022-01-26_scheduled,official page date,https://www.federalreserve.gov/monetarypolicy/fomccalendars.htm,"s=""panel panel-default""> 2022 FOMC Meetings January 25-26 Statement: PDF | HTML Implementation Note Press Conference Statement on Longer-Run Goals and Monetary Policy Strategy Principles for Reducing the Size of the Federal Reserve's Balance Sheet <div class=""col-xs-12 col-md-4 col-lg-4 fomc-meeting__minut",sources/1b2229c8314e6b7e5145.html,447483338c7b8a4458ac88668746cdafecaf05ea85976ad6711989922e337458,True,False
https://www.federalreserve.gov/newsevents/pressreleases/monetary20220126c.htm,2022-01-26,Principles for Reducing the Size of the Federal Reserve's Balance Sheet,balance_sheet_companion_excluded,"Separate balance-sheet principles/normalization/plans companion, not the actual FOMC statement",FOMC_2022-01-26_scheduled,official page date,https://www.federalreserve.gov/monetarypolicy/fomccalendars.htm,"ing"" ""> January 25-26 Statement: PDF | HTML Implementation Note Press Conference Statement on Longer-Run Goals and Monetary Policy Strategy Principles for Reducing the Size of the Federal Reserve's Balance Sheet Minutes: PD",sources/6f14b3085d92c156ddf0.html,32804fecb56d51b9e5e91683c6acd820294847208ae03b2ee6003c2595a0d4d2,True,True
https://www.federalreserve.gov/newsevents/pressreleases/monetary20220316a.htm,2022-03-16,Federal Reserve issues FOMC statement,canonical_statement_retained,Official FOMC decision statement title/content and official meeting statement link,FOMC_2022-03-16_scheduled,official page date,https://www.federalreserve.gov/monetarypolicy/fomccalendars.htm,"he Federal Reserve's Balance Sheet Minutes: PDF | HTML (Released February 16, 2022) March 15-16* Statement: PDF | HTML Implementation Note <a href=""https://www.fed",sources/ea0bc3b53dcfcd930d31.html,46fe1c0eb5cdfbb1d744ed9f2faf34e4640a1ec4b830dff4e58794bf064308ce,True,True
https://www.federalreserve.gov/newsevents/pressreleases/monetary20220316a1.htm,2022-03-16,"Federal Reserve Board - Implementation Note issued March 16, 2022",implementation_note_excluded,"Official page identifies Implementation Note; operational details associated with the statement, not a separate decision event",FOMC_2022-03-16_scheduled,official page date,https://www.federalreserve.gov/monetarypolicy/fomccalendars.htm,"eeting__minutes""> Minutes: PDF | HTML (Released February 16, 2022) March 15-16* Statement: PDF | HTML Implementation Note Press Conference Projection Ma",sources/ab7b269293f51a062829.html,5d420c7e45018f4542e3a81d9b529383e3a5a49255d76a2cc47cf99a08610c82,True,False
https://www.federalreserve.gov/newsevents/pressreleases/monetary20220504a.htm,2022-05-04,Federal Reserve issues FOMC statement,canonical_statement_retained,Official FOMC decision statement title/content and official meeting statement link,FOMC_2022-05-04_scheduled,official page date,https://www.federalreserve.gov/monetarypolicy/fomccalendars.htm,"y/fomcprojtable20220316.htm"">HTML Minutes: PDF | HTML (Released April 06, 2022) May 3-4 Statement: PDF | HTML Implementation Note <a href=""/monetarypolicy",sources/0de24675719c406ef01d.html,50750a8d4f42677ef4162edd06a8889c2e5a8de26ad3caf2f017dc00f1469d58,True,False
https://www.federalreserve.gov/newsevents/pressreleases/monetary20220504a1.htm,2022-05-04,"Federal Reserve Board - Implementation Note issued May 4, 2022",implementation_note_excluded,"Official page identifies Implementation Note; operational details associated with the statement, not a separate decision event",FOMC_2022-05-04_scheduled,official page date,https://www.federalreserve.gov/monetarypolicy/fomccalendars.htm,"Minutes: PDF | HTML (Released April 06, 2022) May 3-4 Statement: PDF | HTML Implementation Note Press Conference <a href=""/newsevents/pressrele",sources/d2d93657082ccfa98786.html,596cd46733e596dfb5de4bfebc94bd56ad3aae371a7974566ac6987af87d6820,True,False
https://www.federalreserve.gov/newsevents/pressreleases/monetary20220504b.htm,2022-05-04,Plans for Reducing the Size of the Federal Reserve's Balance Sheet,balance_sheet_companion_excluded,"Separate balance-sheet principles/normalization/plans companion, not the actual FOMC statement",FOMC_2022-05-04_scheduled,official page date,https://www.federalreserve.gov/monetarypolicy/fomccalendars.htm,"(Released April 06, 2022) May 3-4 Statement: PDF | HTML Implementation Note Press Conference Plans for Reducing the Size of the Federal Reserve's Balance Sheet Minutes: <a href=""/monetarypolicy/files/fomcminute",sources/af80a8a5a2e60bc4a05b.html,ce6f2eed88c0a3fd2c57acb00f54b23c674a12a9d17bf4c3e5ce62e1d22da272,True,True
https://www.federalreserve.gov/newsevents/pressreleases/monetary20220615a.htm,2022-06-15,Federal Reserve issues FOMC statement,canonical_statement_retained,Official FOMC decision statement title/content and official meeting statement link,FOMC_2022-06-15_scheduled,official page date,https://www.federalreserve.gov/monetarypolicy/fomccalendars.htm,"Reserve's Balance Sheet Minutes: PDF | HTML (Released May 25, 2022) June 14-15* Statement: PDF | HTML Implementation Note <a href=""/monetarypolicy",sources/6928012e1260f9c6e769.html,2b9853888312b45befa13ed8a24aa10f6933972e8fea83675c45df455cff5bc9,True,True
https://www.federalreserve.gov/newsevents/pressreleases/monetary20220615a1.htm,2022-06-15,"Federal Reserve Board - Implementation Note issued June 15, 2022",implementation_note_excluded,"Official page identifies Implementation Note; operational details associated with the statement, not a separate decision event",FOMC_2022-06-15_scheduled,official page date,https://www.federalreserve.gov/monetarypolicy/fomccalendars.htm,"fomc-meeting__minutes""> Minutes: PDF | HTML (Released May 25, 2022) June 14-15* Statement: PDF | HTML Implementation Note Press Conference Projection Materials",sources/a6cad0f0fcebf65797b1.html,312566d86b4482c739213e18e4e286c4017e5d0b6a887b997ee7ee2ec52cc8f0,True,False
https://www.federalreserve.gov/newsevents/pressreleases/monetary20220727a.htm,2022-07-27,Federal Reserve issues FOMC statement,canonical_statement_retained,Official FOMC decision statement title/content and official meeting statement link,FOMC_2022-07-27_scheduled,official page date,https://www.federalreserve.gov/monetarypolicy/fomccalendars.htm,"/fomcprojtabl20220615.htm"">HTML Minutes: PDF | HTML (Released July 06, 2022) July 26-27 Statement: PDF | HTML Implementation Note <a href=""/monetarypolicy",sources/a140cf97c2675d70cff7.html,9151034d4b69d66256e61b1360e33c7f7a969eebea5eeb8dbbfe48c09f25db2b,True,True
https://www.federalreserve.gov/newsevents/pressreleases/monetary20220727a1.htm,2022-07-27,"Federal Reserve Board - Implementation Note issued July 27, 2022",implementation_note_excluded,"Official page identifies Implementation Note; operational details associated with the statement, not a separate decision event",FOMC_2022-07-27_scheduled,official page date,https://www.federalreserve.gov/monetarypolicy/fomccalendars.htm,"Minutes: PDF | HTML (Released July 06, 2022) July 26-27 Statement: PDF | HTML Implementation Note Press Conference",sources/1bcd5b40cb084e6578ee.html,56860ad4be7da3424af707312c23a02139650224b28d9dc0cc2165c3acc46075,True,False
https://www.federalreserve.gov/newsevents/pressreleases/monetary20220921a.htm,2022-09-21,Federal Reserve issues FOMC statement,canonical_statement_retained,Official FOMC decision statement title/content and official meeting statement link,FOMC_2022-09-21_scheduled,official page date,https://www.federalreserve.gov/monetarypolicy/fomccalendars.htm,"Minutes: PDF | HTML (Released August 17, 2022) September 20-21* Statement: PDF | HTML Implementation Note <a href=""/monetarypolicy",sources/58df42f38c93efcc58a0.html,c309a00bb4e932765cacac504f74b3c066b41e7fa103b7f034f7f2afb87fef72,True,True
https://www.federalreserve.gov/newsevents/pressreleases/monetary20220921a1.htm,2022-09-21,"Federal Reserve Board - Implementation Note issued September 21, 2022",implementation_note_excluded,"Official page identifies Implementation Note; operational details associated with the statement, not a separate decision event",FOMC_2022-09-21_scheduled,official page date,https://www.federalreserve.gov/monetarypolicy/fomccalendars.htm,"ting__minutes""> Minutes: PDF | HTML (Released August 17, 2022) September 20-21* Statement: PDF | HTML Implementation Note Press Conference Projection Materials",sources/4bc2b5731e8748415178.html,ebf62332dc408b1240ccc6bc758117ba9c6d47295d3ac57c895f734514abc2b5,True,False
https://www.federalreserve.gov/newsevents/pressreleases/monetary20221102a.htm,2022-11-02,Federal Reserve issues FOMC statement,canonical_statement_retained,Official FOMC decision statement title/content and official meeting statement link,FOMC_2022-11-02_scheduled,official page date,https://www.federalreserve.gov/monetarypolicy/fomccalendars.htm,"projtabl20220921.htm"">HTML Minutes: PDF | HTML (Released October 12, 2022) November 1-2 Statement: PDF | HTML Implementation Note <a href=""/monetarypolicy",sources/aa3f7b32efaea03dcba4.html,45a6e2504aa0962b020748c6a8e229998824a3b09b2d312de00b184b2f273d1a,True,True
https://www.federalreserve.gov/newsevents/pressreleases/monetary20221102a1.htm,2022-11-02,"Federal Reserve Board - Implementation Note issued November 2, 2022",implementation_note_excluded,"Official page identifies Implementation Note; operational details associated with the statement, not a separate decision event",FOMC_2022-11-02_scheduled,official page date,https://www.federalreserve.gov/monetarypolicy/fomccalendars.htm,"v class=""col-xs-12 col-md-4 col-lg-4 fomc-meeting__minutes""> Minutes: PDF | HTML (Released October 12, 2022) November 1-2 Statement: PDF | HTML Implementation Note Press Conference",sources/90c35a0109006803a79c.html,8f7a99c55308ab49a88db3d8841784ceb7f50b086d1eeb6cbe325b8edfd1c5df,True,False
https://www.federalreserve.gov/newsevents/pressreleases/monetary20221214a.htm,2022-12-14,Federal Reserve issues FOMC statement,canonical_statement_retained,Official FOMC decision statement title/content and official meeting statement link,FOMC_2022-12-14_scheduled,official page date,https://www.federalreserve.gov/monetarypolicy/fomccalendars.htm,"Minutes: PDF | HTML (Released November 23, 2022) December 13-14* Statement: PDF | HTML Implementation Note <a href=""/monetarypolicy",sources/10e02b8f2fbff21d247a.html,c3750ef2db5ca85bf927c7b2e1c206df8eec779412861f1c5f74e1f5ecdde42a,True,True
https://www.federalreserve.gov/newsevents/pressreleases/monetary20221214a1.htm,2022-12-14,"Federal Reserve Board - Implementation Note issued December 14, 2022",implementation_note_excluded,"Official page identifies Implementation Note; operational details associated with the statement, not a separate decision event",FOMC_2022-12-14_scheduled,official page date,https://www.federalreserve.gov/monetarypolicy/fomccalendars.htm,"ing__minutes""> Minutes: PDF | HTML (Released November 23, 2022) December 13-14* Statement: PDF | HTML Implementation Note Press Conference Projection Materials",sources/b27c2a5b192adc5af8da.html,84ea229257ce6c8661731b893e2d85e05017d3615b0f02dba565e43425ba951c,True,False
https://www.federalreserve.gov/newsevents/pressreleases/monetary20230201a.htm,2023-02-01,Federal Reserve issues FOMC statement,canonical_statement_retained,Official FOMC decision statement title/content and official meeting statement link,FOMC_2023-02-01_scheduled,official page date,https://www.federalreserve.gov/monetarypolicy/fomccalendars.htm,": PDF | HTML (Released January 08, 2025) * Meeting associated with a Summary of Economic Projections. 2023 FOMC Meetings Jan/Feb 31-1 Statement: PDF | HTML Implementation Note <a href=""/monetarypolicy",sources/4ec9ec1a8787d648d126.html,f4951d766c3514f35a864ddbe46959ca702011699d61efab5c5285e63da4fa84,True,False
https://www.federalreserve.gov/newsevents/pressreleases/monetary20230201a1.htm,2023-02-01,"Federal Reserve Board - Implementation Note issued February 1, 2023",implementation_note_excluded,"Official page identifies Implementation Note; operational details associated with the statement, not a separate decision event",FOMC_2023-02-01_scheduled,official page date,https://www.federalreserve.gov/monetarypolicy/fomccalendars.htm,"f=""/monetarypolicy/fomcminutes20241218.htm"">HTML (Released January 08, 2025) * Meeting associated with a Summary of Economic Projections. 2023 FOMC Meetings Jan/Feb 31-1 Statement: PDF | HTML Implementation Note Press Conference <a href=""/newsevents/pressrele",sources/a9320225c42c5a4d88a1.html,52d4284a71598786bde4620596259f5a3a1f22602732df791360d04166076afd,True,False
https://www.federalreserve.gov/newsevents/pressreleases/monetary20230201b.htm,2023-02-01,"Federal Open Market Committee reaffirms its ""Statement on Longer-Run Goals and Monetary Policy Strategy""",strategy_document_excluded,Longer-run goals / policy strategy reaffirmation or update; not the contemporaneous decision statement,FOMC_2023-02-01_scheduled,official page date,https://www.federalreserve.gov/monetarypolicy/fomccalendars.htm,"ss=""panel panel-default""> 2023 FOMC Meetings Jan/Feb 31-1 Statement: PDF | HTML Implementation Note Press Conference Statement on Longer-Run Goals and Monetary Policy Strategy Minutes: <a href=""/monetarypolicy/files/fomcminute",sources/f6ea44e38c851b72166a.html,9120f99b700b37bd1092f17f0ef47d79a7c09961e4908058b80f79971386e0ed,True,True
https://www.federalreserve.gov/newsevents/pressreleases/monetary20230322a.htm,2023-03-22,Federal Reserve issues FOMC statement,canonical_statement_retained,Official FOMC decision statement title/content and official meeting statement link,FOMC_2023-03-22_scheduled,official page date,https://www.federalreserve.gov/monetarypolicy/fomccalendars.htm,"etary Policy Strategy Minutes: PDF | HTML (Released February 22, 2023) March 21-22* Statement: PDF | HTML Implementation Note <a href=""/monetarypolicy",sources/70b9e5d1d4faa76491f9.html,e8ec6639a9f25ed114d73b8edfa080d7d3ed15139ad4d583877c5eb318232aa2,True,True
https://www.federalreserve.gov/newsevents/pressreleases/monetary20230322a1.htm,2023-03-22,"Federal Reserve Board - Implementation Note issued March 22, 2023",implementation_note_excluded,"Official page identifies Implementation Note; operational details associated with the statement, not a separate decision event",FOMC_2023-03-22_scheduled,official page date,https://www.federalreserve.gov/monetarypolicy/fomccalendars.htm,"eeting__minutes""> Minutes: PDF | HTML (Released February 22, 2023) March 21-22* Statement: PDF | HTML Implementation Note Press Conference Projection Materials",sources/3fa6dfa3c7c6cc09b07e.html,e396e7012d04c095d8401f6f646dd7e53279fb6eefb4ed516420680bd451c823,True,False
https://www.federalreserve.gov/newsevents/pressreleases/monetary20230503a.htm,2023-05-03,Federal Reserve issues FOMC statement,canonical_statement_retained,Official FOMC decision statement title/content and official meeting statement link,FOMC_2023-05-03_scheduled,official page date,https://www.federalreserve.gov/monetarypolicy/fomccalendars.htm,"cy/fomcprojtabl20230322.htm"">HTML Minutes: PDF | HTML (Released April 12, 2023) May 2-3 Statement: PDF | HTML Implementation Note <a href=""/monetarypolicy",sources/61b2233f7df9df2a0339.html,4c494822b54d04738e7a06d46aa444f2c6428359b8cf8ff42c44e66872887f48,True,True
https://www.federalreserve.gov/newsevents/pressreleases/monetary20230503a1.htm,2023-05-03,"Federal Reserve Board - Implementation Note issued May 3, 2023",implementation_note_excluded,"Official page identifies Implementation Note; operational details associated with the statement, not a separate decision event",FOMC_2023-05-03_scheduled,official page date,https://www.federalreserve.gov/monetarypolicy/fomccalendars.htm,"Minutes: PDF | HTML (Released April 12, 2023) May 2-3 Statement: PDF | HTML Implementation Note Press Conference",sources/8960948d05bfbf6f3248.html,b3fd7cac237ede79620ece57c4baabc86fd1b78c631ed53a9de1545b987ca23b,True,False
https://www.federalreserve.gov/newsevents/pressreleases/monetary20230614a.htm,2023-06-14,Federal Reserve issues FOMC statement,canonical_statement_retained,Official FOMC decision statement title/content and official meeting statement link,FOMC_2023-06-14_scheduled,official page date,https://www.federalreserve.gov/monetarypolicy/fomccalendars.htm,"Minutes: PDF | HTML (Released May 24, 2023) June 13-14* Statement: PDF | HTML Implementation Note <a href=""/monetarypolicy",sources/898bfd32fc14d1a11630.html,e33d4a474c2a6e127c1e85ec7286668f7aca0422d18793e6c8f0591ad5091c17,True,True
https://www.federalreserve.gov/newsevents/pressreleases/monetary20230614a1.htm,2023-06-14,"Federal Reserve Board - Implementation Note issued June 14, 2023",implementation_note_excluded,"Official page identifies Implementation Note; operational details associated with the statement, not a separate decision event",FOMC_2023-06-14_scheduled,official page date,https://www.federalreserve.gov/monetarypolicy/fomccalendars.htm,"fomc-meeting__minutes""> Minutes: PDF | HTML (Released May 24, 2023) June 13-14* Statement: PDF | HTML Implementation Note Press Conference Projection Materials",sources/96471d2b36fe0ecdb403.html,c8731b325272bf82fbd784cf454d1d07a3946923ffc90725fda9183670f1cfae,True,False
https://www.federalreserve.gov/newsevents/pressreleases/monetary20230726a.htm,2023-07-26,Federal Reserve issues FOMC statement,canonical_statement_retained,Official FOMC decision statement title/content and official meeting statement link,FOMC_2023-07-26_scheduled,official page date,https://www.federalreserve.gov/monetarypolicy/fomccalendars.htm,"/fomcprojtabl20230614.htm"">HTML Minutes: PDF | HTML (Released July 05, 2023) July 25-26 Statement: PDF | HTML Implementation Note <a href=""/monetarypolicy",sources/0066398508675de109a6.html,94083dd765a045711e2afefd2151564591d463977db5b367ed0ae8188d4b2ab5,True,True
https://www.federalreserve.gov/newsevents/pressreleases/monetary20230726a1.htm,2023-07-26,"Federal Reserve Board - Implementation Note issued July 26, 2023",implementation_note_excluded,"Official page identifies Implementation Note; operational details associated with the statement, not a separate decision event",FOMC_2023-07-26_scheduled,official page date,https://www.federalreserve.gov/monetarypolicy/fomccalendars.htm,"Minutes: PDF | HTML (Released July 05, 2023) July 25-26 Statement: PDF | HTML Implementation Note Press Conference",sources/d02e4be0919a2c2b87ea.html,19500170ffaff2b14a10a6b441ccece6cde2616154fe5dc6ebfe0d3662638c8d,True,False
https://www.federalreserve.gov/newsevents/pressreleases/monetary20230920a.htm,2023-09-20,Federal Reserve issues FOMC statement,canonical_statement_retained,Official FOMC decision statement title/content and official meeting statement link,FOMC_2023-09-20_scheduled,official page date,https://www.federalreserve.gov/monetarypolicy/fomccalendars.htm,"Minutes: PDF | HTML (Released August 16, 2023) September 19-20* Statement: PDF | HTML Implementation Note <a href=""/monetarypolicy",sources/b4badfa0f7b2d9557e14.html,0000a3424a18c158d73123bc7e148c6a259c21870fb217bb112f2ad1c61bbfca,True,True
https://www.federalreserve.gov/newsevents/pressreleases/monetary20230920a1.htm,2023-09-20,"Federal Reserve Board - Implementation Note issued September 20, 2023",implementation_note_excluded,"Official page identifies Implementation Note; operational details associated with the statement, not a separate decision event",FOMC_2023-09-20_scheduled,official page date,https://www.federalreserve.gov/monetarypolicy/fomccalendars.htm,"ting__minutes""> Minutes: PDF | HTML (Released August 16, 2023) September 19-20* Statement: PDF | HTML Implementation Note Press Conference Projection Materials",sources/50474d217b3f15f79adc.html,e75cfb97b8ad9c05baf53f46318659ab2eaf718fa738912a9419db5a90ea6a53,True,False
https://www.federalreserve.gov/newsevents/pressreleases/monetary20231101a.htm,2023-11-01,Federal Reserve issues FOMC statement,canonical_statement_retained,Official FOMC decision statement title/content and official meeting statement link,FOMC_2023-11-01_scheduled,official page date,https://www.federalreserve.gov/monetarypolicy/fomccalendars.htm,"projtabl20230920.htm"">HTML Minutes: PDF | HTML (Released October 11, 2023) Oct/Nov 31-1 Statement: PDF | HTML Implementation Note <a href=""/monetarypolicy",sources/8446a9e98abd0d34522b.html,a6042568e1c4f140439edfdde21cc1d7715c88aee44c5ae334e5b2ffb3675011,True,True
https://www.federalreserve.gov/newsevents/pressreleases/monetary20231101a1.htm,2023-11-01,"Federal Reserve Board - Implementation Note issued November 1, 2023",implementation_note_excluded,"Official page identifies Implementation Note; operational details associated with the statement, not a separate decision event",FOMC_2023-11-01_scheduled,official page date,https://www.federalreserve.gov/monetarypolicy/fomccalendars.htm,"v class=""col-xs-12 col-md-4 col-lg-4 fomc-meeting__minutes""> Minutes: PDF | HTML (Released October 11, 2023) Oct/Nov 31-1 Statement: PDF | HTML Implementation Note Press Conference",sources/4d9f13f85c92cbd1b5dc.html,d90bfedc1bbf1d3559e8dad3e4cf49a909990b640e32824dfaf8a5e1563c7498,True,False
https://www.federalreserve.gov/newsevents/pressreleases/monetary20231213a.htm,2023-12-13,Federal Reserve issues FOMC statement,canonical_statement_retained,Official FOMC decision statement title/content and official meeting statement link,FOMC_2023-12-13_scheduled,official page date,https://www.federalreserve.gov/monetarypolicy/fomccalendars.htm,"Minutes: PDF | HTML (Released November 21, 2023) December 12-13* Statement: PDF | HTML Implementation Note <a href=""/monetarypolicy",sources/ea367bf0fd604cc02a63.html,5e938748c29cc6a3c2db97359953991f327d53532e3511f2bce95cd32779b7fd,True,True
https://www.federalreserve.gov/newsevents/pressreleases/monetary20231213a1.htm,2023-12-13,"Federal Reserve Board - Implementation Note issued December 13, 2023",implementation_note_excluded,"Official page identifies Implementation Note; operational details associated with the statement, not a separate decision event",FOMC_2023-12-13_scheduled,official page date,https://www.federalreserve.gov/monetarypolicy/fomccalendars.htm,"ing__minutes""> Minutes: PDF | HTML (Released November 21, 2023) December 12-13* Statement: PDF | HTML Implementation Note Press Conference Projection Materials",sources/c6ec5fe82b7efaaad6d4.html,14cd7dd818aad7b3bb36e6de508d5d2cd3bb7c257cbf6591871a15f025f89f06,True,False
https://www.federalreserve.gov/newsevents/pressreleases/monetary20240131a.htm,2024-01-31,Federal Reserve issues FOMC statement,canonical_statement_retained,Official FOMC decision statement title/content and official meeting statement link,FOMC_2024-01-31_scheduled,official page date,https://www.federalreserve.gov/monetarypolicy/fomccalendars.htm,"/strong> PDF | HTML (Released December 30, 2025) * Meeting associated with a Summary of Economic Projections. 2024 FOMC Meetings January 30-31 Statement: PDF | HTML Implementation Note <a href=""/monetarypolicy",sources/b2dc8ff1393a89d5327d.html,fae2dc6fe0847745371f64bf7b821cd9504d1e783e0d158d94834456f1e6eead,True,False
https://www.federalreserve.gov/newsevents/pressreleases/monetary20240131a1.htm,2024-01-31,"Federal Reserve Board - Implementation Note issued January 31, 2024",implementation_note_excluded,"Official page identifies Implementation Note; operational details associated with the statement, not a separate decision event",FOMC_2024-01-31_scheduled,official page date,https://www.federalreserve.gov/monetarypolicy/fomccalendars.htm,"""/monetarypolicy/fomcminutes20251210.htm"">HTML (Released December 30, 2025) * Meeting associated with a Summary of Economic Projections. 2024 FOMC Meetings January 30-31 Statement: PDF | HTML Implementation Note Press Conference <a href=""/newsevents/pressrele",sources/5034552bbdacaf6d27fe.html,afca12ee2fdee0f4fc84095544ccea8a4497df6cb28891eca32330f488f876e0,True,False
https://www.federalreserve.gov/newsevents/pressreleases/monetary20240131b.htm,2024-01-31,"Federal Open Market Committee reaffirms its ""Statement on Longer-Run Goals and Monetary Policy Strategy""",strategy_document_excluded,Longer-run goals / policy strategy reaffirmation or update; not the contemporaneous decision statement,FOMC_2024-01-31_scheduled,official page date,https://www.federalreserve.gov/monetarypolicy/fomccalendars.htm,"s=""panel panel-default""> 2024 FOMC Meetings January 30-31 Statement: PDF | HTML Implementation Note Press Conference Statement on Longer-Run Goals and Monetary Policy Strategy Minutes: <a href=""/monetarypolicy/files/fomcminute",sources/42caaadf6aa70ca9db13.html,d5b2115fe90eae1d72538df1e7d8ec68bc687d5dee6eebcccca128efd69c229f,True,True
https://www.federalreserve.gov/newsevents/pressreleases/monetary20240320a.htm,2024-03-20,Federal Reserve issues FOMC statement,canonical_statement_retained,Official FOMC decision statement title/content and official meeting statement link,FOMC_2024-03-20_scheduled,official page date,https://www.federalreserve.gov/monetarypolicy/fomccalendars.htm,"etary Policy Strategy Minutes: PDF | HTML (Released February 21, 2024) March 19-20* Statement: PDF | HTML Implementation Note <a href=""/monetarypolicy",sources/6428698cac4a430da4d4.html,54ce24042241507439a0dcb6b33ed93daf170a55908466e6d83992a3e5570cd0,True,True
https://www.federalreserve.gov/newsevents/pressreleases/monetary20240320a1.htm,2024-03-20,"Federal Reserve Board - Implementation Note issued March 20, 2024",implementation_note_excluded,"Official page identifies Implementation Note; operational details associated with the statement, not a separate decision event",FOMC_2024-03-20_scheduled,official page date,https://www.federalreserve.gov/monetarypolicy/fomccalendars.htm,"eeting__minutes""> Minutes: PDF | HTML (Released February 21, 2024) March 19-20* Statement: PDF | HTML Implementation Note Press Conference Projection Materials",sources/19618ca1b069b9421cb0.html,2254b4c916c8393fbf86c52da37656e1f24c02911f1cb33084e445ebccd90cc9,True,False
https://www.federalreserve.gov/newsevents/pressreleases/monetary20240501a.htm,2024-05-01,Federal Reserve issues FOMC statement,canonical_statement_retained,Official FOMC decision statement title/content and official meeting statement link,FOMC_2024-05-01_scheduled,official page date,https://www.federalreserve.gov/monetarypolicy/fomccalendars.htm,"mcprojtabl20240320.htm"">HTML Minutes: PDF | HTML (Released April 10, 2024) Apr/May 30-1 Statement: PDF | HTML Implementation Note <a href=""/monetarypolicy",sources/b05f069ca7ace15f9b15.html,db262c83bb9115896110d851c83a01fcbe1956ef5d358136bea55e4bbb076326,True,True
https://www.federalreserve.gov/newsevents/pressreleases/monetary20240501a1.htm,2024-05-01,"Federal Reserve Board - Implementation Note issued May 1, 2024",implementation_note_excluded,"Official page identifies Implementation Note; operational details associated with the statement, not a separate decision event",FOMC_2024-05-01_scheduled,official page date,https://www.federalreserve.gov/monetarypolicy/fomccalendars.htm,"div class=""col-xs-12 col-md-4 col-lg-4 fomc-meeting__minutes""> Minutes: PDF | HTML (Released April 10, 2024) Apr/May 30-1 Statement: PDF | HTML Implementation Note Press Conference",sources/8e54eb97cc094dc3f186.html,6fc339d920d2592b858bd979047e420b073a411b7e511be7166017b14f7cb089,True,False
https://www.federalreserve.gov/newsevents/pressreleases/monetary20240612a.htm,2024-06-12,Federal Reserve issues FOMC statement,canonical_statement_retained,Official FOMC decision statement title/content and official meeting statement link,FOMC_2024-06-12_scheduled,official page date,https://www.federalreserve.gov/monetarypolicy/fomccalendars.htm,"Minutes: PDF | HTML (Released May 22, 2024) June 11-12* Statement: PDF | HTML Implementation Note <a href=""/monetarypolicy",sources/c27b2c77f1ff6efa9062.html,fca72ee6f39945cdfb18d48caf5d39f690f4f486c254984b5b871340bbb312eb,True,True
https://www.federalreserve.gov/newsevents/pressreleases/monetary20240612a1.htm,2024-06-12,"Federal Reserve Board - Implementation Note issued June 12, 2024",implementation_note_excluded,"Official page identifies Implementation Note; operational details associated with the statement, not a separate decision event",FOMC_2024-06-12_scheduled,official page date,https://www.federalreserve.gov/monetarypolicy/fomccalendars.htm,"fomc-meeting__minutes""> Minutes: PDF | HTML (Released May 22, 2024) June 11-12* Statement: PDF | HTML Implementation Note Press Conference Projection Materials",sources/cd057c43ba81d00032b0.html,6ab2a9457405ceaae89c4c364cea4b8aa5cba3e02e7d324b0e87f4842c69df45,True,False
https://www.federalreserve.gov/newsevents/pressreleases/monetary20240731a.htm,2024-07-31,Federal Reserve issues FOMC statement,canonical_statement_retained,Official FOMC decision statement title/content and official meeting statement link,FOMC_2024-07-31_scheduled,official page date,https://www.federalreserve.gov/monetarypolicy/fomccalendars.htm,"/fomcprojtabl20240612.htm"">HTML Minutes: PDF | HTML (Released July 03, 2024) July 30-31 Statement: PDF | HTML Implementation Note <a href=""/monetarypolicy",sources/3c79c8aba3af5f77cac5.html,baa4335c4275c1e2b35b9b1dd84048898094130ecc40041928fd817a83568844,True,True
https://www.federalreserve.gov/newsevents/pressreleases/monetary20240731a1.htm,2024-07-31,"Federal Reserve Board - Implementation Note issued July 31, 2024",implementation_note_excluded,"Official page identifies Implementation Note; operational details associated with the statement, not a separate decision event",FOMC_2024-07-31_scheduled,official page date,https://www.federalreserve.gov/monetarypolicy/fomccalendars.htm,"Minutes: PDF | HTML (Released July 03, 2024) July 30-31 Statement: PDF | HTML Implementation Note Press Conference",sources/1aaf869c737c247ce561.html,9ba38267c745ba3a7d0f137f27820969754808a18d2386ab532323e63e5f6538,True,False
https://www.federalreserve.gov/newsevents/pressreleases/monetary20240918a.htm,2024-09-18,Federal Reserve issues FOMC statement,canonical_statement_retained,Official FOMC decision statement title/content and official meeting statement link,FOMC_2024-09-18_scheduled,official page date,https://www.federalreserve.gov/monetarypolicy/fomccalendars.htm,"Minutes: PDF | HTML (Released August 21, 2024) September 17-18* Statement: PDF | HTML Implementation Note <a href=""/monetarypolicy",sources/013762f63e2b871e6e51.html,a0e00e043244fa12c187f4333497e27518eedabb2131a481ee9f54fceaa042cf,True,True
https://www.federalreserve.gov/newsevents/pressreleases/monetary20240918a1.htm,2024-09-18,"Federal Reserve Board - Implementation Note issued September 18, 2024",implementation_note_excluded,"Official page identifies Implementation Note; operational details associated with the statement, not a separate decision event",FOMC_2024-09-18_scheduled,official page date,https://www.federalreserve.gov/monetarypolicy/fomccalendars.htm,"ting__minutes""> Minutes: PDF | HTML (Released August 21, 2024) September 17-18* Statement: PDF | HTML Implementation Note Press Conference Projection Materials",sources/37d4e113051f725dc4ed.html,5374562a5d8d85d25504bf42173890e86eb66a10a047d749e81f91a228d3606a,True,False
https://www.federalreserve.gov/newsevents/pressreleases/monetary20241107a.htm,2024-11-07,Federal Reserve issues FOMC statement,canonical_statement_retained,Official FOMC decision statement title/content and official meeting statement link,FOMC_2024-11-07_scheduled,official page date,https://www.federalreserve.gov/monetarypolicy/fomccalendars.htm,"projtabl20240918.htm"">HTML Minutes: PDF | HTML (Released October 09, 2024) November 6-7 Statement: PDF | HTML Implementation Note <a href=""/monetarypolicy",sources/3dc4051aeffabd7687ca.html,246b7cb1839eb5de17e077b7bdf750a93fc1d56c41303d6c988cb2c94505eac1,True,True
https://www.federalreserve.gov/newsevents/pressreleases/monetary20241107a1.htm,2024-11-07,"Federal Reserve Board - Implementation Note issued November 7, 2024",implementation_note_excluded,"Official page identifies Implementation Note; operational details associated with the statement, not a separate decision event",FOMC_2024-11-07_scheduled,official page date,https://www.federalreserve.gov/monetarypolicy/fomccalendars.htm,"v class=""col-xs-12 col-md-4 col-lg-4 fomc-meeting__minutes""> Minutes: PDF | HTML (Released October 09, 2024) November 6-7 Statement: PDF | HTML Implementation Note Press Conference",sources/d0024d8cafe9884e019d.html,fb9c963bb9c2c784eff591b4ba574154421666649c0bda403209c7299bab6c6f,True,False
https://www.federalreserve.gov/newsevents/pressreleases/monetary20241218a.htm,2024-12-18,Federal Reserve issues FOMC statement,canonical_statement_retained,Official FOMC decision statement title/content and official meeting statement link,FOMC_2024-12-18_scheduled,official page date,https://www.federalreserve.gov/monetarypolicy/fomccalendars.htm,"Minutes: PDF | HTML (Released November 26, 2024) December 17-18* Statement: PDF | HTML Implementation Note <a href=""/monetarypolicy",sources/a75d3852de195f91e4bf.html,705e10f490e9c2fad361a1441addbaa9aa22e32f3b57e747a75cf47d856ce7c9,True,True
https://www.federalreserve.gov/newsevents/pressreleases/monetary20241218a1.htm,2024-12-18,"Federal Reserve Board - Implementation Note issued December 18, 2024",implementation_note_excluded,"Official page identifies Implementation Note; operational details associated with the statement, not a separate decision event",FOMC_2024-12-18_scheduled,official page date,https://www.federalreserve.gov/monetarypolicy/fomccalendars.htm,"ing__minutes""> Minutes: PDF | HTML (Released November 26, 2024) December 17-18* Statement: PDF | HTML Implementation Note Press Conference Projection Materials",sources/fe6ad1bdc0930d863662.html,7417e5d992683155aa7e103ce32920d87506b0ba2f53cc10d54aa785f6232730,True,False
https://www.federalreserve.gov/newsevents/pressreleases/monetary20180131a.htm,2018-01-31,Federal Reserve issues FOMC statement,previously_missing_canonical_statement_recovered,canonical public statement absent from prior retained verified timestamp dataset,FOMC_2018-01-31_scheduled,,,,,,True,False
https://www.federalreserve.gov/newsevents/pressreleases/monetary20190130a.htm,2019-01-30,Federal Reserve issues FOMC statement,previously_missing_canonical_statement_recovered,canonical public statement absent from prior retained verified timestamp dataset,FOMC_2019-01-30_scheduled,,,,,,True,False
https://www.federalreserve.gov/newsevents/pressreleases/monetary20190320a.htm,2019-03-20,Federal Reserve issues FOMC statement,previously_missing_canonical_statement_recovered,canonical public statement absent from prior retained verified timestamp dataset,FOMC_2019-03-20_scheduled,,,,,,True,False
https://www.federalreserve.gov/newsevents/pressreleases/monetary20210127a.htm,2021-01-27,Federal Reserve issues FOMC statement,previously_missing_canonical_statement_recovered,canonical public statement absent from prior retained verified timestamp dataset,FOMC_2021-01-27_scheduled,,,,,,True,False
https://www.federalreserve.gov/newsevents/pressreleases/monetary20220126a.htm,2022-01-26,Federal Reserve issues FOMC statement,previously_missing_canonical_statement_recovered,canonical public statement absent from prior retained verified timestamp dataset,FOMC_2022-01-26_scheduled,,,,,,True,False
https://www.federalreserve.gov/newsevents/pressreleases/monetary20220504a.htm,2022-05-04,Federal Reserve issues FOMC statement,previously_missing_canonical_statement_recovered,canonical public statement absent from prior retained verified timestamp dataset,FOMC_2022-05-04_scheduled,,,,,,True,False
https://www.federalreserve.gov/newsevents/pressreleases/monetary20230201a.htm,2023-02-01,Federal Reserve issues FOMC statement,previously_missing_canonical_statement_recovered,canonical public statement absent from prior retained verified timestamp dataset,FOMC_2023-02-01_scheduled,,,,,,True,False
https://www.federalreserve.gov/newsevents/pressreleases/monetary20240131a.htm,2024-01-31,Federal Reserve issues FOMC statement,previously_missing_canonical_statement_recovered,canonical public statement absent from prior retained verified timestamp dataset,FOMC_2024-01-31_scheduled,,,,,,True,False
