model_id,fold,decile,observations,mean_probability,positive_rate,mean_r,pf
C0_legacy_label,2018_2020,1,105808,0.16231938921953482,0.3507768788749433,-0.30883013614464566,0.521531429617961
C0_legacy_label,2018_2020,2,105808,0.24213113842886091,0.3485464237108725,-0.3067816044722177,0.5302244867865807
C0_legacy_label,2018_2020,3,105808,0.31174695225533633,0.3641690609405716,-0.2964498359052046,0.5396148707878935
C0_legacy_label,2018_2020,4,105808,0.36873294287467534,0.35965144412520794,-0.28794737228238243,0.5581069234573613
C0_legacy_label,2018_2020,5,105808,0.4172664068393667,0.3466562074701346,-0.30032160557011744,0.5512646872779893
C0_legacy_label,2018_2020,6,105808,0.46301412617718146,0.33354755784061696,-0.3144500038077308,0.53959265261905
C0_legacy_label,2018_2020,7,105808,0.5080955330320193,0.31962611522758205,-0.32406587904882844,0.5332659411567843
C0_legacy_label,2018_2020,8,105808,0.5579325471427723,0.3115832451232421,-0.32976247396241626,0.52574899801129
C0_legacy_label,2018_2020,9,105808,0.6172478529554929,0.30078065930742476,-0.34876984376647335,0.4984174274537566
C0_legacy_label,2018_2020,10,105808,0.7087018176435559,0.2988715409042795,-0.3651276310210249,0.45700618939867726
C0_legacy_label,2021_2022,1,70820,0.2987373293590761,0.36755153911324484,-0.25133918197252786,0.6207799478501476
C0_legacy_label,2021_2022,2,70820,0.3694133792387096,0.3651510872634849,-0.2604343677653339,0.6072822663696604
C0_legacy_label,2021_2022,3,70820,0.4043227212471465,0.3590652358090935,-0.2741915767042104,0.5908074513261297
C0_legacy_label,2021_2022,4,70819,0.4316223333820331,0.362967565201429,-0.26371426864766273,0.6037744181042639
C0_legacy_label,2021_2022,5,70820,0.4559749375011449,0.3703191188929681,-0.24778579153629499,0.6250938420103296
C0_legacy_label,2021_2022,6,70820,0.4797483560818294,0.36861056198813896,-0.24244064088185374,0.633424055741614
C0_legacy_label,2021_2022,7,70819,0.5048125688701013,0.356698061254748,-0.2581991941143675,0.6155565178318428
C0_legacy_label,2021_2022,8,70820,0.5336649534990814,0.3463710816153629,-0.26949326036903787,0.6034889614829351
C0_legacy_label,2021_2022,9,70820,0.5710157044179289,0.34583451002541654,-0.2656703399981176,0.6085737380853882
C0_legacy_label,2021_2022,10,70819,0.6503068590188087,0.31114531411062,-0.334481789637792,0.5275957002605114
C0_legacy_label,2023_2024,1,70802,0.271409424332851,0.39377418716985396,-0.1871768850681399,0.7049442320099454
C0_legacy_label,2023_2024,2,70802,0.3363158780839301,0.37843563741137254,-0.2136342036942003,0.6715386197983989
C0_legacy_label,2023_2024,3,70802,0.3825823039600214,0.37740459309059066,-0.2141597200610726,0.6699131259359371
C0_legacy_label,2023_2024,4,70802,0.41734206281908187,0.37296969012174797,-0.20035494450246938,0.694102054408394
C0_legacy_label,2023_2024,5,70802,0.4461595309431925,0.3721646281178498,-0.20283089832354487,0.6906420408297794
C0_legacy_label,2023_2024,6,70802,0.4742799799394003,0.3805259738425468,-0.19943504974704498,0.692090410450596
C0_legacy_label,2023_2024,7,70802,0.5026287549625685,0.390299709047767,-0.194065262074236,0.6951952879313187
C0_legacy_label,2023_2024,8,70802,0.5311720272648898,0.38891556735685434,-0.1984578034512241,0.6900012626773206
C0_legacy_label,2023_2024,9,70802,0.5641320981395732,0.37847800909578827,-0.2165503992032934,0.6676739443310399
C0_legacy_label,2023_2024,10,70802,0.6258230633322949,0.3835626112256716,-0.18436655659495307,0.7094214863049177
C0_legacy_label,pooled,1,247430,0.20657611695617992,0.3565937841005537,-0.28980465483285595,0.5523353498401494
C0_legacy_label,pooled,2,247430,0.3096067202352347,0.3711837691468294,-0.2547996260227148,0.6071813496545987
C0_legacy_label,pooled,3,247430,0.36662806449853597,0.36712201430707675,-0.2584026640678523,0.6047018797825237
C0_legacy_label,pooled,4,247429,0.4076750205110447,0.36024071551839115,-0.2600554725720264,0.6084649933941673
C0_legacy_label,pooled,5,247430,0.4413283614720513,0.3610556521036253,-0.25210515994582305,0.6201797667311633
C0_legacy_label,pooled,6,247430,0.4729689412242655,0.3611849816109607,-0.25198901583344296,0.6206233063044715
C0_legacy_label,pooled,7,247429,0.5050857307822231,0.3569832153870403,-0.25632428538402047,0.6155198181982836
C0_legacy_label,pooled,8,247430,0.5402965865167761,0.3507537485349392,-0.2628769528516353,0.608622062882879
C0_legacy_label,pooled,9,247430,0.585229918341559,0.33834215737784423,-0.27982338761060704,0.5868991306508433
C0_legacy_label,pooled,10,247429,0.6755053612006158,0.31159241641036417,-0.3337734413054097,0.5092550818800459
C1_execution_aligned_label,2018_2020,1,105808,0.3349260715995185,0.2693652653863602,-0.40592850634280475,0.4156881228552418
C1_execution_aligned_label,2018_2020,2,105808,0.43327102961003755,0.29769960683502195,-0.3430771464864967,0.5200947152475567
C1_execution_aligned_label,2018_2020,3,105808,0.462770973979068,0.29116890972327236,-0.35922220538623983,0.5016461370272294
C1_execution_aligned_label,2018_2020,4,105808,0.48395183985230694,0.29170762135188266,-0.360085184503123,0.5004640618701142
C1_execution_aligned_label,2018_2020,5,105808,0.5026574165325256,0.29576213518826555,-0.3544660953930517,0.5049156515938757
C1_execution_aligned_label,2018_2020,6,105808,0.522238491522451,0.3005065779525178,-0.35246493715410954,0.505150420746494
C1_execution_aligned_label,2018_2020,7,105808,0.5454722085180972,0.31787766520489946,-0.320290735893854,0.5367500356377799
C1_execution_aligned_label,2018_2020,8,105808,0.5768208856913113,0.35007749886587025,-0.28267271264865856,0.5684562553768727
C1_execution_aligned_label,2018_2020,9,105808,0.6243125459447708,0.4182481475880841,-0.22988446614702518,0.6077508398136937
C1_execution_aligned_label,2018_2020,10,105808,0.6918782388458233,0.501795705428701,-0.17441439602567838,0.6453010376909852
C1_execution_aligned_label,2021_2022,1,70820,0.33986017171801636,0.27879130189212087,-0.3673289550704904,0.5105808784497726
C1_execution_aligned_label,2021_2022,2,70820,0.385442680945692,0.28991810223100817,-0.3366276093102225,0.5499450538232085
C1_execution_aligned_label,2021_2022,3,70820,0.4098669427034882,0.2924738774357526,-0.32419482454487814,0.5630267366091644
C1_execution_aligned_label,2021_2022,4,70819,0.4295886161215625,0.29629054349821377,-0.316902693808451,0.5701447905417523
C1_execution_aligned_label,2021_2022,5,70820,0.449352677106285,0.3050691894944931,-0.305920512866938,0.5798826035639919
C1_execution_aligned_label,2021_2022,6,70820,0.47387857515027176,0.3309517085569048,-0.2739409463665738,0.6079570147579447
C1_execution_aligned_label,2021_2022,7,70819,0.507263737582644,0.3574746889958909,-0.25631889026417204,0.6171907776748506
C1_execution_aligned_label,2021_2022,8,70820,0.545876312166646,0.40148263202485174,-0.21100417611768038,0.6605480226704409
C1_execution_aligned_label,2021_2022,9,70820,0.6017102683585298,0.46142332674385766,-0.17000297755975816,0.6941149368982723
C1_execution_aligned_label,2021_2022,10,70819,0.6691780841502557,0.5398410031206314,-0.10550631700084503,0.7757029002711064
C1_execution_aligned_label,2023_2024,1,70802,0.3608816645012219,0.28983644529815544,-0.31564699123850615,0.5662996307262529
C1_execution_aligned_label,2023_2024,2,70802,0.4063981351040941,0.30257619841247424,-0.265705407229427,0.6359048901874498
C1_execution_aligned_label,2023_2024,3,70802,0.4300246468247244,0.30935566791898533,-0.2524238896385224,0.6548353465852167
C1_execution_aligned_label,2023_2024,4,70802,0.4506971572342776,0.32141747408265303,-0.23225778482513462,0.676016249890749
C1_execution_aligned_label,2023_2024,5,70802,0.47395668656357076,0.3409225728086777,-0.21182611110801253,0.6952802541147245
C1_execution_aligned_label,2023_2024,6,70802,0.5037164545332636,0.3687325216801785,-0.1894498976096086,0.7141519945337754
C1_execution_aligned_label,2023_2024,7,70802,0.5429793735804294,0.40517217027767577,-0.16991841030657906,0.7269447783203978
C1_execution_aligned_label,2023_2024,8,70802,0.5818720354639485,0.43853280980763254,-0.15751210106669966,0.7306891357607374
C1_execution_aligned_label,2023_2024,9,70802,0.6383347543913181,0.49885596452077624,-0.1193989573606126,0.7684262185148015
C1_execution_aligned_label,2023_2024,10,70802,0.6993237956897448,0.5411287816728341,-0.09689217233707592,0.7931684171439239
C1_execution_aligned_label,pooled,1,247430,0.3402657827502062,0.278264559673443,-0.3651986865174341,0.49584388686763325
C1_execution_aligned_label,pooled,2,247430,0.40665714636192707,0.29524714060542373,-0.3137885563217095,0.572027994963274
C1_execution_aligned_label,pooled,3,247430,0.43443858652532485,0.30163682657721375,-0.30255184787145967,0.5844659640522423
C1_execution_aligned_label,pooled,4,247429,0.45840047076208085,0.3091553536570087,-0.2983542037058417,0.5838075127153507
C1_execution_aligned_label,pooled,5,247430,0.4824506759283417,0.3167158388231015,-0.29967593863445524,0.5747915251729221
C1_execution_aligned_label,pooled,6,247430,0.507450970513151,0.32397445742230124,-0.3011412909522624,0.5667671056045148
C1_execution_aligned_label,pooled,7,247429,0.535884697279673,0.3469075977351079,-0.27555184924969733,0.5890429655584878
C1_execution_aligned_label,pooled,8,247430,0.5711065266132161,0.38762074121973894,-0.2277803040784265,0.6366743317126641
C1_execution_aligned_label,pooled,9,247430,0.621780394745139,0.4524390736774037,-0.18228624610940486,0.6733911937721788
C1_execution_aligned_label,pooled,10,247429,0.6892403950206695,0.5230914727053013,-0.13362516057222326,0.7214634681339611
